sample_index,mac_horizontal_shift,mac_vertical_shift,dwl_pct_loss,price,mitigation,mitigation_pct
mac_p001_h0_v0,0.0,0.0,5.000112125995484,204.07622088614696,0.6273845568117368,62.738455681173676
mac_p012_h0p05_v0,0.05,0.0,4.731254731959855,212.7201238946324,0.591251041163786,59.1251041163786
mac_p023_h0p1_v0,0.1,0.0,4.435019586135565,223.09107766134755,0.55732638554954,55.73263855495399
mac_p034_h0p15_v0,0.15,0.0,4.124035420100005,231.77232545728697,0.5203414861513094,52.03414861513094
mac_p045_h0p2_v0,0.2,0.0,3.808279401177983,242.0162939922943,0.4852159708204522,48.52159708204522
mac_p056_h0p25_v0,0.25,0.0,3.460616851041448,251.37692737854832,0.4483780220547455,44.837802205474546
mac_p067_h0p3_v0,0.3,0.0,3.098477873628393,260.56451085908884,0.4109216114305667,41.09216114305667
mac_p078_h0p35_v0,0.35,0.0,2.7177759223929874,269.94134646999294,0.3733620886450107,37.33620886450107
mac_p089_h0p4_v0,0.4,0.0,2.3460118628372837,278.63505318901025,0.3345875638538265,33.45875638538265
mac_p100_h0p45_v0,0.45,0.0,1.9822422384891143,288.26541411463677,0.296694182661549,29.6694182661549
mac_p111_h0p5_v0,0.5,0.0,1.5990168278194847,296.59701882473405,0.2569036106242326,25.69036106242326
mac_p002_h0_v25,0.0,25.0,4.45345716372988,212.6810998393166,0.5963863316446364,59.63863316446364
mac_p013_h0p05_v25,0.05,25.0,4.194427372134645,222.51051598111377,0.5632576283691346,56.32576283691346
mac_p024_h0p1_v25,0.1,25.0,3.920116148259034,231.1576099553868,0.5275784308730277,52.75784308730277
mac_p035_h0p15_v25,0.15,25.0,3.6389495030982175,240.1524072016248,0.4919923062498733,49.19923062498733
mac_p046_h0p2_v25,0.2,25.0,3.3330838862316767,250.17463124437631,0.4575106908039159,45.75106908039159
mac_p057_h0p25_v25,0.25,25.0,3.013608985238905,258.7617360213723,0.4203813525001358,42.03813525001358
mac_p068_h0p3_v25,0.3,25.0,2.6693112426445,268.21605198504955,0.3841258798025271,38.41258798025271
mac_p079_h0p35_v25,0.35,25.0,2.318743029814479,276.4856181988499,0.3458028343758934,34.58028343758934
mac_p090_h0p4_v25,0.4,25.0,1.9915584702668176,284.9428904426073,0.3074299963966523,30.742999639665232
mac_p101_h0p45_v25,0.45,25.0,1.638365648273505,294.50357885206955,0.2702113380318655,27.021133803186547
mac_p112_h0p5_v25,0.5,25.0,1.3042454946424311,301.75428739606457,0.2296607689375915,22.966076893759148
mac_p003_h0_v50,0.0,50.0,3.9206748335323143,222.55382112832177,0.5654037036593507,56.54037036593507
mac_p014_h0p05_v50,0.05,50.0,3.678972192765427,231.2003574407057,0.5313543347992181,53.135433479921815
mac_p025_h0p1_v50,0.1,50.0,3.4282159740935008,239.6114295484682,0.4963301701352606,49.63301701352606
mac_p036_h0p15_v50,0.15,50.0,3.1629056046688224,249.16927870940293,0.4627460826301152,46.274608263011515
mac_p047_h0p2_v50,0.2,50.0,2.8860908845647293,257.50736092819193,0.4265791008835535,42.65791008835535
mac_p058_h0p25_v50,0.25,50.0,2.584461368848521,267.0421584134094,0.3918777464565711,39.18777464565711
mac_p069_h0p3_v50,0.3,50.0,2.257682729197313,275.08488762062916,0.3543777713127837,35.43777713127837
mac_p080_h0p35_v50,0.35,50.0,1.9561892974326245,283.19948328909004,0.3166365445327673,31.66365445327673
mac_p091_h0p4_v50,0.4,50.0,1.6418381689852286,292.39771012064637,0.280128027315556,28.012802731555603
mac_p102_h0p45_v50,0.45,50.0,1.3293690832556515,299.50703892537757,0.2402769670845537,24.02769670845537
mac_p113_h0p5_v50,0.5,50.0,1.0407563883505984,307.7606940360518,0.2017706536891804,20.17706536891804
mac_p004_h0_v75,0.0,75.0,3.403653922145496,231.80818227125147,0.5307945019680627,53.07945019680626
mac_p015_h0p05_v75,0.05,75.0,3.185895332169554,239.78949170466583,0.4967342139078622,49.673421390786224
mac_p026_h0p1_v75,0.1,75.0,2.9555032715388165,248.4699966877461,0.4634334801793953,46.343348017939526
mac_p037_h0p15_v75,0.15,75.0,2.718007316350371,257.4047341552761,0.4299790396053836,42.99790396053836
mac_p048_h0p2_v75,0.2,75.0,2.453636664398265,266.0901682255024,0.395482777419592,39.5482777419592
mac_p059_h0p25_v75,0.25,75.0,2.1680989439787375,274.4143718063196,0.3598416934189652,35.98416934189652
mac_p070_h0p3_v75,0.3,75.0,1.883895226143388,282.07178310187857,0.3226455296033636,32.26455296033636
mac_p081_h0p35_v75,0.35,75.0,1.6042624356474422,290.34139690012506,0.2860634595069569,28.60634595069569
mac_p092_h0p4_v75,0.4,75.0,1.32150879071277,298.2385287127224,0.2485027973846737,24.85027973846737
mac_p103_h0p45_v75,0.45,75.0,1.0552648874270942,306.2568545578213,0.2107801590272313,21.07801590272313
mac_p114_h0p5_v75,0.5,75.0,0.7988850076669248,313.5860930296484,0.1717078634694297,17.170786346942972
mac_p005_h0_v100,0.0,100.0,2.9140449054351403,241.2334827369911,0.493578993663132,49.3578993663132
mac_p016_h0p05_v100,0.05,100.0,2.7196436533751394,248.73397548674848,0.4598859436847535,45.98859436847535
mac_p027_h0p1_v100,0.1,100.0,2.507711947875908,257.6858939112737,0.4285825242284524,42.85825242284524
mac_p038_h0p15_v100,0.15,100.0,2.2876484278929152,265.4721058373487,0.3942171728157036,39.42171728157036
mac_p049_h0p2_v100,0.2,100.0,2.0465270909595605,274.09282120454463,0.3608977711142972,36.08977711142972
mac_p060_h0p25_v100,0.25,100.0,1.7818532701422525,282.08320449608726,0.3258089205314681,32.58089205314681
mac_p071_h0p3_v100,0.3,100.0,1.5310537265629052,288.9282632007717,0.2881894218407196,28.81894218407196
mac_p082_h0p35_v100,0.35,100.0,1.2823416316674658,297.172443758229,0.2526484575096958,25.264845750969577
mac_p093_h0p4_v100,0.4,100.0,1.041464596128298,304.4072300325768,0.2149538790764883,21.49538790764883
mac_p104_h0p45_v100,0.45,100.0,0.8079605290132895,312.56687408972573,0.1784280787499729,17.84280787499729
mac_p115_h0p5_v100,0.5,100.0,0.5901977756122626,318.9044149382415,0.1386135086442077,13.861350864420771
mac_p006_h0_v125,0.0,125.0,2.453566558615203,250.1259164503733,0.4515910658919081,45.15910658919081
mac_p017_h0p05_v125,0.05,125.0,2.273146084344025,258.67497151120693,0.4219604217773878,42.19604217773878
mac_p028_h0p1_v125,0.1,125.0,2.088241862642798,266.4940542839713,0.38979254182674,38.979254182674
mac_p039_h0p15_v125,0.15,125.0,1.8897869159850964,274.3554452934084,0.3570149660081566,35.70149660081566
mac_p050_h0p2_v125,0.2,125.0,1.6520801177601538,282.2355365309496,0.3236216889958523,32.36216889958523
mac_p061_h0p25_v125,0.25,125.0,1.427648326177431,288.6056539823345,0.2865988583946482,28.65988583946482
mac_p072_h0p3_v125,0.3,125.0,1.2139856373467892,296.31435638126743,0.2518034793067508,25.18034793067508
mac_p083_h0p35_v125,0.35,125.0,0.9986487403249712,304.1713075757876,0.2167735719173929,21.67735719173929
mac_p094_h0p4_v125,0.4,125.0,0.7944308406552081,312.3184157101333,0.1817722103156712,18.17722103156712
mac_p105_h0p45_v125,0.45,125.0,0.5891052756616759,318.15816182001413,0.1422142646585436,14.221426465854359
mac_p116_h0p5_v125,0.5,125.0,0.4227308896913874,324.65535328536083,0.1035454282781666,10.35454282781666
mac_p007_h0_v150,0.0,150.0,2.0210631220091537,260.5732654922566,0.4093245240826298,40.93245240826298
mac_p018_h0p05_v150,0.05,150.0,1.8613520684667384,268.2223899315859,0.3794109871356066,37.94109871356066
mac_p029_h0p1_v150,0.1,150.0,1.6988858879693358,275.4665467848844,0.3476172073154585,34.76172073154585
mac_p040_h0p15_v150,0.15,150.0,1.500024584340531,283.33429614699213,0.3165659193615863,31.65659193615863
mac_p051_h0p2_v150,0.2,150.0,1.3033841782918625,289.68157536167405,0.2812745331180941,28.127453311809408
mac_p062_h0p25_v150,0.25,150.0,1.11591208256319,296.65757365309474,0.2468876685249802,24.68876685249802
mac_p073_h0p3_v150,0.3,150.0,0.92980451647317,304.1214208355845,0.2129959902021491,21.29959902021491
mac_p084_h0p35_v150,0.35,150.0,0.755565933989041,311.68807374693614,0.1787406140002709,17.874061400027088
mac_p095_h0p4_v150,0.4,150.0,0.5728334371459489,318.3163895041665,0.1420806353627519,14.208063536275189
mac_p106_h0p45_v150,0.45,150.0,0.4181345576880749,324.2393653813871,0.1036653928084351,10.36653928084351
mac_p117_h0p5_v150,0.5,150.0,0.2862998167818588,330.6335382256725,0.0658357109120708,6.58357109120708
mac_p008_h0_v175,0.0,175.0,1.6165093438548763,270.85902186079767,0.3620339235859673,36.20339235859673
mac_p019_h0p05_v175,0.05,175.0,1.4830859083102963,277.2348327298496,0.3307244336608733,33.07244336608733
mac_p030_h0p1_v175,0.1,175.0,1.3268345591481672,284.95578703044845,0.3023356165436979,30.23356165436979
mac_p041_h0p15_v175,0.15,175.0,1.1585972567748324,291.39883445993297,0.2695846894868117,26.95846894868117
mac_p052_h0p2_v175,0.2,175.0,0.9993996177132954,297.41970395410215,0.2351092885266204,23.51092885266204
mac_p063_h0p25_v175,0.25,175.0,0.8415473549199199,304.8182885611376,0.203459199456795,20.3459199456795
mac_p074_h0p3_v175,0.3,175.0,0.693028113641248,312.43208229047383,0.1715698010398545,17.15698010398545
mac_p085_h0p35_v175,0.35,175.0,0.5383416438632592,318.44059735716706,0.1353492986478502,13.53492986478502
mac_p096_h0p4_v175,0.4,175.0,0.4006670890306522,324.6220037900774,0.0990850768364724,9.90850768364724
mac_p107_h0p45_v175,0.45,175.0,0.2848816848591031,330.5784136143214,0.0619237717158232,6.19237717158232
mac_p118_h0p5_v175,0.5,175.0,0.1857212776869485,335.01814680648886,0.0212533620131086,2.12533620131086
mac_p009_h0_v200,0.0,200.0,1.2571299533987177,280.42861503463473,0.3065551847034239,30.65551847034239
mac_p020_h0p05_v200,0.05,200.0,1.1392659080762984,287.6543453568554,0.2804660249023466,28.046602490234662
mac_p031_h0p1_v200,0.1,200.0,1.0021775013376013,294.20667830672124,0.2510703368339509,25.10703368339509
mac_p042_h0p15_v200,0.15,200.0,0.8695954679125859,299.8933419871102,0.218195935275667,21.8195935275667
mac_p053_h0p2_v200,0.2,200.0,0.7406520059754453,306.74843934343124,0.1879844079546029,18.798440795460287
mac_p064_h0p25_v200,0.25,200.0,0.6133224587112573,313.6641408597472,0.1570775572766247,15.70775572766247
mac_p075_h0p3_v200,0.3,200.0,0.4866196626939623,319.4375609379968,0.1224007854256803,12.24007854256803
mac_p086_h0p35_v200,0.35,200.0,0.3738824939138214,325.64406364324043,0.0882942646322408,8.82942646322408
mac_p097_h0p4_v200,0.4,200.0,0.2693954879927279,331.21698840478024,0.0520879195295576,5.20879195295576
mac_p108_h0p45_v200,0.45,200.0,0.1842569916288416,335.7589128597913,0.0130157395872563,1.3015739587256299
mac_p119_h0p5_v200,0.5,200.0,0.1237647051276138,352.00311590690086,0.0,0.0
mac_p010_h0_v225,0.0,225.0,0.9464028538540066,291.5378474049962,0.2489932066721369,24.89932066721369
mac_p021_h0p05_v225,0.05,225.0,0.8395315994518411,297.87463603243725,0.2229206530922536,22.292065309225357
mac_p032_h0p1_v225,0.1,225.0,0.7318581141413913,303.1506226114443,0.1918874163148579,19.18874163148579
mac_p043_h0p15_v225,0.15,225.0,0.6333686078451063,309.57452859279147,0.163919850684663,16.3919850684663
mac_p054_h0p2_v225,0.2,225.0,0.5244911894134653,315.96589027795443,0.1347887747088929,13.47887747088929
mac_p065_h0p25_v225,0.25,225.0,0.4244909102907737,321.3948387392573,0.1017631389662142,10.17631389662142
mac_p076_h0p3_v225,0.3,225.0,0.3356654418639551,327.66747014927006,0.0705864887836455,7.05864887836455
mac_p087_h0p35_v225,0.35,225.0,0.2471672999923796,333.0259490937681,0.0360471822817231,3.60471822817231
mac_p098_h0p4_v225,0.4,225.0,0.1765099957854835,338.0276279153589,0.0,0.0
mac_p109_h0p45_v225,0.45,225.0,0.1216637540332601,357.3244818254141,0.0,0.0
mac_p120_h0p5_v225,0.5,225.0,0.0735709505578914,378.96553507892486,0.0,0.0
mac_p011_h0_v250,0.0,250.0,0.6778417028917999,302.6689607288937,0.1827603381438456,18.276033814384558
mac_p022_h0p05_v250,0.05,250.0,0.6020240155490744,308.10531360416246,0.1566554038003908,15.665540380039081
mac_p033_h0p1_v250,0.1,250.0,0.5216333943059938,313.57225299129516,0.1294331391146838,12.94331391146838
mac_p044_h0p15_v250,0.15,250.0,0.4335507320695583,318.9408144786777,0.1006998337302727,10.06998337302727
mac_p055_h0p2_v250,0.2,250.0,0.3592442185282511,324.30087975261995,0.0709461520262027,7.094615202620271
mac_p066_h0p25_v250,0.25,250.0,0.2902488610609447,330.4755402523845,0.0431607782093148,4.31607782093148
mac_p077_h0p3_v250,0.3,250.0,0.2224020175461717,335.59055058662517,0.0107430248396141,1.0743024839614101
mac_p088_h0p35_v250,0.35,250.0,0.162282830166633,347.783464465735,0.0,0.0
mac_p099_h0p4_v250,0.4,250.0,0.1154915067382698,364.99004708738295,0.0,0.0
mac_p110_h0p45_v250,0.45,250.0,0.070571963911485,384.2869009974382,0.0,0.0
mac_p121_h0p5_v250,0.5,250.0,0.0370958568423925,405.9279542509489,0.0,0.0
