sample_index,scenario_name,delay_year,task_id,run_type,comparison_type,partial_mitigation_pct,partial_mitigation_value,decision_times_optimal,decision_times_partial,ra,eis,pref,tech_chg,tech_scale,bs_premium,growth,baseline_num,dam_func,tip_on,d_unc,t_unc,no_free_lunch,m_optimal_period0,m_partial_period0,mitigation_foregone,u_optimal,u_partial,utility_loss,utility_loss_pct,delta_c,delta_c_pct,delta_c_billions,delta_c_5yr,delta_c_5yr_pct,delta_c_5yr_billions,delta_c_5yr_total_billions,year0_cons_partial,delta_emission_gton,deadweight_per_ton,carbon_price_partial,carbon_price_optimal,reentry_year,baseline_reentry_price,delayed_reentry_price,reentry_price_increase,reentry_price_pct_increase,reentry_price_annualized_increase,baseline_cumulative_emissions_at_reentry,cumulative_emissions_at_reentry,extra_cumulative_emissions,ppm_at_reentry,temperature_at_reentry,peak_post_delay_mitigation,peak_catchup_mitigation,welfare_loss,dwl_pct_loss,dwl_metric_source,dwl_billions_loss,dwl_trillions_loss,dwl_billions_metric_source,dwl_total_billions_loss,dwl_total_trillions_loss,extra_cumulative_emissions_gtco2,dwl_phi,dwl_pct,dwl_billions,dwl_phi_loss,utility_loss_raw,utility_loss_loss,baseline_dwl_pct_loss,baseline_utility_loss_loss,share_of_dwl_avoided,share_of_loss_avoided
0,damage0,5,12,partial_mitigation,same_grid,55,0.55,0|5|35|75|125|175|225,0|5|35|75|125|175|225,10.0,0.833,0.002,1.5,1.5,10000.0,0.015,2,0,1,1,1,False,0.999904651390768,0.55,0.4499046513907679,24.38678233772495,24.36800699871548,0.0187753390094691,0.0769898166533629,0.0413453151965622,4.170598263159635,3450.1111339857584,0.0413453151965622,4.170598263159635,3450.1111339857584,17250.55566992879,0.9913521415327872,42.0577854662496,82.03263904026504,79.03012708756174,284.7867938359519,2030,210.02874349544476,217.91412475255845,7.885381257113693,3.754429572771651,0.7398568534289884,2.730020523071289,2.826230049133301,0.0962095260620117,434.3824302725044,1.4696396255493165,0.8734654410444485,0.8734654410444485,0.0187753390094691,4.170598263159635,delta_c_5yr_pct,3450.1111339857584,3.4501111339857586,delta_c_5yr_billions,17250.55566992879,17.25055566992879,96.2095260620117,0.0413453151965622,4.170598263159635,3450.1111339857584,0.0413453151965622,0.0187753390094691,0.0187753390094691,15.126120269916706,0.0638971601761646,0.7242783880639737,0.706163169729211
0,damage0,5,15,partial_mitigation,same_grid,70,0.7,0|5|35|75|125|175|225,0|5|35|75|125|175|225,10.0,0.833,0.002,1.5,1.5,10000.0,0.015,2,0,1,1,1,False,0.9945391454496298,0.7,0.2945391454496299,24.386359088603697,24.376034157642213,0.010324930961481,0.0423389605802454,0.0222734159432599,2.2641722642155377,1858.6328335483695,0.0222734159432599,2.2641722642155377,1858.6328335483695,9293.164167741848,0.9837332739775856,41.83210264991666,44.43077722157178,125.22493503245506,280.82821363834194,2030,212.93958089744763,213.8587400755447,0.9191591780970612,0.4316525721630546,0.0861818401661107,2.731167793273926,2.7941534519195557,0.0629856586456298,430.72831677394726,1.452959794998169,0.8863769357536564,0.8863769357536564,0.010324930961481,2.2641722642155377,delta_c_5yr_pct,1858.6328335483695,1.8586328335483695,delta_c_5yr_billions,9293.164167741848,9.293164167741848,62.9856586456298,0.0222734159432599,2.2641722642155377,1858.6328335483695,0.0222734159432599,0.010324930961481,0.010324930961481,15.126120269916706,0.0638971601761646,0.8503137470935893,0.8384133045503878
0,damage0,5,14,partial_mitigation,same_grid,65,0.65,0|5|35|75|125|175|225,0|5|35|75|125|175|225,10.0,0.833,0.002,1.5,1.5,10000.0,0.015,2,0,1,1,1,False,0.9972794397511974,0.65,0.3472794397511973,24.385997985226187,24.373592861445243,0.0124051237809439,0.0508698630601846,0.0269321642317244,2.7296084121490276,2247.387865746192,0.0269321642317244,2.7296084121490276,2247.387865746192,11236.93932873096,0.9866676887371084,41.94736434980915,53.57637841092194,107.97733822405326,282.84369055758276,2030,213.2951343631616,211.8829825868405,-1.4121517763211102,-0.662064692913597,-0.1327650017695525,2.730581760406494,2.8048455715179443,0.0742638111114502,431.9463543275368,1.458519697189331,0.8780084087834445,0.8780084087834445,0.0124051237809439,2.7296084121490276,delta_c_5yr_pct,2247.387865746192,2.247387865746192,delta_c_5yr_billions,11236.93932873096,11.23693932873096,74.2638111114502,0.0269321642317244,2.7296084121490276,2247.387865746192,0.0269321642317244,0.0124051237809439,0.0124051237809439,15.126120269916706,0.0638971601761646,0.8195433882951627,0.8058579794979472
0,damage0,5,13,partial_mitigation,same_grid,60,0.6,0|5|35|75|125|175|225,0|5|35|75|125|175|225,10.0,0.833,0.002,1.5,1.5,10000.0,0.015,2,0,1,1,1,False,0.9863624498960616,0.6,0.3863624498960617,24.386495472400327,24.37020918031474,0.0162862920855886,0.0667840613015544,0.0356512063497811,3.604073124923363,2974.9591551700387,0.0356512063497811,3.604073124923363,2974.9591551700387,14874.795775850194,0.9891920922259112,41.48817614958837,71.70619273413288,92.65035949417808,274.8912133005039,2030,212.54957074574344,217.7882410365403,5.238670290796875,2.464681661043433,0.4881472565881894,2.7329163551330566,2.815537929534912,0.0826215744018554,433.16439210531627,1.4640797233581544,0.8784222665178589,0.8784222665178589,0.0162862920855886,3.604073124923363,delta_c_5yr_pct,2974.9591551700387,2.9749591551700387,delta_c_5yr_billions,14874.795775850194,14.874795775850194,82.6215744018554,0.0356512063497811,3.604073124923363,2974.9591551700387,0.0356512063497811,0.0162862920855886,0.0162862920855886,15.126120269916706,0.0638971601761646,0.7617318214710183,0.7451171219395782
0,damage0,5,16,partial_mitigation,same_grid,75,0.75,0|5|35|75|125|175|225,0|5|35|75|125|175|225,10.0,0.833,0.002,1.5,1.5,10000.0,0.015,2,0,1,1,1,False,0.9927952627043768,0.75,0.2427952627043766,24.386728631387488,24.378707975880857,0.0080206555066304,0.0328894278025765,0.0171775935141588,1.752212278637227,1433.4056072986143,0.0171775935141588,1.752212278637227,1433.4056072986143,7167.028036493071,0.9803374695855128,41.7587518096379,34.32587290522857,144.63382186579744,279.55236744428987,2030,211.6150628970772,211.52931889789193,-0.085743999185297,-0.0405188543818358,-0.0081050846178154,2.7315406799316406,2.783461093902588,0.0519204139709472,429.51027944454745,1.4473997688293458,0.8909993159615219,0.8909993159615219,0.0080206555066304,1.752212278637227,delta_c_5yr_pct,1433.4056072986143,1.4334056072986143,delta_c_5yr_billions,7167.028036493071,7.167028036493071,51.9204139709472,0.0171775935141588,1.752212278637227,1433.4056072986143,0.0171775935141588,0.0080206555066304,0.0080206555066304,15.126120269916706,0.0638971601761646,0.8841598342886324,0.8744755559634038
0,damage0,5,9,partial_mitigation,same_grid,40,0.4,0|5|35|75|125|175|225,0|5|35|75|125|175|225,10.0,0.833,0.002,1.5,1.5,10000.0,0.015,2,0,1,1,1,False,0.9822739369742756,0.4,0.5822739369742754,24.386471637913186,24.35637501927128,0.030096618641906,0.123415224181572,0.067681612433111,6.795139261263017,5647.776138879236,0.067681612433111,6.795139261263017,5647.776138879236,28238.88069439618,0.996029806466852,41.31620595312883,136.69638846525152,46.61281095856117,271.96530345855905,2030,210.37806125338992,218.75440330572604,8.3763420523361,3.981566329887986,0.7839257455568349,2.733790636062622,2.858306884765625,0.1245162487030029,438.0365424848936,1.486319580078125,0.8594548460175102,0.8594548460175102,0.030096618641906,6.795139261263017,delta_c_5yr_pct,5647.776138879236,5.647776138879236,delta_c_5yr_billions,28238.88069439618,28.23888069439618,124.5162487030029,0.067681612433111,6.795139261263017,5647.776138879236,0.067681612433111,0.030096618641906,0.030096618641906,15.126120269916706,0.0638971601761646,0.5507678677672952,0.5289834703306131
0,damage0,5,5,partial_mitigation,same_grid,20,0.2,0|5|35|75|125|175|225,0|5|35|75|125|175|225,10.0,0.833,0.002,1.5,1.5,10000.0,0.015,2,0,1,1,1,False,0.9928859540409424,0.2,0.7928859540409423,24.386003704494357,24.339350035143305,0.0466536693510519,0.1913133037966925,0.1077276316420181,10.781730037183484,8989.465906815642,0.1077276316420181,10.781730037183484,8989.465906815642,44947.329534078206,0.999168327072673,41.76256645013549,215.25175943267433,17.903415766406948,279.6185889289624,2030,210.4637240800824,216.01418961434044,5.550465534258024,2.637255212753931,0.5219734006402854,2.7315213680267334,2.901075839996338,0.1695544719696045,442.90869314763165,1.5085594367980957,0.8353741809459376,0.8353741809459376,0.0466536693510519,10.781730037183484,delta_c_5yr_pct,8989.465906815642,8.989465906815642,delta_c_5yr_billions,44947.329534078206,44.94732953407821,169.5544719696045,0.1077276316420181,10.781730037183484,8989.465906815642,0.1077276316420181,0.0466536693510519,0.0466536693510519,15.126120269916706,0.0638971601761646,0.28721113908987483,0.2698631797966039
0,damage0,5,7,partial_mitigation,same_grid,30,0.3,0|5|35|75|125|175|225,0|5|35|75|125|175|225,10.0,0.833,0.002,1.5,1.5,10000.0,0.015,2,0,1,1,1,False,0.9951092300717378,0.3,0.6951092300717379,24.386717563154036,24.34839094448468,0.0383266186693553,0.1571618589918931,0.0873637404064402,8.754239905904235,7290.175732121701,0.0873637404064402,8.754239905904235,7290.175732121701,36450.878660608505,0.997959175730589,41.8560814329945,174.1724376132107,30.571252952064516,281.2464352893828,2030,213.2257450537007,217.24921439321247,4.023469339511735,1.886952881087801,0.3745739329261699,2.731045961380005,2.8796913623809814,0.1486454010009765,440.4726175920728,1.4974395084381105,0.8525947084227272,0.8525947084227272,0.0383266186693553,8.754239905904235,delta_c_5yr_pct,7290.175732121701,7.290175732121701,delta_c_5yr_billions,36450.878660608505,36.4508786606085,148.6454010009765,0.0873637404064402,8.754239905904235,7290.175732121701,0.0873637404064402,0.0383266186693553,0.0383266186693553,15.126120269916706,0.0638971601761646,0.421250145464271,0.4001827536045619
0,damage0,5,8,partial_mitigation,same_grid,35,0.35,0|5|35|75|125|175|225,0|5|35|75|125|175|225,10.0,0.833,0.002,1.5,1.5,10000.0,0.015,2,0,1,1,1,False,0.9843832523407616,0.35,0.6343832523407616,24.386156049577774,24.3529259569532,0.0332300926245743,0.136266218247011,0.0751453553747393,7.536425481439507,6270.597430764328,0.0751453553747393,7.536425481439507,6270.597430764328,31352.98715382164,0.9970954474346648,41.40492754577364,151.44568056138024,38.119121628686976,273.47128992541025,2030,210.4639193806904,216.97302429320857,6.509104912518126,3.0927414692607504,0.6110352451436096,2.733339548110962,2.8689990043640137,0.1356594562530517,439.25458003848325,1.4918794822692871,0.8532128877232388,0.8532128877232388,0.0332300926245743,7.536425481439507,delta_c_5yr_pct,6270.597430764328,6.270597430764329,delta_c_5yr_billions,31352.98715382164,31.35298715382164,135.6594562530517,0.0751453553747393,7.536425481439507,6270.597430764328,0.0751453553747393,0.0332300926245743,0.0332300926245743,15.126120269916706,0.0638971601761646,0.5017608384069124,0.4799441394115347
0,damage0,5,4,partial_mitigation,same_grid,15,0.15,0|5|35|75|125|175|225,0|5|35|75|125|175|225,10.0,0.833,0.002,1.5,1.5,10000.0,0.015,2,0,1,1,1,False,0.995824413470244,0.15,0.8458244134702441,24.386774820070418,24.33730385671459,0.049470963355823,0.2028598029908744,0.1147257212274057,11.477720041227196,9573.430176537377,0.1147257212274057,11.477720041227196,9573.430176537377,47867.15088268688,0.99955148596863,41.88616333120506,228.558297422414,12.606681006038713,281.7719000698904,2030,208.57462481618876,220.7119047793162,12.13727996312744,5.8191546425283995,1.1376498270352142,2.7308928966522217,2.9117679595947266,0.1808750629425048,444.12673131481984,1.5141193389892578,0.8381826328936703,0.8381826328936703,0.049470963355823,11.477720041227196,delta_c_5yr_pct,9573.430176537377,9.573430176537377,delta_c_5yr_billions,47867.15088268688,47.86715088268688,180.8750629425048,0.1147257212274057,11.477720041227196,9573.430176537377,0.1147257212274057,0.049470963355823,0.049470963355823,15.126120269916706,0.0638971601761646,0.2411986790787034,0.22577211225927019
0,damage0,5,10,partial_mitigation,same_grid,45,0.45,0|5|35|75|125|175|225,0|5|35|75|125|175|225,10.0,0.833,0.002,1.5,1.5,10000.0,0.015,2,0,1,1,1,False,0.9993947951416098,0.45,0.5493947951416098,24.38663495139812,24.360361876163207,0.0262730752349114,0.1077355497684404,0.0586852699598469,5.899576756208296,4897.065177199634,0.0586852699598469,5.899576756208296,4897.065177199634,24485.32588599817,0.9947369512243528,42.036339996708186,116.49599317122085,56.17084138056122,284.40847041612875,2030,208.15745198112137,216.1151310367948,7.957679055673424,3.822913366750443,0.7531521447181166,2.7301294803619385,2.8476145267486572,0.1174850463867187,436.8185053796837,1.480759553909302,0.860588888090219,0.860588888090219,0.0262730752349114,5.899576756208296,delta_c_5yr_pct,4897.065177199634,4.897065177199633,delta_c_5yr_billions,24485.32588599817,24.48532588599817,117.4850463867187,0.0586852699598469,5.899576756208296,4897.065177199634,0.0586852699598469,0.0262730752349114,0.0262730752349114,15.126120269916706,0.0638971601761646,0.6099742266401547,0.5888224897244811
0,damage0,5,6,partial_mitigation,same_grid,25,0.25,0|5|35|75|125|175|225,0|5|35|75|125|175|225,10.0,0.833,0.002,1.5,1.5,10000.0,0.015,2,0,1,1,1,False,0.9987000092338542,0.25,0.7487000092338542,24.3863148220719,24.344635805911302,0.0416790161605966,0.1709114987840362,0.0955233554354292,9.565311122622823,7971.064933878063,0.0955233554354292,9.565311122622823,7971.064933878063,39855.32466939031,0.9986434754799334,42.00711605359249,189.75511015106616,23.863882415310687,283.8936581818795,2030,214.0749607484356,220.0370162404446,5.962055492008972,2.785031687575606,0.5509029254886055,2.7302780151367188,2.89038348197937,0.1601054668426513,441.69065620764064,1.5029994106292726,0.8441754985715471,0.8441754985715471,0.0416790161605966,9.565311122622823,delta_c_5yr_pct,7971.064933878063,7.971064933878063,delta_c_5yr_billions,39855.32466939031,39.85532466939031,160.1054668426513,0.0955233554354292,9.565311122622823,7971.064933878063,0.0955233554354292,0.0416790161605966,0.0416790161605966,15.126120269916706,0.0638971601761646,0.36762957374822625,0.3477172374220159
0,damage0,5,11,partial_mitigation,same_grid,50,0.5,0|5|35|75|125|175|225,0|5|35|75|125|175|225,10.0,0.833,0.002,1.5,1.5,10000.0,0.015,2,0,1,1,1,False,0.9961380413542475,0.5,0.4961380413542476,24.386717324979916,24.363857197684908,0.0228601272950079,0.093740075756698,0.0507313346483643,5.107926568569015,4233.339174708541,0.0507313346483643,5.107926568569015,4233.339174708541,21166.695873542703,0.9931884095698104,41.89935508328193,101.03590297020268,66.92658508625091,282.0026110725835,2030,210.22388444166663,214.5015598223319,4.277675380665244,2.0348189227053415,0.4036912675300375,2.730825901031494,2.836922407150269,0.1060965061187744,435.600467826094,1.4751996517181396,0.8663867538430302,0.8663867538430302,0.0228601272950079,5.107926568569015,delta_c_5yr_pct,4233.339174708541,4.233339174708541,delta_c_5yr_billions,21166.695873542703,21.166695873542704,106.0965061187744,0.0507313346483643,5.107926568569015,4233.339174708541,0.0507313346483643,0.0228601272950079,0.0228601272950079,15.126120269916706,0.0638971601761646,0.6623108584738799,0.6422356293772293
0,damage0,5,17,partial_mitigation,same_grid,80,0.8,0|5|35|75|125|175|225,0|5|35|75|125|175|225,10.0,0.833,0.002,1.5,1.5,10000.0,0.015,2,0,1,1,1,False,0.9943320932905186,0.8,0.1943320932905186,24.385992999377915,24.380892082213784,0.0051009171641318,0.0209174060054145,0.0108303707026338,1.109189019861011,903.7537232140164,0.0108303707026338,1.109189019861011,903.7537232140164,4518.768616070081,0.976422458995399,41.823393664238765,21.608808947198707,166.4748291837552,280.67645673105443,2030,213.00916205641056,213.09601088664496,0.0868488302344019,0.0407723449057097,0.008153139399103,2.7312121391296387,2.772768974304199,0.0415568351745605,428.29224158415855,1.4418398666381838,0.8986810920365893,0.8986810920365893,0.0051009171641318,1.109189019861011,delta_c_5yr_pct,903.7537232140164,0.9037537232140164,delta_c_5yr_billions,4518.768616070081,4.518768616070082,41.5568351745605,0.0108303707026338,1.109189019861011,903.7537232140164,0.0108303707026338,0.0051009171641318,0.0051009171641318,15.126120269916706,0.0638971601761646,0.9266706200884175,0.9201698925262318
0,damage0,5,3,partial_mitigation,same_grid,10,0.1,0|5|35|75|125|175|225,0|5|35|75|125|175|225,10.0,0.833,0.002,1.5,1.5,10000.0,0.015,2,0,1,1,1,False,0.9837805832357084,0.1,0.8837805832357083,24.386461548114724,24.33168489712787,0.0547766509868523,0.2246191021964277,0.1280063722086158,12.803086061292904,10681.650578268933,0.1280063722086158,12.803086061292904,10681.650578268933,53408.252891344666,0.9998087304561109,41.379578200821385,258.13821799800036,7.899767810432935,273.0402370392942,2030,205.17092708826897,219.51510513221712,14.344178043948205,6.991330715085686,1.3607272345209642,2.733468532562256,2.9224603176116943,0.1889917850494384,445.344769482008,1.519679365158081,0.8361667895757886,0.8361667895757886,0.0547766509868523,12.803086061292904,delta_c_5yr_pct,10681.650578268933,10.681650578268933,delta_c_5yr_billions,53408.252891344666,53.40825289134467,188.9917850494384,0.1280063722086158,12.803086061292904,10681.650578268933,0.1280063722086158,0.0547766509868523,0.0547766509868523,15.126120269916706,0.0638971601761646,0.15357766348347268,0.14273731671590795
0,damage0,5,1,partial_mitigation,same_grid,0,0.0,0|5|35|75|125|175|225,0|5|35|75|125|175|225,10.0,0.833,0.002,1.5,1.5,10000.0,0.015,2,0,1,1,1,False,0.9978572582621286,0.0,0.9978572582621286,24.38617708188929,24.322279921713125,0.0638971601761646,0.2620220461845932,0.151261202699167,15.126120269916706,12622.178766600977,0.151261202699167,15.126120269916706,12622.178766600977,63110.89383300488,1.0,41.971668434140966,300.73092725410294,0.0,283.2703414047951,2030,206.57066045474505,221.91609860135503,15.345438146610007,7.42866296347629,1.443455459391085,2.7304582595825195,2.9438445568084717,0.2133862972259521,447.7808445891872,1.5307991695404053,0.8238742820800824,0.8238742820800824,0.0638971601761646,15.126120269916706,delta_c_5yr_pct,12622.178766600977,12.622178766600976,delta_c_5yr_billions,63110.89383300488,63.11089383300488,213.3862972259521,0.151261202699167,15.126120269916706,12622.178766600977,0.151261202699167,0.0638971601761646,0.0638971601761646,15.126120269916706,0.0638971601761646,0.0,0.0
0,damage0,5,2,partial_mitigation,same_grid,5,0.05,0|5|35|75|125|175|225,0|5|35|75|125|175|225,10.0,0.833,0.002,1.5,1.5,10000.0,0.015,2,0,1,1,1,False,0.98829578825828,0.05,0.93829578825828,24.386001194068182,24.327535503531937,0.058465690536245,0.2397510361414509,0.1373552947907635,13.736160218537172,11461.783024668091,0.1373552947907635,13.736160218537172,11461.783024668091,57308.91512334047,0.9999540818212086,41.569495833378966,275.72581275966905,3.716996191068794,276.28465771830037,2030,208.19940149232275,220.48882023511808,12.289418742795334,5.90271569212388,1.153617635603155,2.7325029373168945,2.933152437210083,0.2006494998931884,446.562806421999,1.5252392673492432,0.8293902888837821,0.8293902888837821,0.058465690536245,13.736160218537172,delta_c_5yr_pct,11461.783024668091,11.461783024668092,delta_c_5yr_billions,57308.91512334047,57.30891512334047,200.6494998931884,0.1373552947907635,13.736160218537172,11461.783024668091,0.1373552947907635,0.058465690536245,0.058465690536245,15.126120269916706,0.0638971601761646,0.09189137905665934,0.08500330257158584
0,damage0,5,18,partial_mitigation,same_grid,85,0.85,0|5|35|75|125|175|225,0|5|35|75|125|175|225,10.0,0.833,0.002,1.5,1.5,10000.0,0.015,2,0,1,1,1,False,0.9887167574192935,0.85,0.1387167574192936,24.386524001526563,24.38336521894891,0.0031587825776533,0.0129529841048917,0.0066523648102896,0.6844537657502562,555.1148368370366,0.0066523648102896,0.6844537657502562,555.1148368370366,2775.574184185183,0.971923180669154,41.58720255235182,13.348212978216878,191.0527251114907,276.58891347608835,2030,207.3523328981774,212.43226043885025,5.079927540672827,2.449901319975686,0.485248043374753,2.732412815093994,2.762076616287231,0.0296638011932373,427.0742039184741,1.4362798404693604,0.9048213324065296,0.9048213324065296,0.0031587825776533,0.6844537657502562,delta_c_5yr_pct,555.1148368370366,0.5551148368370366,delta_c_5yr_billions,2775.574184185183,2.7755741841851833,29.6638011932373,0.0066523648102896,0.6844537657502562,555.1148368370366,0.0066523648102896,0.0031587825776533,0.0031587825776533,15.126120269916706,0.0638971601761646,0.95475020999856,0.9505645858290959
0,damage0,5,19,partial_mitigation,same_grid,90,0.9,0|5|35|75|125|175|225,0|5|35|75|125|175|225,10.0,0.833,0.002,1.5,1.5,10000.0,0.015,2,0,1,1,1,False,0.996049256627426,0.9,0.096049256627426,24.38552018968127,24.384180993276264,0.0013391964050057,0.0054917688636081,0.0027957799497413,0.2891887731343274,233.29732732522027,0.0027957799497413,0.2891887731343274,233.29732732522027,1166.4866366261012,0.9667664202312316,41.895620638214446,5.568537326128586,218.71046815605845,281.93728189754836,2030,212.47942298953345,212.21500455603132,-0.2644184335021009,-0.1244442543102754,-0.0249012492185785,2.7308449745178223,2.7513844966888428,0.0205395221710205,425.85616632357966,1.4307199382781983,0.912080230465106,0.912080230465106,0.0013391964050057,0.2891887731343274,delta_c_5yr_pct,233.29732732522027,0.23329732732522027,delta_c_5yr_billions,1166.4866366261012,1.1664866366261013,20.5395221710205,0.0027957799497413,0.2891887731343274,233.29732732522027,0.0027957799497413,0.0013391964050057,0.0013391964050057,15.126120269916706,0.0638971601761646,0.9808814971735036,0.979041378344303
0,damage0,5,21,partial_mitigation,same_grid,100,1.0,0|5|35|75|125|175|225,0|5|35|75|125|175|225,10.0,0.833,0.002,1.5,1.5,10000.0,0.015,2,0,1,1,1,False,0.994225875568262,0.9844709803547208,0.0097548952135412,24.386941405251104,24.386923867544223,1.753770687784595e-05,7.191433557169926e-05,3.6073044647876255e-05,0.0037720458585112,3.010159975434202,3.6073044647876255e-05,0.0037720458585112,3.010159975434202,15.050799877171013,0.9563257182168412,41.81892595607362,0.0719808054993104,273.53408764469566,280.5986342513659,2030,209.26946263014736,211.0804345336428,1.8109719034954423,0.8653780062961531,0.1724795899685327,2.7312347888946533,2.733320713043213,0.0020859241485595,423.79838968329074,1.4213267707824708,0.984471387111914,0.984471387111914,1.753770687784595e-05,0.0037720458585112,delta_c_5yr_pct,3.010159975434202,0.0030101599754342023,delta_c_5yr_billions,15.050799877171013,0.015050799877171013,2.0859241485595,3.6073044647876255e-05,0.0037720458585112,3.010159975434202,3.6073044647876255e-05,1.753770687784595e-05,1.753770687784595e-05,15.126120269916706,0.0638971601761646,0.9997506270086974,0.9997255322954964
0,damage0,10,22,partial_mitigation,same_grid,0,0.0,0|10|35|75|125|175|225,0|10|35|75|125|175|225,10.0,0.833,0.002,1.5,1.5,10000.0,0.015,2,0,1,1,1,False,0.9949589804841228,0.0,0.9949589804841228,24.394136075377144,24.28463157947174,0.109504495905405,0.4488967986693171,0.2764340112707952,27.643401127079525,23067.37911087481,0.2764340112707952,27.643401127079525,23067.37911087481,115336.89555437404,1.0,41.84976166549116,551.1949935403314,0.0,281.1361555573488,2035,184.96667795010083,212.8431293255652,27.87645137546437,15.071066683148576,1.4136967286798363,2.7321786880493164,3.162196159362793,0.4300174713134765,465.5475328261715,1.6443420028686524,0.7670701728628277,0.7670701728628277,0.109504495905405,27.643401127079525,delta_c_5yr_pct,23067.37911087481,23.067379110874807,delta_c_5yr_billions,115336.89555437404,115.33689555437404,430.0174713134765,0.2764340112707952,27.643401127079525,23067.37911087481,0.2764340112707952,0.109504495905405,0.109504495905405,27.643401127079525,0.109504495905405,0.0,0.0
0,damage0,5,20,partial_mitigation,same_grid,95,0.95,0|5|35|75|125|175|225,0|5|35|75|125|175|225,10.0,0.833,0.002,1.5,1.5,10000.0,0.015,2,0,1,1,1,False,0.9858836117099052,0.95,0.0358836117099053,24.386448405154766,24.38589938559894,0.0005490195558266,0.0022513305205631,0.0011365375766281,0.1182821637051054,94.83978846638156,0.0011365375766281,0.1182821637051054,94.83978846638156,474.19894233190774,0.9608697888395616,41.46803535548525,2.2870576735397825,249.833992829141,274.5470746648337,2030,210.06164123513537,211.7545305936943,1.692889358558972,0.8059012338497408,0.1606631636320132,2.733018636703491,2.740692138671875,0.0076735019683837,424.63812869329024,1.425159912109375,0.9500004727235816,0.9500004727235816,0.0005490195558266,0.1182821637051054,delta_c_5yr_pct,94.83978846638156,0.09483978846638157,delta_c_5yr_billions,474.19894233190774,0.47419894233190774,7.673501968383699,0.0011365375766281,0.1182821637051054,94.83978846638156,0.0011365375766281,0.0005490195558266,0.0005490195558266,15.126120269916706,0.0638971601761646,0.9921802708431223,0.9914077628127298
0,damage0,10,24,partial_mitigation,same_grid,10,0.1,0|10|35|75|125|175|225,0|10|35|75|125|175|225,10.0,0.833,0.002,1.5,1.5,10000.0,0.015,2,0,1,1,1,False,0.99903367760516,0.1,0.8990336776051601,24.393954307370763,24.300251454137165,0.0937028532335979,0.3841232628909415,0.2311880597372101,23.12322874313596,19291.774537257206,0.2311880597372101,23.12322874313596,19291.774537257206,96458.87268628603,0.9998087304561109,42.021150744558014,459.0967690182926,7.899767810432935,284.14078945683275,2035,188.50503174527432,211.22206384513535,22.717032099861058,12.051154226248158,1.14435132412809,2.7304177284240723,3.118976354598999,0.3885586261749267,461.0653911210693,1.6218677043914795,0.7847950409119404,0.7847950409119404,0.0937028532335979,23.12322874313596,delta_c_5yr_pct,19291.774537257206,19.291774537257208,delta_c_5yr_billions,96458.87268628603,96.45887268628603,388.5586261749267,0.2311880597372101,23.12322874313596,19291.774537257206,0.2311880597372101,0.0937028532335979,0.0937028532335979,27.643401127079525,0.109504495905405,0.16351723013980346,0.14430131421688186
0,damage0,10,25,partial_mitigation,same_grid,15,0.15,0|10|35|75|125|175|225,0|10|35|75|125|175|225,10.0,0.833,0.002,1.5,1.5,10000.0,0.015,2,0,1,1,1,False,0.9882932093926556,0.15,0.8382932093926555,24.39409874164877,24.30801747894113,0.086081262707637,0.3528774053893123,0.2100264384354648,21.01206805089541,17525.91678724996,0.2100264384354648,21.01206805089541,17525.91678724996,87629.58393624981,0.99955148596863,41.56938736165916,421.6063285891651,12.606681006038713,276.2827947731972,2035,188.03002912565927,205.7508028452292,17.720773719569934,9.424438108089245,0.9047085923279852,2.7350597381591797,3.0973665714263916,0.3623068332672119,458.8243193089399,1.6106306171417235,0.7885144690893966,0.7885144690893966,0.086081262707637,21.01206805089541,delta_c_5yr_pct,17525.91678724996,17.52591678724996,delta_c_5yr_billions,87629.58393624981,87.6295839362498,362.3068332672119,0.2100264384354648,21.01206805089541,17525.91678724996,0.2100264384354648,0.086081262707637,0.086081262707637,27.643401127079525,0.109504495905405,0.2398884654496457,0.21390202296353256
0,damage0,10,23,partial_mitigation,same_grid,5,0.05,0|10|35|75|125|175|225,0|10|35|75|125|175|225,10.0,0.833,0.002,1.5,1.5,10000.0,0.015,2,0,1,1,1,False,0.98591236249047,0.05,0.93591236249047,24.394419927120666,24.292054372241616,0.1023655548790465,0.4196269277353913,0.2557507317720177,25.57624759191151,21341.437186213778,0.2557507317720177,25.57624759191151,21341.437186213778,106707.18593106887,0.9999540818212086,41.46924466495221,514.632888991357,3.716996191068794,274.56772673079894,2035,187.07590026048,212.38109215367825,25.30519189319827,13.526697911363213,1.2767603384044035,2.736088752746582,3.1405863761901855,0.4044976234436035,463.3064610140421,1.6331049156188966,0.7755140414622086,0.7755140414622086,0.1023655548790465,25.57624759191151,delta_c_5yr_pct,21341.437186213778,21.341437186213778,delta_c_5yr_billions,106707.18593106887,106.70718593106888,404.4976234436035,0.2557507317720177,25.57624759191151,21341.437186213778,0.2557507317720177,0.1023655548790465,0.1023655548790465,27.643401127079525,0.109504495905405,0.07477927645969107,0.06519313172790131
0,damage0,10,30,partial_mitigation,same_grid,40,0.4,0|10|35|75|125|175|225,0|10|35|75|125|175|225,10.0,0.833,0.002,1.5,1.5,10000.0,0.015,2,0,1,1,1,False,0.9912353429753316,0.4,0.5912353429753315,24.39361370839688,24.34515815020875,0.0484555581881309,0.1986403440153329,0.1116941093015791,11.213932412101602,9320.453557312385,0.1116941093015791,11.213932412101602,9320.453557312385,46602.26778656192,0.996029806466852,41.693138784218434,223.54885789602233,46.61281095856117,278.4155537290946,2035,183.45650716302708,204.4565143019334,21.000007138906312,11.446858693458516,1.0896710119818076,2.733788013458252,2.9893176555633545,0.2555296421051025,447.6189631163492,1.5544451808929445,0.8254250397206631,0.8254250397206631,0.0484555581881309,11.213932412101602,delta_c_5yr_pct,9320.453557312385,9.320453557312385,delta_c_5yr_billions,46602.26778656192,46.60226778656192,255.52964210510248,0.1116941093015791,11.213932412101602,9320.453557312385,0.1116941093015791,0.0484555581881309,0.0484555581881309,27.643401127079525,0.109504495905405,0.594336009503678,0.557501655183281
0,damage0,10,40,partial_mitigation,same_grid,90,0.9,0|10|35|75|125|175|225,0|10|35|75|125|175|225,10.0,0.833,0.002,1.5,1.5,10000.0,0.015,2,0,1,1,1,False,0.993601284908372,0.9,0.0936012849083718,24.394483060906595,24.392428249233586,0.002054811673009,0.0084232638497758,0.0042918933807508,0.4439431584440303,358.14236917558594,0.0042918933807508,0.4439431584440303,358.14236917558594,1790.7118458779296,0.9667664202312316,41.79265455115382,8.569505168359742,218.71046815605845,280.1414103721064,2035,188.57303109123737,188.31913926725596,-0.2538918239813768,-0.1346384594404362,-0.0134720102883623,2.732765436172486,2.773219585418701,0.0404541492462158,425.2082538818329,1.4420741844177247,0.913175728315588,0.913175728315588,0.002054811673009,0.4439431584440303,delta_c_5yr_pct,358.14236917558594,0.35814236917558595,delta_c_5yr_billions,1790.7118458779296,1.7907118458779296,40.4541492462158,0.0042918933807508,0.4439431584440303,358.14236917558594,0.0042918933807508,0.002054811673009,0.002054811673009,27.643401127079525,0.109504495905405,0.9839403568177744,0.9812353670411483
0,damage0,10,42,partial_mitigation,same_grid,100,1.0,0|10|35|75|125|175|225,0|10|35|75|125|175|225,10.0,0.833,0.002,1.5,1.5,10000.0,0.015,2,0,1,1,1,False,0.9833507317075,0.9941977257058032,0.0,24.39401154483781,24.39344323265601,0.0005683121817945,0.0023297200657216,0.0011673990629968,0.1222449099710562,97.41506349393504,0.0011673990629968,0.1222449099710562,97.41506349393504,487.07531746967527,0.9549674201348948,41.3614978735316,2.3552112109623025,280.57801297874516,272.73316470429194,2035,188.84617000830832,185.07096811871176,-3.775201889596559,-1.9990884058863725,-0.2017303041596085,2.7371957302093506,2.732507705688477,-0.004688024520874,420.9861781002264,1.420904006958008,0.9941977603591532,0.9941977603591532,0.0005683121817945,0.1222449099710562,delta_c_5yr_pct,97.41506349393504,0.09741506349393504,delta_c_5yr_billions,487.07531746967527,0.48707531746967525,-4.688024520874,0.0011673990629968,0.1222449099710562,97.41506349393504,0.0011673990629968,0.0005683121817945,0.0005683121817945,27.643401127079525,0.109504495905405,0.9955777905399887,0.9948101475003781
0,damage0,10,41,partial_mitigation,same_grid,95,0.95,0|10|35|75|125|175|225,0|10|35|75|125|175|225,10.0,0.833,0.002,1.5,1.5,10000.0,0.015,2,0,1,1,1,False,0.9976810929629042,0.95,0.0476810929629042,24.39389015683932,24.39380183867653,8.831816278842552e-05,0.0003620503421987,0.000182651663287,0.0190089922077395,15.24159470430199,0.000182651663287,0.0190089922077395,15.24159470430199,76.20797352150996,0.9608697888395616,41.964258605262714,0.3632041935417525,249.833992829141,283.1402024145572,2035,191.61193210654275,191.85838532769168,0.2464532211489256,0.1286210198078318,0.0128546635244086,2.7310023307800293,2.7516098022460938,0.0206074714660644,422.9671829093345,1.4308370971679687,0.9500000132394648,0.9500000132394648,8.831816278842552e-05,0.0190089922077395,delta_c_5yr_pct,15.24159470430199,0.01524159470430199,delta_c_5yr_billions,76.20797352150996,0.07620797352150996,20.6074714660644,0.000182651663287,0.0190089922077395,15.24159470430199,0.000182651663287,8.831816278842552e-05,8.831816278842552e-05,27.643401127079525,0.109504495905405,0.9993123497314838,0.9991934745504447
0,damage0,10,39,partial_mitigation,same_grid,85,0.85,0|10|35|75|125|175|225,0|10|35|75|125|175|225,10.0,0.833,0.002,1.5,1.5,10000.0,0.015,2,0,1,1,1,False,0.9956720901874556,0.85,0.1456720901874556,24.39376022461873,24.390446890612367,0.0033133340063642,0.0135827112173561,0.0069767793556469,0.7178323857697784,582.1860111561263,0.0069767793556469,0.7178323857697784,582.1860111561263,2910.9300557806314,0.971923180669154,41.87975634035836,13.901370543435796,191.0527251114907,281.6599096122619,2035,190.7990328776847,193.17956730816155,2.3805344304768425,1.2476658788951664,0.1240715720186802,2.731870412826538,2.7948293685913086,0.0629589557647705,427.4493247317144,1.4533112716674803,0.9100508848085836,0.9100508848085836,0.0033133340063642,0.7178323857697784,delta_c_5yr_pct,582.1860111561263,0.5821860111561262,delta_c_5yr_billions,2910.9300557806314,2.9109300557806312,62.958955764770494,0.0069767793556469,0.7178323857697784,582.1860111561263,0.0069767793556469,0.0033133340063642,0.0033133340063642,27.643401127079525,0.109504495905405,0.9740324143736934,0.9697424842791258
0,damage0,15,43,partial_mitigation,same_grid,0,0.0,0|15|35|75|125|175|225,0|15|35|75|125|175|225,10.0,0.833,0.002,1.5,1.5,10000.0,0.015,2,0,1,1,1,False,0.9926968135003632,0.0,0.9926968135003632,24.396299343271473,24.23724805228828,0.1590512909831929,0.651948431789756,0.4318528688699637,43.18528688699637,36036.49855004218,0.4318528688699637,43.18528688699637,36036.49855004218,180182.49275021092,1.0,41.75461085930233,863.0543503679611,0.0,279.4804973285905,2040,165.67722176686044,203.3872432993714,37.71002153251095,22.761138272572055,1.3765234705482854,2.7347652912139893,3.3824894428253174,0.6477241516113281,481.5023082111194,1.758894510269165,0.7005960345855354,0.7005960345855354,0.1590512909831929,43.18528688699637,delta_c_5yr_pct,36036.49855004218,36.03649855004218,delta_c_5yr_billions,180182.49275021092,180.1824927502109,647.7241516113281,0.4318528688699637,43.18528688699637,36036.49855004218,0.4318528688699637,0.1590512909831929,0.1590512909831929,43.18528688699637,0.1590512909831929,0.0,0.0
0,damage0,15,46,partial_mitigation,same_grid,15,0.15,0|15|35|75|125|175|225,0|15|35|75|125|175|225,10.0,0.833,0.002,1.5,1.5,10000.0,0.015,2,0,1,1,1,False,0.9796126713023472,0.15,0.8296126713023471,24.396558181930633,24.27489701917004,0.1216611627605921,0.4986816658863821,0.3123715386492665,31.251170453371724,26066.230679593547,0.3123715386492665,31.251170453371724,26066.230679593547,130331.15339796772,0.99955148596863,41.20426833933438,632.6099632428184,12.606681006038713,270.0759114407553,2040,168.35891621983683,204.25670359186944,35.89778737203261,21.32217774861333,1.2968669618424356,2.743302583694458,3.284615993499756,0.5413134098052979,471.9868724610128,1.7080003166198732,0.7405154071567852,0.7405154071567852,0.1216611627605921,31.251170453371724,delta_c_5yr_pct,26066.230679593547,26.06623067959355,delta_c_5yr_billions,130331.15339796772,130.3311533979677,541.3134098052979,0.3123715386492665,31.251170453371724,26066.230679593547,0.3123715386492665,0.1216611627605921,0.1216611627605921,43.18528688699637,0.1590512909831929,0.27634681378527925,0.2350822051897199
0,damage0,15,44,partial_mitigation,same_grid,5,0.05,0|15|35|75|125|175|225,0|15|35|75|125|175|225,10.0,0.833,0.002,1.5,1.5,10000.0,0.015,2,0,1,1,1,False,0.9780902232743024,0.05,0.9280902232743024,24.395981611930136,24.250944208065818,0.1450374038643218,0.5945134988681725,0.3856298211165427,38.56475293487458,32179.358969834248,0.3856298211165427,38.56475293487458,32179.358969834248,160896.79484917125,0.9999540818212086,41.14023144095816,782.1871156951563,3.716996191068794,269.0003610450336,2040,169.47917281662893,206.37686728423824,36.89769446760931,21.771226431186,1.3218191696594994,2.744295835494995,3.349864959716797,0.6055691242218018,478.33049533800255,1.7419297790527344,0.7169858202394171,0.7169858202394171,0.1450374038643218,38.56475293487458,delta_c_5yr_pct,32179.358969834248,32.17935896983425,delta_c_5yr_billions,160896.79484917125,160.89679484917124,605.5691242218018,0.3856298211165427,38.56475293487458,32179.358969834248,0.3856298211165427,0.1450374038643218,0.1450374038643218,43.18528688699637,0.1590512909831929,0.10699324434760416,0.08810923213664434
0,damage0,10,29,partial_mitigation,same_grid,35,0.35,0|10|35|75|125|175|225,0|10|35|75|125|175|225,10.0,0.833,0.002,1.5,1.5,10000.0,0.015,2,0,1,1,1,False,0.9947775770905956,0.35,0.6447775770905956,24.39397408758017,24.337734530158546,0.0562395574216267,0.230546926137223,0.1312048762543852,13.158707783888715,10948.553717547093,0.1312048762543852,13.158707783888715,10948.553717547093,54742.76858773547,0.9970954474346648,41.84213151295891,261.6633838110332,38.119121628686976,281.0030617721973,2035,188.81716566994993,202.4726137380194,13.65544806806946,7.232100969007773,0.7006981534669832,2.732257127761841,3.010927438735962,0.2786703109741211,449.86003396890027,1.5656822681427005,0.8167465531339961,0.8167465531339961,0.0562395574216267,13.158707783888715,delta_c_5yr_pct,10948.553717547093,10.948553717547092,delta_c_5yr_billions,54742.76858773547,54.74276858773547,278.6703109741211,0.1312048762543852,13.158707783888715,10948.553717547093,0.1312048762543852,0.0562395574216267,0.0562395574216267,27.643401127079525,0.109504495905405,0.523983762945927,0.48641782278776013
0,damage0,15,45,partial_mitigation,same_grid,10,0.1,0|15|35|75|125|175|225,0|15|35|75|125|175|225,10.0,0.833,0.002,1.5,1.5,10000.0,0.015,2,0,1,1,1,False,0.9774266386369688,0.1,0.8774266386369687,24.396477536169137,24.262867392553243,0.1336101436158934,0.5476616180258356,0.3492213522727527,34.928816045988974,29141.20910612785,0.3492213522727527,34.928816045988974,29141.20910612785,145706.04553063927,0.9998087304561109,41.112319879313894,708.8193804599814,7.899767810432935,268.53277278496546,2040,171.68217610834415,202.80910107301767,31.12692496467352,18.13055127227076,1.116993595158422,2.7447288036346436,3.3172404766082764,0.5725116729736328,475.1586853341296,1.7249650478363037,0.7253453602198097,0.7253453602198097,0.1336101436158934,34.928816045988974,delta_c_5yr_pct,29141.20910612785,29.141209106127853,delta_c_5yr_billions,145706.04553063927,145.70604553063927,572.5116729736328,0.3492213522727527,34.928816045988974,29141.20910612785,0.3492213522727527,0.1336101436158934,0.1336101436158934,43.18528688699637,0.1590512909831929,0.19118712497180435,0.15995561689585958
0,damage0,10,27,partial_mitigation,same_grid,25,0.25,0|10|35|75|125|175|225,0|10|35|75|125|175|225,10.0,0.833,0.002,1.5,1.5,10000.0,0.015,2,0,1,1,1,False,0.9906956497065682,0.25,0.7406956497065682,24.393957833705095,24.32390051229133,0.0700573214137669,0.2871912868397634,0.1669307592526361,16.715751251707886,13929.74435831856,0.1669307592526361,16.715751251707886,13929.74435831856,69648.7217915928,0.9986434754799334,41.670438316045136,334.2836053863858,23.863882415310687,278.0232184836943,2035,189.75013573054585,204.14549099782187,14.395355267276043,7.58647956263817,0.7339281392087837,2.7340214252471924,3.0541470050811768,0.3201255798339844,454.3421776038376,1.588156442642212,0.8049254128465959,0.8049254128465959,0.0700573214137669,16.715751251707886,delta_c_5yr_pct,13929.74435831856,13.92974435831856,delta_c_5yr_billions,69648.7217915928,69.6487217915928,320.1255798339844,0.1669307592526361,16.715751251707886,13929.74435831856,0.1669307592526361,0.0700573214137669,0.0700573214137669,27.643401127079525,0.109504495905405,0.395307720100581,0.3602333782323821
0,damage0,10,26,partial_mitigation,same_grid,20,0.2,0|10|35|75|125|175|225,0|10|35|75|125|175|225,10.0,0.833,0.002,1.5,1.5,10000.0,0.015,2,0,1,1,1,False,0.9976608951441746,0.2,0.7976608951441746,24.393793896362578,24.31579590969201,0.0779979866705637,0.3197452065141629,0.1880577870784149,18.821431983275502,15692.715412795053,0.1880577870784149,18.821431983275502,15692.715412795053,78463.57706397526,0.999168327072673,41.96340904873166,373.9618817568246,17.903415766406948,283.1252850928928,2035,186.59924699195244,205.62755097737465,19.028303985422212,10.197417348765,0.9757625641167555,2.731010913848877,3.075756788253784,0.3447458744049072,456.5832474968104,1.599393529891968,0.7946065586536073,0.7946065586536073,0.0779979866705637,18.821431983275502,delta_c_5yr_pct,15692.715412795053,15.692715412795053,delta_c_5yr_billions,78463.57706397526,78.46357706397526,344.7458744049072,0.1880577870784149,18.821431983275502,15692.715412795053,0.1880577870784149,0.0779979866705637,0.0779979866705637,27.643401127079525,0.109504495905405,0.3191347223609907,0.2877188646396589
0,damage0,10,28,partial_mitigation,same_grid,30,0.3,0|10|35|75|125|175|225,0|10|35|75|125|175|225,10.0,0.833,0.002,1.5,1.5,10000.0,0.015,2,0,1,1,1,False,0.987438666908614,0.3,0.6874386669086141,24.39425211172917,24.33091240685963,0.0633397048695378,0.2596501199521632,0.1493882091691644,14.969370772085933,12465.884497201318,0.1493882091691644,14.969370772085933,12465.884497201318,62329.42248600659,0.997959175730589,41.53344377002208,300.1408832416376,30.571252952064516,275.6661066092788,2035,190.2561485171519,210.1188635946685,19.86271507751661,10.439985899181574,0.9979675455727754,2.735429048538208,3.0325372219085693,0.2971081733703613,452.10110526983095,1.576919355392456,0.819792632969288,0.819792632969288,0.0633397048695378,14.969370772085933,delta_c_5yr_pct,12465.884497201318,12.465884497201317,delta_c_5yr_billions,62329.42248600659,62.329422486006585,297.10817337036127,0.1493882091691644,14.969370772085933,12465.884497201318,0.1493882091691644,0.0633397048695378,0.0633397048695378,27.643401127079525,0.109504495905405,0.45848303169099147,0.42157895576950977
0,damage0,15,53,partial_mitigation,same_grid,50,0.5,0|15|35|75|125|175|225,0|15|35|75|125|175|225,10.0,0.833,0.002,1.5,1.5,10000.0,0.015,2,0,1,1,1,False,0.9898946763016104,0.5,0.4898946763016103,24.396115850442367,24.34542146815192,0.0506943822904482,0.2077969403048599,0.1167943232131854,11.759533446808325,9746.047236269387,0.1167943232131854,11.759533446808325,9746.047236269387,48730.23618134695,0.9931884095698104,41.63674793608437,234.07320982969964,66.92658508625091,277.4418639445183,2040,168.95024260469597,189.97274983939184,21.022507234695865,12.443016896923677,0.7849069760242244,2.736593723297119,3.0562448501586914,0.3196511268615722,449.7841891634083,1.5892473220825196,0.8238043205937643,0.8238043205937643,0.0506943822904482,11.759533446808325,delta_c_5yr_pct,9746.047236269387,9.746047236269387,delta_c_5yr_billions,48730.23618134695,48.730236181346946,319.6511268615722,0.1167943232131854,11.759533446808325,9746.047236269387,0.1167943232131854,0.0506943822904482,0.0506943822904482,43.18528688699637,0.1590512909831929,0.7276958359086584,0.6812702243592281
0,damage0,15,47,partial_mitigation,same_grid,20,0.2,0|15|35|75|125|175|225,0|15|35|75|125|175|225,10.0,0.833,0.002,1.5,1.5,10000.0,0.015,2,0,1,1,1,False,0.9777089136626566,0.2,0.7777089136626565,24.397061270258742,24.28655369464673,0.1105075756120115,0.4529544537674538,0.2790380181117269,27.92702796427128,23284.673693154848,0.2790380181117269,27.92702796427128,23284.673693154848,116423.36846577424,0.999168327072673,41.124192873860274,566.2037858001405,17.903415766406948,268.7315855152611,2040,172.43545295579565,203.1023066661413,30.66685371034563,17.784540930922816,1.0972214364939337,2.744544744491577,3.2519917488098145,0.5074470043182373,468.8150586911368,1.6910357093811037,0.7612907530476449,0.7612907530476449,0.1105075756120115,27.92702796427128,delta_c_5yr_pct,23284.673693154848,23.284673693154847,delta_c_5yr_billions,116423.36846577424,116.42336846577425,507.4470043182373,0.2790380181117269,27.92702796427128,23284.673693154848,0.2790380181117269,0.1105075756120115,0.1105075756120115,43.18528688699637,0.1590512909831929,0.35332077248095217,0.30520793054305395
0,damage0,10,31,partial_mitigation,same_grid,45,0.45,0|10|35|75|125|175|225,0|10|35|75|125|175|225,10.0,0.833,0.002,1.5,1.5,10000.0,0.015,2,0,1,1,1,False,0.9958134463616762,0.45,0.5458134463616762,24.393887297840365,24.35063802917478,0.0432492686655834,0.1772955172643286,0.0988259251013353,9.934880269572515,8246.651957968616,0.0988259251013353,9.934880269572515,8246.651957968616,41233.25978984307,0.9947369512243528,41.88570203492177,196.8846541259606,56.17084138056121,281.7638355346302,2035,190.2791434922309,202.28090835438195,12.001764862151049,6.307451590269052,0.6135263755988607,2.731809377670288,2.967707872390747,0.2358984947204589,445.37789323405485,1.5432080936431884,0.8364405830042075,0.8364405830042075,0.0432492686655834,9.934880269572515,delta_c_5yr_pct,8246.651957968616,8.246651957968616,delta_c_5yr_billions,41233.25978984307,41.23325978984307,235.8984947204589,0.0988259251013353,9.934880269572515,8246.651957968616,0.0988259251013353,0.0432492686655834,0.0432492686655834,27.643401127079525,0.109504495905405,0.6406057191045031,0.6050457261321571
0,damage0,10,32,partial_mitigation,same_grid,50,0.5,0|10|35|75|125|175|225,0|10|35|75|125|175|225,10.0,0.833,0.002,1.5,1.5,10000.0,0.015,2,0,1,1,1,False,0.9985422747519118,0.5,0.4985422747519118,24.39358045570009,24.357237764911247,0.0363426907888424,0.14898465133006,0.0821105623897693,8.267370178568106,6851.817773597,0.0821105623897693,8.267370178568106,6851.817773597,34259.088867985,0.9931884095698104,42.000481457990865,163.13664833700133,66.92658508625091,283.7768999926547,2035,183.42327381970244,198.02724350960935,14.603969689906904,7.961895666665511,0.769023522650425,2.730630159378052,2.9460980892181396,0.2154679298400879,443.13682238150375,1.5319710063934326,0.8439101926879976,0.8439101926879976,0.0363426907888424,8.267370178568106,delta_c_5yr_pct,6851.817773597,6.851817773597,delta_c_5yr_billions,34259.088867985,34.259088867985,215.4679298400879,0.0821105623897693,8.267370178568106,6851.817773597,0.0821105623897693,0.0363426907888424,0.0363426907888424,27.643401127079525,0.109504495905405,0.7009278944887366,0.6681169070881174
0,damage0,10,33,partial_mitigation,same_grid,55,0.55,0|10|35|75|125|175|225,0|10|35|75|125|175|225,10.0,0.833,0.002,1.5,1.5,10000.0,0.015,2,0,1,1,1,False,0.98536927621592,0.55,0.4353692762159199,24.393673157604855,24.363852527600834,0.0298206300040213,0.1222473950985303,0.0666310294863032,6.721227169921794,5560.108941163481,0.0666310294863032,6.721227169921794,5560.108941163481,27800.544705817407,0.9913521415327872,41.44640148086168,134.15178984189788,79.03012708756174,274.1778574562558,2035,186.41392948861065,197.80422524641307,11.39029575780242,6.110217079297358,0.5948437273897378,2.736323356628418,2.924488306045532,0.1881649494171142,440.89575152895264,1.5207339191436768,0.8542553881821345,0.8542553881821345,0.0298206300040213,6.721227169921794,delta_c_5yr_pct,5560.108941163481,5.560108941163481,delta_c_5yr_billions,27800.544705817407,27.80054470581741,188.1649494171142,0.0666310294863032,6.721227169921794,5560.108941163481,0.0666310294863032,0.0298206300040213,0.0298206300040213,27.643401127079525,0.109504495905405,0.7568596158257217,0.7276766606023033
0,damage0,10,34,partial_mitigation,same_grid,60,0.6,0|10|35|75|125|175|225,0|10|35|75|125|175|225,10.0,0.833,0.002,1.5,1.5,10000.0,0.015,2,0,1,1,1,False,0.993295556395528,0.6,0.3932955563955279,24.394834000550592,24.36911372893492,0.0257202716156719,0.105433271712738,0.0569976310116437,5.762038683850156,4756.238050893721,0.0569976310116437,5.762038683850156,4756.238050893721,23781.190254468605,0.9891920922259112,41.77979506081519,113.84062664669564,92.65035949417808,279.9178512791986,2035,189.76923604316625,200.9126541876027,11.143418144436453,5.872088846846436,0.5722458113994744,2.7328977584838867,2.902878522872925,0.169980764389038,438.6546797168232,1.509496831893921,0.8657010060203927,0.8657010060203927,0.0257202716156719,5.762038683850156,delta_c_5yr_pct,4756.238050893721,4.756238050893721,delta_c_5yr_billions,23781.190254468605,23.781190254468605,169.980764389038,0.0569976310116437,5.762038683850156,4756.238050893721,0.0569976310116437,0.0257202716156719,0.0257202716156719,27.643401127079525,0.109504495905405,0.7915582580681199,0.7651213185083263
0,damage0,15,48,partial_mitigation,same_grid,25,0.25,0|15|35|75|125|175|225,0|15|35|75|125|175|225,10.0,0.833,0.002,1.5,1.5,10000.0,0.015,2,0,1,1,1,False,0.9908800096145024,0.25,0.7408800096145024,24.396480764727727,24.297168760686468,0.0993120040412591,0.4070751228383883,0.2466111314839575,24.694611995080617,20578.771898402934,0.2466111314839575,24.694611995080617,20578.771898402934,102893.85949201469,0.9986434754799334,41.67819282488324,493.7539394970297,23.863882415310687,278.15718448460797,2040,165.51307090572118,198.46905609272108,32.9559851869999,19.91140941718865,1.2179103841005734,2.7359507083892822,3.219367027282715,0.4834163188934326,465.64324868726385,1.6740708541870115,0.7696732645495319,0.7696732645495319,0.0993120040412591,24.694611995080617,delta_c_5yr_pct,20578.771898402934,20.578771898402934,delta_c_5yr_billions,102893.85949201469,102.89385949201468,483.4163188934326,0.2466111314839575,24.694611995080617,20578.771898402934,0.2466111314839575,0.0993120040412591,0.0993120040412591,43.18528688699637,0.1590512909831929,0.42817070870226237,0.3755976237140163
0,damage0,15,50,partial_mitigation,same_grid,35,0.35,0|15|35|75|125|175|225,0|15|35|75|125|175|225,10.0,0.833,0.002,1.5,1.5,10000.0,0.015,2,0,1,1,1,False,0.988450285722074,0.35,0.6384502857220741,24.396439893066013,24.317779891158033,0.0786600019079806,0.3224241006178014,0.1893223128765161,18.987381134234056,15798.23533722906,0.1893223128765161,18.987381134234056,15798.23533722906,78991.1766861453,0.9970954474346648,41.57599427418359,379.9845466844048,38.119121628686976,276.3962857423763,2040,171.49930339419495,195.21123802586996,23.711934631675007,13.826257111477938,0.8670912419117327,2.7375361919403076,3.154118299484253,0.4165821075439453,459.2996235467776,1.6401415157318116,0.7935166803079585,0.7935166803079585,0.0786600019079806,18.987381134234056,delta_c_5yr_pct,15798.23533722906,15.79823533722906,delta_c_5yr_billions,78991.1766861453,78.99117668614531,416.5821075439453,0.1893223128765161,18.987381134234056,15798.23533722906,0.1893223128765161,0.0786600019079806,0.0786600019079806,43.18528688699637,0.1590512909831929,0.5603275443342859,0.5054425435861902
0,damage0,10,35,partial_mitigation,same_grid,65,0.65,0|10|35|75|125|175|225,0|10|35|75|125|175|225,10.0,0.833,0.002,1.5,1.5,10000.0,0.015,2,0,1,1,1,False,0.9903344804001216,0.65,0.3403344804001217,24.39394427958616,24.37381697640543,0.0201273031807325,0.0825094250853719,0.0441342799117908,4.473064276411116,3682.8397556097025,0.0441342799117908,4.473064276411116,3682.8397556097025,18414.19877804851,0.9866676887371084,41.65524688635592,88.41238573515713,107.97733822405326,277.76094206091443,2035,186.2631876155944,194.8753518235194,8.61216420792502,4.623653400423171,0.4530177570517324,2.734177350997925,2.8812685012817383,0.1470911502838134,436.4136086033335,1.498259620666504,0.8692731374246812,0.8692731374246812,0.0201273031807325,4.473064276411116,delta_c_5yr_pct,3682.8397556097025,3.6828397556097023,delta_c_5yr_billions,18414.19877804851,18.41419877804851,147.0911502838134,0.0441342799117908,4.473064276411116,3682.8397556097025,0.0441342799117908,0.0201273031807325,0.0201273031807325,27.643401127079525,0.109504495905405,0.8381869055892224,0.8161965587411188
0,damage0,10,36,partial_mitigation,same_grid,70,0.7,0|10|35|75|125|175|225,0|10|35|75|125|175|225,10.0,0.833,0.002,1.5,1.5,10000.0,0.015,2,0,1,1,1,False,0.98886331809393,0.7,0.2888633180939299,24.394146069897584,24.37858015855917,0.0155659113384132,0.0638100275935528,0.0338022253704359,3.43611690938962,2820.668642858322,0.0338022253704359,3.43611690938962,2820.668642858322,14103.34321429161,0.9837332739775856,41.59336715754999,67.81534738877991,125.22493503245506,276.6949112995487,2035,190.0180137022612,198.2159916004312,8.197977898169995,4.3143161737367635,0.423277561349189,2.7348132133483887,2.859658718109131,0.1248455047607421,434.1725375265926,1.4870225334167482,0.8809704028070069,0.8809704028070069,0.0155659113384132,3.43611690938962,delta_c_5yr_pct,2820.668642858322,2.820668642858322,delta_c_5yr_billions,14103.34321429161,14.103343214291609,124.8455047607421,0.0338022253704359,3.43611690938962,2820.668642858322,0.0338022253704359,0.0155659113384132,0.0155659113384132,27.643401127079525,0.109504495905405,0.8756984752493573,0.8578513949613562
0,damage0,10,37,partial_mitigation,same_grid,75,0.75,0|10|35|75|125|175|225,0|10|35|75|125|175|225,10.0,0.833,0.002,1.5,1.5,10000.0,0.015,2,0,1,1,1,False,0.9831750885874504,0.75,0.2331750885874504,24.39445624608365,24.384080041366396,0.0103762047172502,0.0425350932711034,0.0222836079307558,2.273054802258794,1859.483316592698,0.0222836079307558,2.273054802258794,1859.483316592698,9297.41658296349,0.9803374695855128,41.354110008447265,44.964897472412474,144.63382186579742,272.6077804808602,2035,189.4318262246653,192.84991145925423,3.4180852345889434,1.8043880496274736,0.1789902147203426,2.737271785736084,2.838048934936523,0.1007771492004394,431.9314671591699,1.475785446166992,0.8872987113768537,0.8872987113768537,0.0103762047172502,2.273054802258794,delta_c_5yr_pct,1859.483316592698,1.859483316592698,delta_c_5yr_billions,9297.41658296349,9.29741658296349,100.7771492004394,0.0222836079307558,2.273054802258794,1859.483316592698,0.0222836079307558,0.0103762047172502,0.0103762047172502,27.643401127079525,0.109504495905405,0.9177722454697477,0.9052440301061826
0,damage0,15,49,partial_mitigation,same_grid,30,0.3,0|15|35|75|125|175|225,0|15|35|75|125|175|225,10.0,0.833,0.002,1.5,1.5,10000.0,0.015,2,0,1,1,1,False,0.985608089313346,0.3,0.6856080893133458,24.396669285579737,24.30689561733545,0.0897736682442875,0.3679751001803781,0.2197255272282526,22.017486543715112,18335.26928763424,0.2197255272282526,22.017486543715112,18335.26928763424,91676.3464381712,0.997959175730589,41.456446388647734,442.2778816048038,30.571252952064516,274.34923436047245,2040,172.05892537394814,195.04706605138165,22.988140677433503,13.36062086141228,0.8395303643744967,2.7393906116485596,3.1867427825927734,0.4473521709442138,462.4714359555293,1.6571062469482425,0.7805762964522134,0.7805762964522134,0.0897736682442875,22.017486543715112,delta_c_5yr_pct,18335.26928763424,18.33526928763424,delta_c_5yr_billions,91676.3464381712,91.6763464381712,447.3521709442138,0.2197255272282526,22.017486543715112,18335.26928763424,0.2197255272282526,0.0897736682442875,0.0897736682442875,43.18528688699637,0.1590512909831929,0.4901623184458953,0.43556781155725444
0,damage0,15,51,partial_mitigation,same_grid,40,0.4,0|15|35|75|125|175|225,0|15|35|75|125|175|225,10.0,0.833,0.002,1.5,1.5,10000.0,0.015,2,0,1,1,1,False,0.9776209083704476,0.4,0.5776209083704474,24.396973327873873,24.32776411955727,0.0692092083166038,0.283679485100438,0.1641620146649615,16.481636754153186,13698.703030330496,0.1641620146649615,16.481636754153186,13698.703030330496,68493.51515165248,0.996029806466852,41.12049121321245,333.1356855466978,46.61281095856117,268.6695871666183,2040,173.14091652791,195.35323208357775,22.21231555566777,12.829038912986915,0.8079367156268891,2.7446022033691406,3.1214938163757324,0.3768916130065918,456.1278116599031,1.6231767845153808,0.8039373149330101,0.8039373149330101,0.0692092083166038,16.481636754153186,delta_c_5yr_pct,13698.703030330496,13.698703030330496,delta_c_5yr_billions,68493.51515165248,68.49351515165247,376.8916130065918,0.1641620146649615,16.481636754153186,13698.703030330496,0.1641620146649615,0.0692092083166038,0.0692092083166038,43.18528688699637,0.1590512909831929,0.6183506480510146,0.5648623290714616
0,damage0,10,38,partial_mitigation,same_grid,80,0.8,0|10|35|75|125|175|225,0|10|35|75|125|175|225,10.0,0.833,0.002,1.5,1.5,10000.0,0.015,2,0,1,1,1,False,0.998079414792628,0.8,0.1980794147926279,24.393997178647577,24.387037178157772,0.0069600004898013,0.0285316114404308,0.0148082283925795,1.5165800679979362,1235.690994468236,0.0148082283925795,1.5165800679979362,1235.690994468236,6178.45497234118,0.976422458995399,41.9810127368069,29.434520844344533,166.4748291837552,283.43453279523743,2035,188.72730741213505,192.4487437897047,3.721436377569717,1.971858989882686,0.195457739846061,2.730830192565918,2.816439151763916,0.085608959197998,429.6903958268296,1.4645483589172363,0.8974144270421816,0.8974144270421816,0.0069600004898013,1.5165800679979362,delta_c_5yr_pct,1235.690994468236,1.2356909944682362,delta_c_5yr_billions,6178.45497234118,6.17845497234118,85.608959197998,0.0148082283925795,1.5165800679979362,1235.690994468236,0.0148082283925795,0.0069600004898013,0.0069600004898013,27.643401127079525,0.109504495905405,0.9451377180027138,0.9364409613299013
0,damage0,15,56,partial_mitigation,same_grid,65,0.65,0|15|35|75|125|175|225,0|15|35|75|125|175|225,10.0,0.833,0.002,1.5,1.5,10000.0,0.015,2,0,1,1,1,False,0.9793497650117048,0.65,0.3293497650117049,24.395618433273977,24.37018559332267,0.0254328399513035,0.1042516713436329,0.0561630352134593,5.692193618435566,4686.594168823791,0.0561630352134593,5.692193618435566,4686.594168823791,23432.97084411895,0.9866676887371084,41.19321002857027,113.77103570159552,107.97733822405326,269.88990206641915,2040,173.7924146546349,188.8303661006133,15.037951445978392,8.652823816196022,0.5547833238120026,2.743474006652832,2.95837140083313,0.2148973941802978,440.26875303561326,1.5383531284332277,0.8619409254942163,0.8619409254942163,0.0254328399513035,5.692193618435566,delta_c_5yr_pct,4686.594168823791,4.686594168823791,delta_c_5yr_billions,23432.97084411895,23.43297084411895,214.8973941802978,0.0561630352134593,5.692193618435566,4686.594168823791,0.0561630352134593,0.0254328399513035,0.0254328399513035,43.18528688699637,0.1590512909831929,0.8681913672744511,0.8400966141545433
0,damage0,15,55,partial_mitigation,same_grid,60,0.6,0|15|35|75|125|175|225,0|15|35|75|125|175|225,10.0,0.833,0.002,1.5,1.5,10000.0,0.015,2,0,1,1,1,False,0.9928949337221756,0.6,0.3928949337221757,24.39605335043879,24.363475529793305,0.0325778206454892,0.1335372577585515,0.0728630485232782,7.365914982126428,6080.147503318801,0.0728630485232782,7.365914982126428,6080.147503318801,30400.737516594003,0.9891920922259112,41.76294415165568,145.58713775637284,92.65035949417808,279.6251465321559,2040,168.81699659668226,186.2357455619025,17.41874896522023,10.318125139280294,0.6568012250140587,2.734636068344116,2.9909958839416504,0.2563598155975342,443.440564403417,1.5553178596496582,0.8498590409112584,0.8498590409112584,0.0325778206454892,7.365914982126428,delta_c_5yr_pct,6080.147503318801,6.080147503318801,delta_c_5yr_billions,30400.737516594003,30.400737516594003,256.3598155975342,0.0728630485232782,7.365914982126428,6080.147503318801,0.0728630485232782,0.0325778206454892,0.0325778206454892,43.18528688699637,0.1590512909831929,0.8294346173639894,0.79517411997032
0,damage0,15,54,partial_mitigation,same_grid,55,0.55,0|15|35|75|125|175|225,0|15|35|75|125|175|225,10.0,0.833,0.002,1.5,1.5,10000.0,0.015,2,0,1,1,1,False,0.9897132223430744,0.55,0.4397132223430743,24.39622594700643,24.35516516838187,0.041060778624562,0.1683079125179214,0.0931477025927345,9.396025760201963,7772.825634356473,0.0931477025927345,9.396025760201963,7772.825634356473,38864.128171782366,0.9913521415327872,41.62911565669704,186.71608828918343,79.03012708756174,277.31031552137125,2040,169.3830341631923,190.57552744706703,21.19249328387474,12.511579680085791,0.7890027562099444,2.7367119789123535,3.023620367050171,0.2869083881378174,446.6123777249135,1.572282590866089,0.8386609219378528,0.8386609219378528,0.041060778624562,9.396025760201963,delta_c_5yr_pct,7772.825634356473,7.772825634356472,delta_c_5yr_billions,38864.128171782366,38.86412817178237,286.9083881378174,0.0931477025927345,9.396025760201963,7772.825634356473,0.0931477025927345,0.041060778624562,0.041060778624562,43.18528688699637,0.1590512909831929,0.7824253018212269,0.7418393879688727
0,damage0,15,57,partial_mitigation,same_grid,70,0.7,0|15|35|75|125|175|225,0|15|35|75|125|175|225,10.0,0.833,0.002,1.5,1.5,10000.0,0.015,2,0,1,1,1,False,0.9790864126014954,0.7,0.2790864126014954,24.39590722145526,24.376744486104275,0.0191627353509851,0.0785489761747094,0.0418102585372603,4.250162075763336,3488.908908021072,0.0418102585372603,4.250162075763336,3488.908908021072,17444.54454010536,0.9837332739775856,41.182132953215934,84.71899481225442,125.22493503245506,269.7036927833203,2040,173.5572472764733,182.3321802726616,8.774932996188312,5.055930036854074,0.3293591283124897,2.7436459064483643,2.92574691772461,0.1821010112762451,437.0969408878002,1.521388397216797,0.8695045151076535,0.8695045151076535,0.0191627353509851,4.250162075763336,delta_c_5yr_pct,3488.908908021072,3.488908908021072,delta_c_5yr_billions,17444.54454010536,17.44454454010536,182.1010112762451,0.0418102585372603,4.250162075763336,3488.908908021072,0.0418102585372603,0.0191627353509851,0.0191627353509851,43.18528688699637,0.1590512909831929,0.9015830996588073,0.8795185173755676
0,damage0,15,62,partial_mitigation,same_grid,95,0.95,0|15|35|75|125|175|225,0|15|35|75|125|175|225,10.0,0.833,0.002,1.5,1.5,10000.0,0.015,2,0,1,1,1,False,0.9778337071570258,0.95,0.0278337071570258,24.395970627889252,24.396177615403953,-0.0002069875147014,-0.0008484495979219,-0.0004278625094908,-0.0445286670952171,-35.70351805982426,-0.0004278625094908,-0.0445286670952171,-35.70351805982426,-178.5175902991213,0.9608697888395616,41.12944191236256,-0.8680768909021498,249.833992829141,268.81952266509745,2040,172.25198023082476,174.98004076537433,2.72806053454957,1.5837614934201956,0.1048116127661202,2.7444632053375244,2.762624502182007,0.0181612968444824,421.2378819016622,1.4365647411346436,0.951964286434133,0.951964286434133,-0.0002069875147014,0.0,delta_c_5yr_pct,0.0,0.0,delta_c_5yr_billions,0.0,0.0,18.1612968444824,-0.0004278625094908,-0.0445286670952171,-35.70351805982426,0.0,-0.0002069875147014,0.0,43.18528688699637,0.1590512909831929,1.0,1.0
0,damage0,15,63,partial_mitigation,same_grid,100,1.0,0|15|35|75|125|175|225,0|15|35|75|125|175|225,10.0,0.833,0.002,1.5,1.5,10000.0,0.015,2,0,1,1,1,False,0.9845163043086994,0.9713180615660708,0.0131982427426284,24.396172438991695,24.395839152829524,0.0003332861621707,0.0013661411969612,0.0006870388286089,0.0717078454889787,57.33080763310948,0.0006870388286089,0.0717078454889787,57.33080763310948,286.6540381655474,0.9581083128687504,41.41052395050644,1.3844501871464088,264.2626650934601,273.56653666440866,2040,170.9492305930183,171.31069520629558,0.3614646132772634,0.2114455923687707,0.0140824822081997,2.740103006362915,2.7487146854400635,0.0086116790771484,419.88554431366794,1.429331636428833,0.9713180256847868,0.9713180256847868,0.0003332861621707,0.0717078454889787,delta_c_5yr_pct,57.33080763310948,0.05733080763310948,delta_c_5yr_billions,286.6540381655474,0.28665403816554735,8.6116790771484,0.0006870388286089,0.0717078454889787,57.33080763310948,0.0006870388286089,0.0003332861621707,0.0003332861621707,43.18528688699637,0.1590512909831929,0.9983395306443924,0.9979045365799268
0,damage0,15,61,partial_mitigation,same_grid,90,0.9,0|15|35|75|125|175|225,0|15|35|75|125|175|225,10.0,0.833,0.002,1.5,1.5,10000.0,0.015,2,0,1,1,1,False,0.9798502597902504,0.9,0.0798502597902502,24.395550031242763,24.394633826379778,0.0009162048629853,0.0037556228976678,0.0019107076112314,0.1976390130280279,159.44136770902915,0.0019107076112314,0.1976390130280279,159.44136770902915,797.2068385451457,0.9667664202312316,41.21426173784451,3.868596961003526,218.71046815605845,270.24410751707677,2040,168.21467894836974,171.61664346390134,3.4019645155316027,2.022394559618528,0.1335701769640707,2.743147611618042,2.7952489852905273,0.0521013736724853,424.4096936876272,1.4535294723510743,0.9208798488778208,0.9208798488778208,0.0009162048629853,0.1976390130280279,delta_c_5yr_pct,159.44136770902915,0.15944136770902914,delta_c_5yr_billions,797.2068385451457,0.7972068385451457,52.1013736724853,0.0019107076112314,0.1976390130280279,159.44136770902915,0.0019107076112314,0.0009162048629853,0.0009162048629853,43.18528688699637,0.1590512909831929,0.9954234641639595,0.9942395634935015
0,damage0,15,52,partial_mitigation,same_grid,45,0.45,0|15|35|75|125|175|225,0|15|35|75|125|175|225,10.0,0.833,0.002,1.5,1.5,10000.0,0.015,2,0,1,1,1,False,0.9838890088550252,0.45,0.533889008855025,24.395980691894746,24.33799689447372,0.0579837974210271,0.2376776656504384,0.1351969582633307,13.591227117573768,11281.6779547519,0.1351969582633307,13.591227117573768,11281.6779547519,56408.389773759496,0.9947369512243528,41.38413877710226,272.6087406461633,56.17084138056122,273.11774210629005,2040,169.61103588873567,191.51870104288383,21.90766515414819,12.916414925099303,0.8131392852039898,2.7405123710632324,3.088869333267212,0.3483569622039795,452.9560010502828,1.6062120532989503,0.8105515848045483,0.8105515848045483,0.0579837974210271,13.591227117573768,delta_c_5yr_pct,11281.6779547519,11.2816779547519,delta_c_5yr_billions,56408.389773759496,56.408389773759495,348.3569622039795,0.1351969582633307,13.591227117573768,11281.6779547519,0.1351969582633307,0.0579837974210271,0.0579837974210271,43.18528688699637,0.1590512909831929,0.6852810737801014,0.6354396304324603
0,damage0,15,58,partial_mitigation,same_grid,75,0.75,0|15|35|75|125|175|225,0|15|35|75|125|175|225,10.0,0.833,0.002,1.5,1.5,10000.0,0.015,2,0,1,1,1,False,0.986239356690779,0.75,0.236239356690779,24.396663727980066,24.383123929145626,0.0135397988344436,0.0554985672853093,0.0291973479304814,2.978295621284998,2436.4089304653767,0.0291973479304814,2.978295621284998,2436.4089304653767,12182.044652326884,0.9803374695855128,41.48299862829878,58.7327100506016,144.63382186579742,274.80270966468333,2040,168.66163681148797,180.95948745707716,12.297850645589191,7.29143323762144,0.4702932309515795,2.738978624343872,2.893122434616089,0.1541438102722168,433.9251296395528,1.5044236660003665,0.877758522377872,0.877758522377872,0.0135397988344436,2.978295621284998,delta_c_5yr_pct,2436.4089304653767,2.436408930465377,delta_c_5yr_billions,12182.044652326884,12.182044652326883,154.1438102722168,0.0291973479304814,2.978295621284998,2436.4089304653767,0.0291973479304814,0.0135397988344436,0.0135397988344436,43.18528688699637,0.1590512909831929,0.9310344833628557,0.9148714936499676
0,damage0,15,60,partial_mitigation,same_grid,85,0.85,0|15|35|75|125|175|225,0|15|35|75|125|175|225,10.0,0.833,0.002,1.5,1.5,10000.0,0.015,2,0,1,1,1,False,0.9847645388289205,0.85,0.1347645388289204,24.396694208153903,24.39202113823791,0.0046730699159915,0.0191545210023977,0.0098562206568889,1.0140946170357974,822.464563776758,0.0098562206568889,1.0140946170357974,822.464563776758,4112.32281888379,0.971923180669154,41.42096514025613,19.85623852538923,191.0527251114907,273.74431813176415,2040,171.97566161779866,176.26424957327913,4.288587955480466,2.493717957027832,0.1643437130914637,2.739940881729126,2.827873468399048,0.0879325866699218,427.5815055017487,1.470494203567505,0.908307005254324,0.908307005254324,0.0046730699159915,1.0140946170357974,delta_c_5yr_pct,822.464563776758,0.822464563776758,delta_c_5yr_billions,4112.32281888379,4.11232281888379,87.9325866699218,0.0098562206568889,1.0140946170357974,822.464563776758,0.0098562206568889,0.0046730699159915,0.0046730699159915,43.18528688699637,0.1590512909831929,0.9765175898983977,0.9706191010012908
0,damage0,15,59,partial_mitigation,same_grid,80,0.8,0|15|35|75|125|175|225,0|15|35|75|125|175|225,10.0,0.833,0.002,1.5,1.5,10000.0,0.015,2,0,1,1,1,False,0.9831530719780784,0.8,0.1831530719780782,24.395844970963203,24.388079391300113,0.0077655796630899,0.0318315666964307,0.0165383574886492,1.6937706969240462,1380.0637638909548,0.0165383574886492,1.6937706969240462,1380.0637638909548,6900.318819454774,0.976422458995399,41.35318395031525,33.37261202303225,166.4748291837552,272.59206741824323,2040,166.63083724339057,179.91082089280457,13.279983649413992,7.969703488926534,0.5125120631008784,2.740992546081543,2.8604979515075684,0.1195054054260253,430.7533172595571,1.4874589347839355,0.898325865126284,0.898325865126284,0.0077655796630899,1.6937706969240462,delta_c_5yr_pct,1380.0637638909548,1.3800637638909548,delta_c_5yr_billions,6900.318819454774,6.900318819454774,119.50540542602529,0.0165383574886492,1.6937706969240462,1380.0637638909548,0.0165383574886492,0.0077655796630899,0.0077655796630899,43.18528688699637,0.1590512909831929,0.9607789870342609,0.9511756263335801
