delay_year,tree_spec,dwl_phi_mean,dwl_phi_std,dwl_phi_count,dwl_pct_mean,dwl_pct_std,dwl_pct_count,dwl_billions_mean,dwl_billions_std,dwl_billions_count,dwl_phi_loss_mean,dwl_phi_loss_std,dwl_phi_loss_count,dwl_pct_loss_mean,dwl_pct_loss_std,dwl_pct_loss_count,dwl_billions_loss_mean,dwl_billions_loss_std,dwl_billions_loss_count,deadweight_per_ton_mean,deadweight_per_ton_std,deadweight_per_ton_count,carbon_price_optimal_mean,carbon_price_optimal_std,carbon_price_optimal_count,carbon_price_delayed_mean,carbon_price_delayed_std,carbon_price_delayed_count,m_optimal_period0_mean,m_optimal_period0_std,m_optimal_period0_count,m_delayed_period0_mean,m_delayed_period0_std,m_delayed_period0_count,mitigation_foregone_mean,mitigation_foregone_std,mitigation_foregone_count,utility_loss_mean,utility_loss_std,utility_loss_count,welfare_loss_mean,welfare_loss_std,welfare_loss_count,extra_cumulative_emissions_mean,extra_cumulative_emissions_std,extra_cumulative_emissions_count,reentry_price_increase_mean,reentry_price_increase_std,reentry_price_increase_count,reentry_price_pct_increase_mean,reentry_price_pct_increase_std,reentry_price_pct_increase_count,reentry_price_annualized_increase_mean,reentry_price_annualized_increase_std,reentry_price_annualized_increase_count,peak_catchup_mitigation_mean,peak_catchup_mitigation_std,peak_catchup_mitigation_count,ppm_at_reentry_mean,ppm_at_reentry_std,ppm_at_reentry_count,temperature_at_reentry_mean,temperature_at_reentry_std,temperature_at_reentry_count,tree_label,tree_short_label,robustness_family,tech_chg,tech_scale,dam_func,tip_on,d_unc,t_unc,ra,eis,pref
5,back_loaded_decisions,0.1307749686907296,,1,13.077496869072965,,1,7829.112488909265,,1,0.1307749686907296,,1,13.077496869072965,,1,7829.112488909265,,1,198.2417480685182,,1,242.61811469704352,,1,0.0,,1,0.9389221871340888,,1,0.0,,1,0.9389221871340888,,1,0.0556878031881922,,1,0.0556878031881922,,1,0.2007834911346435,,1,11.79043188651616,,1,7.112873461313561,,1,1.383746046973644,,1,0.7634513671087281,,1,447.7808445891872,,1,1.5307991695404053,,1,back_loaded_decisions,back_loaded_decisions,tree,,,,,,,,,
5,default,0.1433742483614789,,1,14.337424836147896,,1,8583.39428158781,,1,0.1433742483614789,,1,14.337424836147896,,1,8583.39428158781,,1,221.14974981352808,,1,232.4180088418454,,1,0.0,,1,0.922751579708451,,1,0.0,,1,0.922751579708451,,1,0.0606404746321231,,1,0.0606404746321231,,1,0.1973254680633545,,1,12.441361151744816,,1,6.986242907098799,,1,1.3597632055219355,,1,0.7722169761384559,,1,447.7808445891872,,1,1.5307991695404053,,1,"Baseline tree (2025, 2030, 2060, ...)",Baseline tree,tree,,,,,,,,,
5,front_loaded_decisions,0.1436420551551051,,1,14.36420551551051,,1,8599.42708613431,,1,0.1436420551551051,,1,14.36420551551051,,1,8599.42708613431,,1,215.46828719264144,,1,249.07722252516984,,1,0.0,,1,0.948851713938723,,1,0.0,,1,0.948851713938723,,1,0.0608519650496717,,1,0.0608519650496717,,1,0.202906847000122,,1,19.312133899175393,,1,11.151390181193024,,1,2.136972317844532,,1,0.7620759604324833,,1,447.7808445891872,,1,1.5307991695404053,,1,Front-loaded decisions,Front-loaded,tree,,,,,,,,,
5,higher_fragility_weight,0.4909899118968427,,1,49.09899118968427,,1,29394.12098236293,,1,0.4909899118968427,,1,49.09899118968427,,1,29394.12098236293,,1,700.7488071161054,,1,282.8325618415684,,1,0.0,,1,0.9972643574390616,,1,0.0,,1,0.9972643574390616,,1,0.1687402621990372,,1,0.1687402621990372,,1,0.4932843083107583,,1,5.771211879351313,,1,0.9576473856830447,,1,0.1907999938567606,,1,2.055347519787815,,1,1035.7489684548618,,1,3.540847447857354,,1,Higher fragility weight,Higher fragility,tree,,,,,,,,,
5,lower_fragility_weight,0.0442752258693164,,1,4.42752258693164,,1,2650.627465432656,,1,0.0442752258693164,,1,4.42752258693164,,1,2650.627465432656,,1,88.90815404054725,,1,128.47419820469472,,1,0.0,,1,0.70879278443942,,1,0.0,,1,0.70879278443942,,1,0.0202015988477697,,1,0.0202015988477697,,1,0.0413009912478934,,1,0.7926828199640674,,1,3.346682608266368,,1,0.6605521057123642,,1,0.1330092040933693,,1,122.01364538891666,,1,0.4171200918728656,,1,lower_fragility_weight,lower_fragility_weight,tree,,,,,,,,,
10,back_loaded_decisions,0.2438624090007516,,1,24.38624090007517,,1,14599.324710208286,,1,0.2438624090007516,,1,24.38624090007517,,1,14599.324710208286,,1,390.6895551423578,,1,212.00534766523865,,1,0.0,,1,0.8884094193960392,,1,0.0,,1,0.8884094193960392,,1,0.0979112809618349,,1,0.0979112809618349,,1,0.3839671611785888,,1,19.66322706036601,,1,12.101694164214544,,1,1.1489124480428714,,1,0.7263011331778341,,1,465.5475328261715,,1,1.6443420028686524,,1,back_loaded_decisions,back_loaded_decisions,tree,,,,,,,,,
10,default,0.2584854606559704,,1,25.848546065597045,,1,15474.763775390447,,1,0.2584854606559704,,1,25.848546065597045,,1,15474.763775390447,,1,410.42222393968115,,1,216.6123963957686,,1,0.0,,1,0.8964072205461867,,1,0.0,,1,0.8964072205461867,,1,0.102998707274601,,1,0.102998707274601,,1,0.3874237537384033,,1,21.03726845319838,,1,12.26576665710988,,1,1.1637069024335256,,1,0.7248496988164417,,1,465.5475328261715,,1,1.6443420028686524,,1,"Baseline tree (2025, 2030, 2060, ...)",Baseline tree,tree,,,,,,,,,
10,front_loaded_decisions,0.2512804675505958,,1,25.12804675505958,,1,15043.422043340828,,1,0.2512804675505958,,1,25.12804675505958,,1,15043.422043340828,,1,390.764491152367,,1,227.82190842878083,,1,0.0,,1,0.9152584237427228,,1,0.0,,1,0.9152584237427228,,1,0.1006362168186392,,1,0.1006362168186392,,1,0.395571231842041,,1,22.463380767391584,,1,13.287906435392408,,1,1.2554376461036298,,1,0.7053460007930825,,1,465.5475328261715,,1,1.6443420028686524,,1,Front-loaded decisions,Front-loaded,tree,,,,,,,,,
10,higher_fragility_weight,1.0550720494331296,,1,105.50720494331296,,1,63164.05839446829,,1,1.0550720494331296,,1,105.50720494331296,,1,63164.05839446829,,1,1511.6251154462338,,1,280.0175523758983,,1,0.0,,1,0.9934319300189433,,1,0.0,,1,0.9934319300189433,,1,0.2941151707185376,,1,0.2941151707185376,,1,0.9931345273230434,,1,45.73656840838544,,1,8.859470359054072,,1,0.8524891856551475,,1,1.9010158289558117,,1,1076.8445830544508,,1,3.8034801038010606,,1,Higher fragility weight,Higher fragility,tree,,,,,,,,,
10,lower_fragility_weight,0.0752948992277764,,1,7.5294899227776435,,1,4507.684014740176,,1,0.0752948992277764,,1,7.5294899227776435,,1,4507.684014740176,,1,162.51190008078484,,1,111.0823153805965,,1,0.0,,1,0.6594478913839438,,1,0.0,,1,0.6594478913839438,,1,0.0337442163311578,,1,0.0337442163311578,,1,0.0776612239959908,,1,1.5972552563337388,,1,6.744304105312547,,1,0.6547955471828404,,1,0.1250545927085068,,1,126.85480468475846,,1,0.4480588315924613,,1,lower_fragility_weight,lower_fragility_weight,tree,,,,,,,,,
15,back_loaded_decisions,0.372020633616296,,1,37.2020633616296,,1,22271.780432731604,,1,0.372020633616296,,1,37.2020633616296,,1,22271.780432731604,,1,610.8243814265863,,1,200.01840946466535,,1,0.0,,1,0.8668635855323109,,1,0.0,,1,0.8668635855323109,,1,0.1404510455130712,,1,0.1404510455130712,,1,0.5656192302703857,,1,23.947852105551817,,1,15.719932165001834,,1,0.9781038576399448,,1,0.6704545765440055,,1,481.5023082111194,,1,1.758894510269165,,1,back_loaded_decisions,back_loaded_decisions,tree,,,,,,,,,
15,default,0.3947875306089081,,1,39.47875306089082,,1,23634.76754993829,,1,0.3947875306089081,,1,39.47875306089082,,1,23634.76754993829,,1,634.9296888152093,,1,210.0614740017414,,1,0.0,,1,0.8849890308530837,,1,0.0,,1,0.8849890308530837,,1,0.1474272723621936,,1,0.1474272723621936,,1,0.5774459838867188,,1,27.40822603116783,,1,17.54952817984592,,1,1.083761103323977,,1,0.6683580723978874,,1,481.5023082111194,,1,1.758894510269165,,1,"Baseline tree (2025, 2030, 2060, ...)",Baseline tree,tree,,,,,,,,,
15,front_loaded_decisions,0.3834795578659187,,1,38.347955786591875,,1,22957.79250255171,,1,0.3834795578659187,,1,38.347955786591875,,1,22957.79250255171,,1,614.9740049138813,,1,211.506980932172,,1,0.0,,1,0.8875351362327365,,1,0.0,,1,0.8875351362327365,,1,0.1440996226475022,,1,0.1440996226475022,,1,0.5791072845458984,,1,34.1923987543131,,1,21.767180291954485,,1,1.32159472225013,,1,0.641889660246054,,1,481.5023082111194,,1,1.758894510269165,,1,Front-loaded decisions,Front-loaded,tree,,,,,,,,,
15,higher_fragility_weight,1.9531520964223752,,1,195.31520964223753,,1,116929.4676491382,,1,1.9531520964223752,,1,195.31520964223753,,1,116929.4676491382,,1,2780.578426401936,,1,284.68839056160743,,1,0.0,,1,0.999772095007908,,1,0.0,,1,0.999772095007908,,1,0.4255411268916731,,1,0.4255411268916731,,1,1.5089103610874428,,1,83.66277165988674,,1,19.0168507250669,,1,1.1673941397635224,,1,1.74329952389962,,1,1113.749114247717,,1,4.068448207746756,,1,Higher fragility weight,Higher fragility,tree,,,,,,,,,
15,lower_fragility_weight,0.1094760476475765,,1,10.947604764757658,,1,6554.008771365324,,1,0.1094760476475765,,1,10.947604764757658,,1,6554.008771365324,,1,237.5785942334856,,1,109.89539216539414,,1,0.0,,1,0.6558611365684528,,1,0.0,,1,0.6558611365684528,,1,0.0481230449702145,,1,0.0481230449702145,,1,0.116607994361914,,1,3.2009293645466848,,1,13.938114023391416,,1,0.8736963438423118,,1,0.1150959662051671,,1,131.2022445755042,,1,0.4792726925364248,,1,lower_fragility_weight,lower_fragility_weight,tree,,,,,,,,,
5,,0.1537187194632575,,1,15.371871946325754,,1,9202.687321417356,,1,0.1537187194632575,,1,15.371871946325754,,1,9202.687321417356,,1,219.24390354662185,,1,262.7015928899181,,1,0.0,,1,0.9979282743430864,,1,0.0,,1,0.9979282743430864,,1,0.0642173981219933,,1,0.0642173981219933,,1,0.2134015560150146,,1,8.387468758015672,,1,4.611307753938494,,1,0.9057062110184644,,1,0.6865994920468028,,1,447.7808445891872,,1,1.5307991695404053,,1,,,technology,0.0,0.0,,,,,,,
5,,0.1687605642513871,,1,16.876056425138714,,1,10103.19829890787,,1,0.1687605642513871,,1,16.876056425138714,,1,10103.19829890787,,1,242.67252877719767,,1,257.1896213037783,,1,0.0,,1,0.9898068354563228,,1,0.0,,1,0.9898068354563228,,1,0.0701821825517896,,1,0.0701821825517896,,1,0.2116646766662597,,1,16.516513883792925,,1,8.738776496958502,,1,1.6896818115582857,,1,0.7402427404952848,,1,447.7808445891872,,1,1.5307991695404053,,1,,,technology,0.0,1.5,,,,,,,
5,,0.1734352513688394,,1,17.34352513688394,,1,10383.058058458191,,1,0.1734352513688394,,1,17.34352513688394,,1,10383.058058458191,,1,249.6949940342318,,1,256.3902560576728,,1,0.0,,1,0.988615998298081,,1,0.0,,1,0.988615998298081,,1,0.0721686125340674,,1,0.0721686125340674,,1,0.2114100456237793,,1,19.45623938631752,,1,10.295321722447207,,1,1.9791571807212585,,1,0.7795870020565314,,1,447.7808445891872,,1,1.5307991695404053,,1,,,technology,0.0,3.0,,,,,,,
5,,0.1295662815745845,,1,12.956628157458455,,1,7756.751948578538,,1,0.1295662815745845,,1,12.956628157458455,,1,7756.751948578538,,1,195.96774228893833,,1,243.9822495137872,,1,0.0,,1,0.9410387378441404,,1,0.0,,1,0.9410387378441404,,1,0.0550558724059548,,1,0.0550558724059548,,1,0.2012360095977783,,1,6.517509394966339,,1,3.783998124867997,,1,0.7455980872581591,,1,0.7182479969121616,,1,447.7808445891872,,1,1.5307991695404053,,1,,,technology,1.5,0.0,,,,,,,
5,,0.143091679562641,,1,14.309167956264105,,1,8566.477719235654,,1,0.143091679562641,,1,14.309167956264105,,1,8566.477719235654,,1,217.17562350527797,,1,241.888161943934,,1,0.0,,1,0.9377852548887632,,1,0.0,,1,0.9377852548887632,,1,0.0605303366112863,,1,0.0605303366112863,,1,0.2005403041839599,,1,11.408261307978876,,1,6.438501100618184,,1,1.2557628669432883,,1,0.7759095535751211,,1,447.7808445891872,,1,1.5307991695404053,,1,,,technology,1.5,1.5,,,,,,,
5,,0.1454295262151675,,1,14.54295262151675,,1,8706.437717755975,,1,0.1454295262151675,,1,14.54295262151675,,1,8706.437717755975,,1,220.13436145539816,,1,243.5031324375192,,1,0.0,,1,0.9402965586719728,,1,0.0,,1,0.9402965586719728,,1,0.0615421601722019,,1,0.0615421601722019,,1,0.2010772228240966,,1,18.50372505546241,,1,10.473674467511808,,1,2.012116891483484,,1,0.8170006980829922,,1,447.7808445891872,,1,1.5307991695404053,,1,,,technology,1.5,3.0,,,,,,,
5,,0.1182659146037276,,1,11.82659146037276,,1,7080.232236384827,,1,0.1182659146037276,,1,11.82659146037276,,1,7080.232236384827,,1,192.3641189212781,,1,220.8131167765197,,1,0.0,,1,0.8750555480848772,,1,0.0,,1,0.8750555480848772,,1,0.0507224360080371,,1,0.0507224360080371,,1,0.1871259212493896,,1,10.434406252865756,,1,6.3424429412057215,,1,1.2374800930150975,,1,0.7771541099480063,,1,447.7808445891872,,1,1.5307991695404053,,1,,,technology,3.0,0.0,,,,,,,
5,,0.1243147934924449,,1,12.43147934924449,,1,7442.360812867623,,1,0.1243147934924449,,1,12.43147934924449,,1,7442.360812867623,,1,192.4594968593145,,1,248.69297330578868,,1,0.0,,1,0.9193556774666418,,1,0.0,,1,0.9193556774666418,,1,0.0532227363041286,,1,0.0532227363041286,,1,0.1965992450714111,,1,14.149313394427196,,1,8.507044635741808,,1,1.6463028935211232,,1,0.8064323960679864,,1,447.7808445891872,,1,1.5307991695404053,,1,,,technology,3.0,1.5,,,,,,,
5,,0.130204537040464,,1,13.020453704046403,,1,7794.962424857444,,1,0.130204537040464,,1,13.020453704046403,,1,7794.962424857444,,1,199.75258257243527,,1,254.3165880212713,,1,0.0,,1,0.927756082583736,,1,0.0,,1,0.927756082583736,,1,0.055624609800013,,1,0.055624609800013,,1,0.1983954906463623,,1,19.348655306785247,,1,11.641961653544886,,1,2.226970762746694,,1,0.8184595322475287,,1,447.7808445891872,,1,1.5307991695404053,,1,,,technology,3.0,3.0,,,,,,,
10,,0.2594444736739583,,1,25.944447367395835,,1,15532.177062285677,,1,0.2594444736739583,,1,25.944447367395835,,1,15532.177062285677,,1,391.3158774285283,,1,227.8015885615305,,1,0.0,,1,0.9436632679647812,,1,0.0,,1,0.9436632679647812,,1,0.1025843783674069,,1,0.1025843783674069,,1,0.4078476428985595,,1,12.470713031939994,,1,6.779316123151245,,1,0.6580965265421401,,1,0.6173991849057173,,1,465.5475328261715,,1,1.6443420028686524,,1,,,technology,0.0,0.0,,,,,,,
10,,0.3148065749933018,,1,31.480657499330185,,1,18846.543130891416,,1,0.3148065749933018,,1,31.480657499330185,,1,18846.543130891416,,1,463.3552337524776,,1,242.2689178727775,,1,0.0,,1,0.967007443615653,,1,0.0,,1,0.967007443615653,,1,0.1216132722569511,,1,0.1216132722569511,,1,0.4179368019104004,,1,19.239939639318948,,1,10.12461927153055,,1,0.969089968979664,,1,0.6634290116192703,,1,465.5475328261715,,1,1.6443420028686524,,1,,,technology,0.0,1.5,,,,,,,
10,,0.3426842242728775,,1,34.268422427287746,,1,20515.49594595433,,1,0.3426842242728775,,1,34.268422427287746,,1,20515.49594595433,,1,509.5600162335232,,1,236.08832968245596,,1,0.0,,1,0.9571915689839466,,1,0.0,,1,0.9571915689839466,,1,0.131073475490254,,1,0.131073475490254,,1,0.4136946201324463,,1,34.68236003033098,,1,19.29313570798437,,1,1.7797888236372517,,1,0.7106257560757315,,1,465.5475328261715,,1,1.6443420028686524,,1,,,technology,0.0,3.0,,,,,,,
10,,0.2191074390992084,,1,21.910743909920843,,1,13117.317519083766,,1,0.2191074390992084,,1,21.910743909920843,,1,13117.317519083766,,1,352.3497646935845,,1,210.11378464431263,,1,0.0,,1,0.8850814378731507,,1,0.0,,1,0.8850814378731507,,1,0.0887904922176474,,1,0.0887904922176474,,1,0.3825287818908691,,1,17.452963600462567,,1,10.32060320240356,,1,0.9870446186653448,,1,0.668514699382288,,1,465.5475328261715,,1,1.6443420028686524,,1,,,technology,1.5,0.0,,,,,,,
10,,0.2563029827726256,,1,25.63029827726256,,1,15344.105247811884,,1,0.2563029827726256,,1,25.63029827726256,,1,15344.105247811884,,1,399.05263974561854,,1,227.15670040619108,,1,0.0,,1,0.9141628492748948,,1,0.0,,1,0.9141628492748948,,1,0.1022413019963366,,1,0.1022413019963366,,1,0.3950977325439453,,1,17.65889990212304,,1,10.271071653988574,,1,0.9825096039481008,,1,0.722460515694492,,1,465.5475328261715,,1,1.6443420028686524,,1,,,technology,1.5,1.5,,,,,,,
10,,0.2842087547171065,,1,28.420875471710655,,1,17014.741684054265,,1,0.2842087547171065,,1,28.420875471710655,,1,17014.741684054265,,1,435.7081356587493,,1,235.94579381496797,,1,0.0,,1,0.9284144217942736,,1,0.0,,1,0.9284144217942736,,1,0.1120383818488619,,1,0.1120383818488619,,1,0.4012570381164551,,1,28.415853228519296,,1,16.973809625219673,,1,1.5801531882863928,,1,0.7598832367480141,,1,465.5475328261715,,1,1.6443420028686524,,1,,,technology,1.5,3.0,,,,,,,
10,,0.1935168801261809,,1,19.351688012618094,,1,11585.28606948954,,1,0.1935168801261809,,1,19.351688012618094,,1,11585.28606948954,,1,330.0708962244085,,1,197.70933047004465,,1,0.0,,1,0.8344719002203257,,1,0.0,,1,0.8344719002203257,,1,0.0797302676129021,,1,0.0797302676129021,,1,0.3606555461883545,,1,14.322393648866864,,1,8.964292254880558,,1,0.8621961694557534,,1,0.7398237236612488,,1,465.5475328261715,,1,1.6443420028686524,,1,,,technology,3.0,0.0,,,,,,,
10,,0.2269179439049233,,1,22.691794390492333,,1,13584.909454538332,,1,0.2269179439049233,,1,22.691794390492333,,1,13584.909454538332,,1,373.59441623536026,,1,214.59346834107137,,1,0.0,,1,0.8645070888588142,,1,0.0,,1,0.8645070888588142,,1,0.0920556714462605,,1,0.0920556714462605,,1,0.3736367225646972,,1,22.925642128496264,,1,14.606303196477544,,1,1.3726618533381751,,1,0.77045378216695,,1,465.5475328261715,,1,1.6443420028686524,,1,,,technology,3.0,1.5,,,,,,,
10,,0.2445247691543511,,1,24.452476915435113,,1,14638.978263197963,,1,0.2445247691543511,,1,24.452476915435113,,1,14638.978263197963,,1,398.552734595199,,1,219.73578527176969,,1,0.0,,1,0.8732471157758529,,1,0.0,,1,0.8732471157758529,,1,0.098446505014536,,1,0.098446505014536,,1,0.3774139881134033,,1,22.76040204407562,,1,14.605817044890518,,1,1.3726188517116045,,1,0.779640853098375,,1,465.5475328261715,,1,1.6443420028686524,,1,,,technology,3.0,3.0,,,,,,,
15,,0.3899740683577778,,1,38.99740683577778,,1,23346.599731566712,,1,0.3899740683577778,,1,38.99740683577778,,1,23346.599731566712,,1,600.9915022864977,,1,215.96901579005385,,1,0.0,,1,0.9235650579260164,,1,0.0,,1,0.9235650579260164,,1,0.1448488085711048,,1,0.1448488085711048,,1,0.602616548538208,,1,20.10414879898281,,1,11.055742538459077,,1,0.7015297671802756,,1,0.550962610637266,,1,481.5023082111194,,1,1.758894510269165,,1,,,technology,0.0,0.0,,,,,,,
15,,0.4871389040872971,,1,48.71389040872972,,1,29163.572478788818,,1,0.4871389040872971,,1,48.71389040872972,,1,29163.572478788818,,1,730.7268986241922,,1,230.94780393967423,,1,0.0,,1,0.9488505551472176,,1,0.0,,1,0.9488505551472176,,1,0.1739953687912958,,1,0.1739953687912958,,1,0.619114875793457,,1,30.604373309006405,,1,17.072622369924197,,1,1.0563689938084986,,1,0.5823389874043186,,1,481.5023082111194,,1,1.758894510269165,,1,,,technology,0.0,1.5,,,,,,,
15,,0.5481447393866773,,1,54.81447393866773,,1,32815.81229058527,,1,0.5481447393866773,,1,54.81447393866773,,1,32815.81229058527,,1,821.9167556000432,,1,231.17419809487907,,1,0.0,,1,0.9492213809934062,,1,0.0,,1,0.9492213809934062,,1,0.1914542817200768,,1,0.1914542817200768,,1,0.6193568706512451,,1,53.82647811085931,,1,32.56328344576811,,1,1.897035722667928,,1,0.6414860519860344,,1,481.5023082111194,,1,1.758894510269165,,1,,,technology,0.0,3.0,,,,,,,
15,,0.3288731666238991,,1,32.88731666238991,,1,19688.66857212887,,1,0.3288731666238991,,1,32.88731666238991,,1,19688.66857212887,,1,544.6869934722264,,1,195.99168619321145,,1,0.0,,1,0.8593726555766682,,1,0.0,,1,0.8593726555766682,,1,0.1262333175011889,,1,0.1262333175011889,,1,0.5607316493988037,,1,12.834517258326088,,1,7.620924091530669,,1,0.4908333573777845,,1,0.6169616556383223,,1,481.5023082111194,,1,1.758894510269165,,1,,,technology,1.5,0.0,,,,,,,
15,,0.3928897661037929,,1,39.28897661037929,,1,23521.15397436829,,1,0.3928897661037929,,1,39.28897661037929,,1,23521.15397436829,,1,624.870394191545,,1,215.7451003957978,,1,0.0,,1,0.8949130960025743,,1,0.0,,1,0.8949130960025743,,1,0.1468457887732306,,1,0.1468457887732306,,1,0.5839214324951172,,1,27.017528773157498,,1,17.1291710773403,,1,1.0596224269884713,,1,0.6715590546008084,,1,481.5023082111194,,1,1.758894510269165,,1,,,technology,1.5,1.5,,,,,,,
15,,0.4374442479429495,,1,43.74442479429495,,1,26188.499672831073,,1,0.4374442479429495,,1,43.74442479429495,,1,26188.499672831073,,1,703.5850225807018,,1,210.02495147485237,,1,0.0,,1,0.8849245016661741,,1,0.0,,1,0.8849245016661741,,1,0.160575147556333,,1,0.160575147556333,,1,0.5774037837982178,,1,48.44526832930955,,1,33.63274318068167,,1,1.9516343619175869,,1,0.7044361298518926,,1,481.5023082111194,,1,1.758894510269165,,1,,,technology,1.5,3.0,,,,,,,
15,,0.2913785790527717,,1,29.13785790527717,,1,17443.97796536733,,1,0.2913785790527717,,1,29.13785790527717,,1,17443.97796536733,,1,504.1516077918725,,1,191.36671567363985,,1,0.0,,1,0.8226148783107922,,1,0.0,,1,0.8226148783107922,,1,0.1142642058626499,,1,0.1142642058626499,,1,0.5367474555969238,,1,11.123469927836652,,1,7.328126384907213,,1,0.4725835554862945,,1,0.6909616663004734,,1,481.5023082111194,,1,1.758894510269165,,1,,,technology,3.0,0.0,,,,,,,
15,,0.3384702378357527,,1,33.84702378357527,,1,20263.216980237194,,1,0.3384702378357527,,1,33.84702378357527,,1,20263.216980237194,,1,571.7046692155772,,1,202.19036596037853,,1,0.0,,1,0.8426531391437022,,1,0.0,,1,0.8426531391437022,,1,0.130009799886924,,1,0.130009799886924,,1,0.5498223304748535,,1,23.4075572983551,,1,16.40957457094467,,1,1.018111858976578,,1,0.7139044955936287,,1,481.5023082111194,,1,1.758894510269165,,1,,,technology,3.0,1.5,,,,,,,
15,,0.3750636438770143,,1,37.50636438770143,,1,22453.956501092296,,1,0.3750636438770143,,1,37.50636438770143,,1,22453.956501092296,,1,624.5401617594545,,1,208.98298092451788,,1,0.0,,1,0.8547609889132941,,1,0.0,,1,0.8547609889132941,,1,0.1418166701844256,,1,0.1418166701844256,,1,0.5577225685119629,,1,40.87288033301604,,1,32.16431240336268,,1,1.876561890394268,,1,0.723858899470623,,1,481.5023082111194,,1,1.758894510269165,,1,,,technology,3.0,3.0,,,,,,,
5,,0.1094136082583556,,1,10.941360825835565,,1,6550.270708899367,,1,0.1094136082583556,,1,10.941360825835565,,1,6550.270708899367,,1,173.2497429299816,,1,218.05102569825112,,1,0.0,,1,0.8988740385746363,,1,0.0,,1,0.8988740385746363,,1,0.0473040612119,,1,0.0473040612119,,1,0.1922192573547363,,1,9.386232585363643,,1,6.294929213610695,,1,1.2284319090139828,,1,0.712724862395735,,1,447.7808445891872,,1,1.5307991695404053,,1,,,damage,,,0.0,0.0,1.0,1.0,,,
5,,0.1432489069366067,,1,14.324890693660668,,1,8575.890459375732,,1,0.1432489069366067,,1,14.324890693660668,,1,8575.890459375732,,1,212.9076877391269,,1,254.91839107476605,,1,0.0,,1,0.9576351291483284,,1,0.0,,1,0.9576351291483284,,1,0.0605884791154274,,1,0.0605884791154274,,1,0.2047851085662841,,1,15.941914452772124,,1,9.253507943216576,,1,1.7857727370970355,,1,0.7712240876227272,,1,447.7808445891872,,1,1.5307991695404053,,1,,,damage,,,0.0,1.0,1.0,1.0,,,
5,,0.2881245129754151,,1,28.812451297541507,,1,17249.166606427396,,1,0.2881245129754151,,1,28.812451297541507,,1,17249.166606427396,,1,413.3734133966403,,1,279.0157196670702,,1,0.0,,1,0.9920595981022424,,1,0.0,,1,0.9920595981022424,,1,0.1095008382011109,,1,0.1095008382011109,,1,0.212146520614624,,1,6.818321581775365,,1,2.675283452934257,,1,0.5294211978922325,,1,0.8910203946146317,,1,447.7808445891872,,1,1.5307991695404053,,1,,,damage,,,1.0,0.0,1.0,1.0,,,
5,,0.3341626061835833,,1,33.416260618358336,,1,20005.331751104583,,1,0.3341626061835833,,1,33.416260618358336,,1,20005.331751104583,,1,477.7318795630485,,1,281.5881093252151,,1,0.0,,1,0.9955744025426648,,1,0.0,,1,0.9955744025426648,,1,0.123879274854957,,1,0.123879274854957,,1,0.2128982543945312,,1,5.681668707852168,,1,2.2059956459821373,,1,0.4373567425705493,,1,0.8882425651305478,,1,447.7808445891872,,1,1.5307991695404053,,1,,,damage,,,1.0,1.0,1.0,1.0,,,
5,,0.0112049097493785,,1,1.1204909749378589,,1,670.8049692859893,,1,0.0112049097493785,,1,1.1204909749378589,,1,670.8049692859893,,1,34.9818466924864,,1,57.37410809424183,,1,0.0,,1,0.4558959417834654,,1,0.0,,1,0.4558959417834654,,1,0.005270966570162,,1,0.005270966570162,,1,0.0974907875061035,,1,1.5198716974699735,,1,3.694618666421945,,1,0.7282395528248831,,1,0.355036553769388,,1,447.7808445891872,,1,1.5307991695404053,,1,,,damage,,,2.0,0.0,1.0,1.0,,,
5,,0.0328893417677042,,1,3.288934176770425,,1,1968.9880943079263,,1,0.0328893417677042,,1,3.288934176770425,,1,1968.9880943079263,,1,73.49377256675054,,1,103.80061033911082,,1,0.0,,1,0.6369491118163345,,1,0.0,,1,0.6369491118163345,,1,0.015190408106033,,1,0.015190408106033,,1,0.1362080574035644,,1,3.192900004898391,,1,4.118703962271657,,1,0.8104958076492252,,1,0.5375669128499372,,1,447.7808445891872,,1,1.5307991695404053,,1,,,damage,,,2.0,1.0,1.0,1.0,,,
5,,0.0360922866639989,,1,3.60922866639989,,1,2160.7389785935225,,1,0.0360922866639989,,1,3.60922866639989,,1,2160.7389785935225,,1,78.45737848421233,,1,109.53230477905932,,1,0.0,,1,0.6547578302828888,,1,0.0,,1,0.6547578302828888,,1,0.0166418347579551,,1,0.0166418347579551,,1,0.1400163173675537,,1,7.9039099839136355,,1,9.961489748283327,,1,1.9173500355883055,,1,0.5519871066969669,,1,447.7808445891872,,1,1.5307991695404053,,1,,,damage,,,3.0,0.0,1.0,1.0,,,
5,,0.0594589025320525,,1,5.945890253205252,,1,3559.62949982744,,1,0.0594589025320525,,1,5.945890253205252,,1,3559.62949982744,,1,110.62952109000868,,1,150.90594853512647,,1,0.0,,1,0.7649727275735858,,1,0.0,,1,0.7649727275735858,,1,0.0269299349827569,,1,0.0269299349827569,,1,0.1635851860046386,,1,11.838986190491426,,1,11.093567019507462,,1,2.1263433693779143,,1,0.6573207914650098,,1,447.7808445891872,,1,1.5307991695404053,,1,,,damage,,,3.0,1.0,1.0,1.0,,,
10,,0.1944645986118627,,1,19.446459861186273,,1,11642.02318597678,,1,0.1944645986118627,,1,19.446459861186273,,1,11642.02318597678,,1,322.6569763930066,,1,195.16952148449784,,1,0.0,,1,0.8578267549635558,,1,0.0,,1,0.8578267549635558,,1,0.0803235627321186,,1,0.0803235627321186,,1,0.3707494735717773,,1,16.77310153621403,,1,11.234484977133077,,1,1.0703907724283646,,1,0.6723924511183671,,1,465.5475328261715,,1,1.6443420028686524,,1,,,damage,,,0.0,0.0,1.0,1.0,,,
10,,0.2597968825650372,,1,25.979688256503724,,1,15553.274745412433,,1,0.2597968825650372,,1,25.979688256503724,,1,15553.274745412433,,1,407.71357610204143,,1,222.8143316950737,,1,0.0,,1,0.9069406297966112,,1,0.0,,1,0.9069406297966112,,1,0.1034587689278936,,1,0.1034587689278936,,1,0.3919763565063476,,1,14.238111356930888,,1,8.046998663116476,,1,0.7769640143574286,,1,0.7283584106059857,,1,465.5475328261715,,1,1.6443420028686524,,1,,,damage,,,0.0,1.0,1.0,1.0,,,
10,,0.5561534473145804,,1,55.61534473145804,,1,33295.270063629396,,1,0.5561534473145804,,1,55.61534473145804,,1,33295.270063629396,,1,794.9887818274262,,1,281.6892273016061,,1,0.0,,1,0.9957119717957336,,1,0.0,,1,0.9957119717957336,,1,0.1874864882353861,,1,0.1874864882353861,,1,0.4303429126739502,,1,15.518382529370058,,1,6.930759020485571,,1,0.672363553133315,,1,0.8191047258703675,,1,465.5475328261715,,1,1.6443420028686524,,1,,,damage,,,1.0,0.0,1.0,1.0,,,
10,,0.6528610344515884,,1,65.28610344515884,,1,39084.86868335594,,1,0.6528610344515884,,1,65.28610344515884,,1,39084.86868335594,,1,929.7082412599854,,1,284.47175730998055,,1,0.0,,1,0.9994801279399984,,1,0.0,,1,0.9994801279399984,,1,0.2110590208813683,,1,0.2110590208813683,,1,0.4319715499877929,,1,22.406959712904836,,1,10.188394735274128,,1,0.97493577627632,,1,0.8223787075024291,,1,465.5475328261715,,1,1.6443420028686524,,1,,,damage,,,1.0,1.0,1.0,1.0,,,
10,,0.0176590305337988,,1,1.765903053379883,,1,1057.1941853884384,,1,0.0176590305337988,,1,1.765903053379883,,1,1057.1941853884384,,1,60.21420261192932,,1,49.81459748378172,,1,0.0,,1,0.4174149634326934,,1,0.0,,1,0.4174149634326934,,1,0.0082751332648278,,1,0.0082751332648278,,1,0.1804051399230957,,1,2.5960664788068613,,1,6.479183799565952,,1,0.6297679797348632,,1,0.3310428252738728,,1,465.5475328261715,,1,1.6443420028686524,,1,,,damage,,,2.0,0.0,1.0,1.0,,,
10,,0.0544520665888501,,1,5.445206658885011,,1,3259.884967633762,,1,0.0544520665888501,,1,5.445206658885011,,1,3259.884967633762,,1,129.67736156577354,,1,91.97489024631672,,1,0.0,,1,0.5976546417488091,,1,0.0,,1,0.5976546417488091,,1,0.0248350727297328,,1,0.0248350727297328,,1,0.2583041191101074,,1,6.420674392749774,,1,8.419989510801779,,1,0.8116994725361648,,1,0.506944706257992,,1,465.5475328261715,,1,1.6443420028686524,,1,,,damage,,,2.0,1.0,1.0,1.0,,,
10,,0.060497197356455,,1,6.049719735645507,,1,3621.789155136738,,1,0.060497197356455,,1,6.049719735645507,,1,3621.789155136738,,1,140.12910243277005,,1,96.90419080553728,,1,0.0,,1,0.6144789514421283,,1,0.0,,1,0.6144789514421283,,1,0.0275016165616186,,1,0.0275016165616186,,1,0.2655754089355469,,1,8.256634048545706,,1,10.393730588860777,,1,0.9937366748322018,,1,0.5203719368091622,,1,465.5475328261715,,1,1.6443420028686524,,1,,,damage,,,3.0,0.0,1.0,1.0,,,
10,,0.1017721777008709,,1,10.177217770087092,,1,6092.80075108031,,1,0.1017721777008709,,1,10.177217770087092,,1,6092.80075108031,,1,203.34673649468215,,1,129.80709968271844,,1,0.0,,1,0.7123475851156311,,1,0.0,,1,0.7123475851156311,,1,0.0450032091828909,,1,0.0450032091828909,,1,0.3078739643096924,,1,14.842855024096169,,1,14.117792692872127,,1,1.3293685485239903,,1,0.616139424729075,,1,465.5475328261715,,1,1.6443420028686524,,1,,,damage,,,3.0,1.0,1.0,1.0,,,
15,,0.2906410811483197,,1,29.06410811483197,,1,17399.826136373635,,1,0.2906410811483197,,1,29.06410811483197,,1,17399.826136373635,,1,502.3446512496646,,1,177.6578792556338,,1,0.0,,1,0.8234842809302978,,1,0.0,,1,0.8234842809302978,,1,0.114367350287857,,1,0.114367350287857,,1,0.5373146533966064,,1,18.709242799878695,,1,12.55256430677778,,1,0.7914499695681476,,1,0.6189643142843553,,1,481.5023082111194,,1,1.758894510269165,,1,,,damage,,,0.0,0.0,1.0,1.0,,,
15,,0.3941383257708336,,1,39.41383257708336,,1,23595.901566971395,,1,0.3941383257708336,,1,39.41383257708336,,1,23595.901566971395,,1,621.2631625409487,,1,220.45814583154328,,1,0.0,,1,0.9029696637188264,,1,0.0,,1,0.9029696637188264,,1,0.1472272059563586,,1,0.1472272059563586,,1,0.5891780853271484,,1,32.08435411241396,,1,20.45698058094178,,1,1.2485467056951416,,1,0.6714480668651148,,1,481.5023082111194,,1,1.758894510269165,,1,,,damage,,,0.0,1.0,1.0,1.0,,,
15,,0.8905718310723115,,1,89.05718310723115,,1,53315.91446531377,,1,0.8905718310723115,,1,89.05718310723115,,1,53315.91446531377,,1,1273.776058871138,,1,281.25520482776386,,1,0.0,,1,0.9951211757595616,,1,0.0,,1,0.9951211757595616,,1,0.2644536981969168,,1,0.2644536981969168,,1,0.649306058883667,,1,28.49123503514437,,1,14.683448146606317,,1,0.917554101257112,,1,0.7510673229755833,,1,481.5023082111194,,1,1.758894510269165,,1,,,damage,,,1.0,0.0,1.0,1.0,,,
15,,1.0956987372709075,,1,109.56987372709077,,1,65596.258626043,,1,1.0956987372709075,,1,109.56987372709077,,1,65596.258626043,,1,1559.7055810362342,,1,284.7697718986774,,1,0.0,,1,0.9998817245680264,,1,0.0,,1,0.9998817245680264,,1,0.3030193267958481,,1,0.3030193267958481,,1,0.6524121761322021,,1,29.384105253635255,,1,15.194784915367473,,1,0.9474891345555124,,1,0.7516469531185591,,1,481.5023082111194,,1,1.758894510269165,,1,,,damage,,,1.0,1.0,1.0,1.0,,,
15,,0.0244930266171205,,1,2.4493026617120597,,1,1466.3254176170126,,1,0.0244930266171205,,1,2.4493026617120597,,1,1466.3254176170126,,1,87.72731033134936,,1,46.14269266271573,,1,0.0,,1,0.3973815832297035,,1,0.0,,1,0.3973815832297035,,1,0.0114307883915962,,1,0.0114307883915962,,1,0.2592871189117431,,1,2.4012456862268294,,1,5.907898435281951,,1,0.3833974129720419,,1,0.3076411684656304,,1,481.5023082111194,,1,1.758894510269165,,1,,,damage,,,2.0,0.0,1.0,1.0,,,
15,,0.0774553047359224,,1,7.745530473592242,,1,4637.021134177263,,1,0.0774553047359224,,1,7.745530473592242,,1,4637.021134177263,,1,189.58772193333215,,1,87.41934845244191,,1,0.0,,1,0.5814883985371573,,1,0.0,,1,0.5814883985371573,,1,0.0348620996583477,,1,0.0348620996583477,,1,0.3794150352478027,,1,10.52504023642622,,1,14.26922223282692,,1,0.893212726839332,,1,0.4718297888488479,,1,481.5023082111194,,1,1.758894510269165,,1,,,damage,,,2.0,1.0,1.0,1.0,,,
15,,0.0866521437124753,,1,8.665214371247531,,1,5187.608816290178,,1,0.0866521437124753,,1,8.665214371247531,,1,5187.608816290178,,1,206.05341438551963,,1,92.23197980353336,,1,0.0,,1,0.5985488374129668,,1,0.0,,1,0.5985488374129668,,1,0.0388063103026254,,1,0.0388063103026254,,1,0.3905467987060547,,1,14.852456814051637,,1,19.40008023744502,,1,1.189078572588076,,1,0.4857845464867125,,1,481.5023082111194,,1,1.758894510269165,,1,,,damage,,,3.0,0.0,1.0,1.0,,,
15,,0.1497576510682487,,1,14.97576510682487,,1,8965.54981451321,,1,0.1497576510682487,,1,14.97576510682487,,1,8965.54981451321,,1,306.24718713438216,,1,123.7734722310364,,1,0.0,,1,0.6960124477885625,,1,0.0,,1,0.6960124477885625,,1,0.0644986664237485,,1,0.0644986664237485,,1,0.4541406631469726,,1,21.73362802248691,,1,20.757054157634915,,1,1.2653420518432767,,1,0.578368307718935,,1,481.5023082111194,,1,1.758894510269165,,1,,,damage,,,3.0,1.0,1.0,1.0,,,
5,,0.0142768764780041,,1,1.4276876478004132,,1,854.7145761578805,,1,0.0142768764780041,,1,1.4276876478004132,,1,854.7145761578805,,1,41.06052766680241,,1,65.76821098700479,,1,0.0,,1,0.4948901061979283,,1,0.0,,1,0.4948901061979283,,1,0.0143753367893104,,1,0.0143753367893104,,1,0.1058294773101806,,1,1.517259469211815,,1,2.841979642179965,,1,0.5620424845305783,,1,0.4573143671787349,,1,447.7808445891872,,1,1.5307991695404053,,1,,,preference,,,,,,,3.0,0.55,0.001
5,,0.0105923981305896,,1,1.059239813058963,,1,634.1357013651275,,1,0.0105923981305896,,1,1.059239813058963,,1,634.1357013651275,,1,34.350021750605606,,1,53.950823758126106,,1,0.0,,1,0.4389018134025044,,1,0.0,,1,0.4389018134025044,,1,0.0060124995648713,,1,0.0060124995648713,,1,0.0938565731048584,,1,0.4326146521361025,,1,0.9596734790445512,,1,0.1912021313678513,,1,0.4092460167809844,,1,447.7808445891872,,1,1.5307991695404053,,1,,,preference,,,,,,,3.0,0.55,0.002
5,,0.0002476811689832,,1,0.0247681168983202,,1,14.827942631283523,,1,0.0002476811689832,,1,0.0247681168983202,,1,14.827942631283523,,1,3.568309927491144,,1,7.792957919265463,,1,0.0,,1,0.0987939878340616,,1,0.0,,1,0.0987939878340616,,1,6.429378526973117e-05,,1,6.429378526973117e-05,,1,0.0211265087127685,,1,0.0142194262322234,,1,0.1603647227168326,,1,0.0320523908412972,,1,0.1371990409316585,,1,447.7808445891872,,1,1.5307991695404053,,1,,,preference,,,,,,,3.0,0.55,0.024
5,,0.2168877771961149,,1,21.688777719611497,,1,12984.432893679936,,1,0.2168877771961149,,1,21.688777719611497,,1,12984.432893679936,,1,311.7065111780383,,1,277.7731896816069,,1,0.0,,1,0.990351352916272,,1,0.0,,1,0.990351352916272,,1,0.2056908301046149,,1,0.2056908301046149,,1,0.2117812633514404,,1,3.5176565760298786,,1,1.649607914215498,,1,0.3277659189308224,,1,0.8225700745314422,,1,447.7808445891872,,1,1.5307991695404053,,1,,,preference,,,,,,,3.0,0.833,0.001
5,,0.113751503464894,,1,11.375150346489402,,1,6809.967727962746,,1,0.113751503464894,,1,11.375150346489402,,1,6809.967727962746,,1,178.01363886708674,,1,224.3462746290158,,1,0.0,,1,0.9095026382501236,,1,0.0,,1,0.9095026382501236,,1,0.049036048580703,,1,0.049036048580703,,1,0.1944921016693115,,1,14.030683351055302,,1,8.833791474606796,,1,1.7074467117752068,,1,0.7509169401321218,,1,447.7808445891872,,1,1.5307991695404053,,1,,,preference,,,,,,,3.0,0.833,0.002
5,,0.0008664215700653,,1,0.0866421570065357,,1,51.87010941597662,,1,0.0008664215700653,,1,0.0866421570065357,,1,51.87010941597662,,1,7.578383544363042,,1,13.895906577227226,,1,0.0,,1,0.1627244341826018,,1,0.0,,1,0.1627244341826018,,1,0.0001865298897851,,1,0.0001865298897851,,1,0.0347976684570312,,1,0.240529158082003,,1,1.7306646269178585,,1,0.3437613495169689,,1,0.1869644516225527,,1,447.7808445891872,,1,1.5307991695404053,,1,,,preference,,,,,,,3.0,0.833,0.024
5,,8.731149137020111e-09,,1,8.731149137020111e-07,,1,0.0005227082020018,,1,8.731149137020111e-09,,1,8.731149137020111e-07,,1,0.0005227082020018,,1,2.626964101071192e-05,,1,60.974171975160786,,1,0.0,,1,0.4730612381611642,,1,0.0,,1,0.4730612381611642,,1,,,0,,,0,0.1011614799499511,,1,-209852.18906541463,,1,-99.93429403497366,,1,-76.90484083423624,,1,0.6810903894286179,,1,447.7808445891872,,1,1.5307991695404053,,1,,,preference,,,,,,,3.0,1.86,0.001
5,,5.516223419504141,,1,551.6223419504141,,1,330240.0612106978,,1,5.516223419504141,,1,551.6223419504141,,1,330240.0612106978,,1,7860.399388444635,,1,283.999710397502,,1,0.0,,1,0.9988432295848249,,1,0.0,,1,0.9988432295848249,,1,0.4444036463353882,,1,0.4444036463353882,,1,0.2135970592498779,,1,0.5326035856978137,,1,0.2032783477553272,,1,0.0406226521439068,,1,0.8894400333896875,,1,447.7808445891872,,1,1.5307991695404053,,1,,,preference,,,,,,,3.0,1.86,0.002
5,,0.0036897656329039,,1,0.3689765632903913,,1,220.8954090138812,,1,0.0036897656329039,,1,0.3689765632903913,,1,220.8954090138812,,1,17.831522753007597,,1,29.796484273324435,,1,0.0,,1,0.2945170521987008,,1,0.0,,1,0.2945170521987008,,1,0.0005993312898548,,1,0.0005993312898548,,1,0.0629808902740478,,1,0.6016319060166211,,1,2.272177789219477,,1,0.4503607516695762,,1,0.2835718559526968,,1,447.7808445891872,,1,1.5307991695404053,,1,,,preference,,,,,,,3.0,1.86,0.024
5,,0.0178556800993832,,1,1.7855680099383209,,1,1068.9670161164368,,1,0.0178556800993832,,1,1.7855680099383209,,1,1068.9670161164368,,1,46.53474862964036,,1,78.04243669260828,,1,0.0,,1,0.5461338807324561,,1,0.0,,1,0.5461338807324561,,1,0.0178621972786103,,1,0.0178621972786103,,1,0.1167876720428466,,1,2.344249318099912,,1,4.072587645001344,,1,0.8015640163234972,,1,0.4763676715389352,,1,447.7808445891872,,1,1.5307991695404053,,1,,,preference,,,,,,,10.0,0.55,0.001
5,,0.0125544408743534,,1,1.2554440874353403,,1,751.5974259043412,,1,0.0125544408743534,,1,1.2554440874353403,,1,751.5974259043412,,1,38.29758542778052,,1,59.5976845111994,,1,0.0,,1,0.4665799559022575,,1,0.0,,1,0.4665799559022575,,1,0.0070931116837762,,1,0.0070931116837762,,1,0.0997755527496337,,1,0.2391408112536481,,1,0.4859299395916223,,1,0.0969976344866285,,1,0.4247827761329174,,1,447.7808445891872,,1,1.5307991695404053,,1,,,preference,,,,,,,10.0,0.55,0.002
5,,0.0003240200887299,,1,0.0324020088729952,,1,19.39812908181551,,1,0.0003240200887299,,1,0.0324020088729952,,1,19.39812908181551,,1,4.49085144307913,,1,8.139425591004915,,1,0.0,,1,0.1026935916548869,,1,0.0,,1,0.1026935916548869,,1,8.407048109360105e-05,,1,8.407048109360105e-05,,1,0.0219602584838867,,1,0.1668860667851284,,1,1.86448508824486,,1,0.3701466848442303,,1,0.1405923389365049,,1,447.7808445891872,,1,1.5307991695404053,,1,,,preference,,,,,,,10.0,0.55,0.024
5,,0.2778331777580767,,1,27.78331777580767,,1,16633.05465561393,,1,0.2778331777580767,,1,27.78331777580767,,1,16633.05465561393,,1,400.6591240905243,,1,275.3369478748412,,1,0.0,,1,0.986981846135135,,1,0.0,,1,0.986981846135135,,1,0.254820609843037,,1,0.254820609843037,,1,0.2110607624053955,,1,11.613261354597284,,1,5.342246386252676,,1,1.0463231329423062,,1,0.8342205572123609,,1,447.7808445891872,,1,1.5307991695404053,,1,,,preference,,,,,,,10.0,0.833,0.001
5,,0.1401696290485786,,1,14.016962904857866,,1,8391.543154908044,,1,0.1401696290485786,,1,14.016962904857866,,1,8391.543154908044,,1,209.6545071868529,,1,250.88518780571445,,1,0.0,,1,0.9515898833122044,,1,0.0,,1,0.9515898833122044,,1,0.0593843631792765,,1,0.0593843631792765,,1,0.2034924030303955,,1,18.54917258692967,,1,10.684520549863244,,1,2.051026529766231,,1,0.7758917699252152,,1,447.7808445891872,,1,1.5307991695404053,,1,,,preference,,,,,,,10.0,0.833,0.002
5,,0.0009368038707776,,1,0.0936803870777649,,1,56.083690615968415,,1,0.0009368038707776,,1,0.0936803870777649,,1,56.083690615968415,,1,7.9276586107322915,,1,14.4618226373543,,1,0.0,,1,0.1681914180980677,,1,0.0,,1,0.1681914180980677,,1,0.0002015718554475,,1,0.0002015718554475,,1,0.0359666347503662,,1,0.0501930531434382,,1,0.3489639283016111,,1,0.0696955684825528,,1,0.1898992446016268,,1,447.7808445891872,,1,1.5307991695404053,,1,,,preference,,,,,,,10.0,0.833,0.024
5,,8.731149137020111e-09,,1,8.731149137020111e-07,,1,0.0005227082020018,,1,8.731149137020111e-09,,1,8.731149137020111e-07,,1,0.0005227082020018,,1,6.902937442629617e-05,,1,15.712297884964531,,1,0.0,,1,0.1800269668653212,,1,0.0,,1,0.1800269668653212,,1,,,0,,,0,0.0384976863861084,,1,122212.1706640133,,1,136.36892196667392,,1,18.77309538011818,,1,1.0049112073415964,,1,447.7808445891872,,1,1.5307991695404053,,1,,,preference,,,,,,,10.0,1.86,0.001
5,,7.052806971274546,,1,705.2806971274546,,1,422230.79610330745,,1,7.052806971274546,,1,705.2806971274546,,1,422230.79610330745,,1,6692.229628097786,,1,362584.0415395921,,1,0.0,,1,1.5,,1,0.0,,1,1.5,,1,0.5222279375680614,,1,0.5222279375680614,,1,0.3207669258117676,,1,0.4579908162917832,,1,0.1748390661812459,,1,0.0349433838997326,,1,0.8859109159718939,,1,447.7808445891872,,1,1.5307991695404053,,1,,,preference,,,,,,,10.0,1.86,0.002
5,,0.0042603809921269,,1,0.4260380992126902,,1,255.05647118030504,,1,0.0042603809921269,,1,0.4260380992126902,,1,255.05647118030504,,1,19.03303352354903,,1,33.274953876429095,,1,0.0,,1,0.3185961486104098,,1,0.0,,1,0.3185961486104098,,1,0.0006915627851062,,1,0.0006915627851062,,1,0.0681300163269043,,1,0.5851364223688371,,1,2.093485981517101,,1,0.4152344545885977,,1,0.2930470033175637,,1,447.7808445891872,,1,1.5307991695404053,,1,,,preference,,,,,,,10.0,1.86,0.024
5,,0.0204261583489659,,1,2.042615834896592,,1,1222.853983689492,,1,0.0204261583489659,,1,2.042615834896592,,1,1222.853983689492,,1,53.24102225664762,,1,78.02366246623181,,1,0.0,,1,0.5460600498486075,,1,0.0,,1,0.5460600498486075,,1,0.0203344862155816,,1,0.0203344862155816,,1,0.1167719364166259,,1,1.5439660036377705,,1,2.4892837387218396,,1,0.4929722943748382,,1,0.4910165710691431,,1,447.7808445891872,,1,1.5307991695404053,,1,,,preference,,,,,,,15.0,0.55,0.001
5,,0.0145503712833021,,1,1.455037128330215,,1,871.0879052226675,,1,0.0145503712833021,,1,1.455037128330215,,1,871.0879052226675,,1,41.0866131453019,,1,67.85472533643149,,1,0.0,,1,0.5040502425675206,,1,0.0,,1,0.5040502425675206,,1,0.0081877105009908,,1,0.0081877105009908,,1,0.1077883243560791,,1,0.1091270644597059,,1,0.2101052861438331,,1,0.0419857862980821,,1,0.4340869854658115,,1,447.7808445891872,,1,1.5307991695404053,,1,,,preference,,,,,,,15.0,0.55,0.002
5,,0.0003180881502899,,1,0.0318088150289957,,1,19.043001385827825,,1,0.0003180881502899,,1,0.0318088150289957,,1,19.043001385827825,,1,4.348764998738833,,1,8.265829103515356,,1,0.0,,1,0.1041074110792952,,1,0.0,,1,0.1041074110792952,,1,8.25076019799198e-05,,1,8.25076019799198e-05,,1,0.0222628116607666,,1,0.0341154847481259,,1,0.3706488953182458,,1,0.0740201183642597,,1,0.1415530112370428,,1,447.7808445891872,,1,1.5307991695404053,,1,,,preference,,,,,,,15.0,0.55,0.024
5,,0.3314606757269756,,1,33.14606757269756,,1,19843.575126776737,,1,0.3314606757269756,,1,33.14606757269756,,1,19843.575126776737,,1,472.42179440134,,1,283.837700476046,,1,0.0,,1,0.9986244204987827,,1,0.0,,1,0.9986244204987827,,1,0.29558215381428,,1,0.29558215381428,,1,0.213550329208374,,1,11.351597537338534,,1,4.873141902171456,,1,0.9561675777631784,,1,0.8506699145881085,,1,447.7808445891872,,1,1.5307991695404053,,1,,,preference,,,,,,,15.0,0.833,0.001
5,,0.1631625572324201,,1,16.316255723242016,,1,9768.06209429639,,1,0.1631625572324201,,1,16.316255723242016,,1,9768.06209429639,,1,238.28647268132957,,1,266.54104084327525,,1,0.0,,1,0.9745883384086044,,1,0.0,,1,0.9745883384086044,,1,0.0681296431207947,,1,0.0681296431207947,,1,0.2084105014801025,,1,14.081658678909465,,1,7.36794112898689,,1,1.431985101849076,,1,0.7897073150016881,,1,447.7808445891872,,1,1.5307991695404053,,1,,,preference,,,,,,,15.0,0.833,0.002
5,,0.0011335319914011,,1,0.1133531991401179,,1,67.86122420296374,,1,0.0011335319914011,,1,0.1133531991401179,,1,67.86122420296374,,1,9.118599348135206,,1,15.38189207842436,,1,0.0,,1,0.1769317377914916,,1,0.0,,1,0.1769317377914916,,1,0.0002437749015888,,1,0.0002437749015888,,1,0.0378358364105224,,1,0.0769032039110602,,1,0.519261739777708,,1,0.103637311366711,,1,0.1941575617719328,,1,447.7808445891872,,1,1.5307991695404053,,1,,,preference,,,,,,,15.0,0.833,0.024
5,,8.731149137020111e-09,,1,8.731149137020111e-07,,1,0.0005227082020018,,1,8.731149137020111e-09,,1,8.731149137020111e-07,,1,0.0005227082020018,,1,1.2099505500464786e-05,,1,111427.35339575104,,1,0.0,,1,1.027079073776966,,1,0.0,,1,1.027079073776966,,1,,,0,,,0,0.2196352481842041,,1,-149367.81073575528,,1,-99.93182153822038,,1,-76.7335866372849,,1,0.7119029679970772,,1,447.7808445891872,,1,1.5307991695404053,,1,,,preference,,,,,,,15.0,1.86,0.001
5,,10.577412322007692,,1,1057.7412322007692,,1,633238.5451103803,,1,10.577412322007692,,1,1057.7412322007692,,1,633238.5451103803,,1,10047.690251722215,,1,361132.19807035144,,1,0.0,,1,1.498350066448661,,1,0.0,,1,1.498350066448661,,1,0.6754611536061645,,1,0.6754611536061645,,1,0.3204140663146972,,1,2.1442175439966604,,1,0.8210742752709761,,1,0.1636781664871689,,1,0.8861944915762007,,1,447.7808445891872,,1,1.5307991695404053,,1,,,preference,,,,,,,15.0,1.86,0.002
5,,0.0048063239384657,,1,0.4806323938465795,,1,287.7404686012636,,1,0.0048063239384657,,1,0.4806323938465795,,1,287.7404686012636,,1,20.579848597714193,,1,35.36124874183544,,1,0.0,,1,0.3324076104812384,,1,0.0,,1,0.3324076104812384,,1,0.0007797613525155,,1,0.0007797613525155,,1,0.0710835456848144,,1,0.6832636213433823,,1,2.371240581897934,,1,0.4698128456122052,,1,0.2973087884164452,,1,447.7808445891872,,1,1.5307991695404053,,1,,,preference,,,,,,,15.0,1.86,0.024
10,,0.0234779301281447,,1,2.3477930128144777,,1,1405.5545783741975,,1,0.0234779301281447,,1,2.3477930128144777,,1,1405.5545783741975,,1,72.39177940296817,,1,58.55533930593761,,1,0.0,,1,0.4616051544049032,,1,0.0,,1,0.4616051544049032,,1,0.023443098287128,,1,0.023443098287128,,1,0.1995038986206054,,1,1.7961018988330082,,1,3.2859155508298334,,1,0.3238315625568644,,1,0.4360803807231156,,1,465.5475328261715,,1,1.6443420028686524,,1,,,preference,,,,,,,3.0,0.55,0.001
10,,0.0166310280735159,,1,1.6631028073515988,,1,995.6507036273116,,1,0.0166310280735159,,1,1.6631028073515988,,1,995.6507036273116,,1,57.58407389285992,,1,48.632964939091075,,1,0.0,,1,0.4110709679770403,,1,0.0,,1,0.4110709679770403,,1,0.0093879897051056,,1,0.0093879897051056,,1,0.1776633262634277,,1,0.8450471618910669,,1,1.8375469936513085,,1,0.1822526897576004,,1,0.3852618134046567,,1,465.5475328261715,,1,1.6443420028686524,,1,,,preference,,,,,,,3.0,0.55,0.002
10,,0.0004555892423227,,1,0.0455589242322797,,1,27.27478708343188,,1,0.0004555892423227,,1,0.0455589242322797,,1,27.27478708343188,,1,7.247377261587325,,1,6.977641093683326,,1,0.0,,1,0.0894731417190842,,1,0.0,,1,0.0894731417190842,,1,0.0001182677760589,,1,0.0001182677760589,,1,0.0386700630187988,,1,0.0099438363006445,,1,0.1071749819357599,,1,0.0107123327848457,,1,0.1319853141125344,,1,465.5475328261715,,1,1.6443420028686524,,1,,,preference,,,,,,,3.0,0.55,0.024
10,,0.411579645680068,,1,41.1579645680068,,1,24640.062058015945,,1,0.411579645680068,,1,41.1579645680068,,1,24640.062058015945,,1,591.607879038158,,1,277.6585652962571,,1,0.0,,1,0.9901934182498406,,1,0.0,,1,0.9901934182498406,,1,0.3556678111611973,,1,0.3556678111611973,,1,0.4279577732086181,,1,25.157331694807937,,1,13.530871440882205,,1,1.2771326513178582,,1,0.7721771837612421,,1,465.5475328261715,,1,1.6443420028686524,,1,,,preference,,,,,,,3.0,0.833,0.001
10,,0.201763274633219,,1,20.176327463321904,,1,12078.973438486028,,1,0.201763274633219,,1,20.176327463321904,,1,12078.973438486028,,1,331.64337610614285,,1,199.49983149031797,,1,0.0,,1,0.865906273167597,,1,0.0,,1,0.865906273167597,,1,0.0829812597153889,,1,0.0829812597153889,,1,0.3742413520812988,,1,15.55442241305076,,1,9.950332043005384,,1,0.95309884153012,,1,0.702220801187025,,1,465.5475328261715,,1,1.6443420028686524,,1,,,preference,,,,,,,3.0,0.833,0.002
10,,0.0012515366449557,,1,0.1251536644955792,,1,74.92581550926103,,1,0.0012515366449557,,1,0.1251536644955792,,1,74.92581550926103,,1,11.91001757117156,,1,12.56333258424397,,1,0.0,,1,0.1495654436936309,,1,0.0,,1,0.1495654436936309,,1,0.0002694055552365,,1,0.0002694055552365,,1,0.0646417140960693,,1,0.0593695340394369,,1,0.4109071199446745,,1,0.0410149290412498,,1,0.1794391213936437,,1,465.5475328261715,,1,1.6443420028686524,,1,,,preference,,,,,,,3.0,0.833,0.024
10,,8.731149137020111e-09,,1,8.731149137020111e-07,,1,0.0005227082020018,,1,8.731149137020111e-09,,1,8.731149137020111e-07,,1,0.0005227082020018,,1,0.0001563033538339,,1,6.1254684448656205,,1,0.0,,1,0.0795066042906307,,1,0.0,,1,0.0795066042906307,,1,,,0,,,0,0.0343625545501709,,1,51204.53857576192,,1,99.58285978572827,,1,7.15497125459843,,1,0.5007478637515106,,1,465.5475328261715,,1,1.6443420028686524,,1,,,preference,,,,,,,3.0,1.86,0.001
10,,14.295430592755524,,1,1429.5430592755524,,1,855825.3564010349,,1,14.295430592755524,,1,1429.5430592755524,,1,855825.3564010349,,1,20408.702915429058,,1,282.6151792856665,,1,0.0,,1,0.9969696396251094,,1,0.0,,1,0.9969696396251094,,1,0.8147377936332418,,1,0.8147377936332418,,1,0.4308865070343017,,1,19.441010247177587,,1,8.680883182881995,,1,0.8359318099791402,,1,0.8201038024419374,,1,465.5475328261715,,1,1.6443420028686524,,1,,,preference,,,,,,,3.0,1.86,0.002
10,,0.0058675932177287,,1,0.5867593217728795,,1,351.27553690644675,,1,0.0058675932177287,,1,0.5867593217728795,,1,351.27553690644675,,1,30.062580898989236,,1,27.49538947825682,,1,0.0,,1,0.2778010168743784,,1,0.0,,1,0.2778010168743784,,1,0.0009525333395816,,1,0.0009525333395816,,1,0.1200644969940185,,1,0.5862323332290416,,1,2.1552605879401576,,1,0.213463836414407,,1,0.2698199207251643,,1,465.5475328261715,,1,1.6443420028686524,,1,,,preference,,,,,,,3.0,1.86,0.024
10,,0.0288122128347054,,1,2.8812212834705404,,1,1724.9023845745671,,1,0.0288122128347054,,1,2.8812212834705404,,1,1724.9023845745671,,1,84.37961916329856,,1,63.78661387942631,,1,0.0,,1,0.4860032225278769,,1,0.0,,1,0.4860032225278769,,1,0.0285366708932812,,1,0.0285366708932812,,1,0.2100486755371093,,1,2.951463626822367,,1,5.00070049845454,,1,0.4891608600831709,,1,0.4527183335892708,,1,465.5475328261715,,1,1.6443420028686524,,1,,,preference,,,,,,,10.0,0.55,0.001
10,,0.0205895410694046,,1,2.0589541069404618,,1,1232.6352263069812,,1,0.0205895410694046,,1,2.0589541069404618,,1,1232.6352263069812,,1,66.35799668741407,,1,54.49014920794501,,1,0.0,,1,0.441624842653097,,1,0.0,,1,0.441624842653097,,1,0.0115471906740385,,1,0.0115471906740385,,1,0.1908686161041259,,1,1.9547632660322805,,1,3.980390268452908,,1,0.3910841486859384,,1,0.4047623777284286,,1,465.5475328261715,,1,1.6443420028686524,,1,,,preference,,,,,,,10.0,0.55,0.002
10,,0.0004767227526662,,1,0.0476722752666265,,1,28.53998814920943,,1,0.0004767227526662,,1,0.0476722752666265,,1,28.53998814920943,,1,7.2727321341687725,,1,7.309967165916477,,1,0.0,,1,0.0932971513475379,,1,0.0,,1,0.0932971513475379,,1,0.0001237013557766,,1,0.0001237013557766,,1,0.0403227806091308,,1,0.0041996771595957,,1,0.0441687502512317,,1,0.0044159973753066,,1,0.1353437458812973,,1,465.5475328261715,,1,1.6443420028686524,,1,,,preference,,,,,,,10.0,0.55,0.024
10,,0.5531559929565711,,1,55.315599295657115,,1,33115.821293087356,,1,0.5531559929565711,,1,55.315599295657115,,1,33115.821293087356,,1,794.4593058040581,,1,278.2483999213595,,1,0.0,,1,0.9910054915968126,,1,0.0,,1,0.9910054915968126,,1,0.4484602166012763,,1,0.4484602166012763,,1,0.4283087253570556,,1,29.540982078652917,,1,14.861674597048664,,1,1.3952275906490952,,1,0.7811883811720477,,1,465.5475328261715,,1,1.6443420028686524,,1,,,preference,,,,,,,10.0,0.833,0.001
10,,0.2568126103129692,,1,25.68126103129692,,1,15374.615148756551,,1,0.2568126103129692,,1,25.68126103129692,,1,15374.615148756551,,1,403.7989346211656,,1,221.78712733939585,,1,0.0,,1,0.905214020615455,,1,0.0,,1,0.905214020615455,,1,0.1024185634867045,,1,0.1024185634867045,,1,0.3912301063537597,,1,21.50756677639484,,1,12.541869509664242,,1,1.18855929031505,,1,0.7276084266508107,,1,465.5475328261715,,1,1.6443420028686524,,1,,,preference,,,,,,,10.0,0.833,0.002
10,,0.0014992173140609,,1,0.1499217314060956,,1,89.75372821431756,,1,0.0014992173140609,,1,0.1499217314060956,,1,89.75372821431756,,1,13.807646523935396,,1,13.062378405299704,,1,0.0,,1,0.1545414647466922,,1,0.0,,1,0.1545414647466922,,1,0.0003225087921026,,1,0.0003225087921026,,1,0.0667922496795654,,1,0.2451198607848628,,1,1.6555486228204033,,1,0.1643342626279853,,1,0.1837171898660527,,1,465.5475328261715,,1,1.6443420028686524,,1,,,preference,,,,,,,10.0,0.833,0.024
10,,8.731149137020111e-09,,1,8.731149137020111e-07,,1,0.0005227082020018,,1,8.731149137020111e-09,,1,8.731149137020111e-07,,1,0.0005227082020018,,1,9.867248711534976e-06,,1,200771.22651130773,,1,0.0,,1,1.2594340394044328,,1,0.0,,1,1.2594340394044328,,1,,,0,,,0,0.5443224906921387,,1,9152.017393164557,,1,19.9261873198996,,1,1.8336716478219992,,1,0.6048807576671582,,1,465.5475328261715,,1,1.6443420028686524,,1,,,preference,,,,,,,10.0,1.86,0.001
10,,21.393740098030992,,1,2139.3740098030994,,1,1280780.2552954974,,1,21.393740098030992,,1,2139.3740098030994,,1,1280780.2552954974,,1,30489.24091755941,,1,283.9024181858401,,1,0.0,,1,0.9987118411928956,,1,0.0,,1,0.9987118411928956,,1,1.0317667447281167,,1,1.0317667447281167,,1,0.4316394329071045,,1,17.22586397373118,,1,7.614018562155923,,1,0.7365063368784952,,1,0.8202960948750717,,1,465.5475328261715,,1,1.6443420028686524,,1,,,preference,,,,,,,10.0,1.86,0.002
10,,0.0064912597432526,,1,0.649125974325268,,1,388.61261626328405,,1,0.0064912597432526,,1,0.649125974325268,,1,388.61261626328405,,1,31.198439733949925,,1,30.02468795238012,,1,0.0,,1,0.2961394108452284,,1,0.0,,1,0.2961394108452284,,1,0.001053063041982,,1,0.001053063041982,,1,0.1279902458190918,,1,0.9067331571477092,,1,3.184859096377384,,1,0.3140114072941902,,1,0.2785300953923468,,1,465.5475328261715,,1,1.6443420028686524,,1,,,preference,,,,,,,10.0,1.86,0.024
10,,0.0340280403843826,,1,3.4028040384382647,,1,2037.158629160232,,1,0.0340280403843826,,1,3.4028040384382647,,1,2037.158629160232,,1,91.7578626928552,,1,73.48665201714452,,1,0.0,,1,0.5278296059590109,,1,0.0,,1,0.5278296059590109,,1,0.0334595771420076,,1,0.0334595771420076,,1,0.228126049041748,,1,1.6676627621262623,,1,2.6499717175609927,,1,0.2618891516197097,,1,0.4603440561440609,,1,465.5475328261715,,1,1.6443420028686524,,1,,,preference,,,,,,,15.0,0.55,0.001
10,,0.0236867204832346,,1,2.368672048323463,,1,1418.0542424380717,,1,0.0236867204832346,,1,2.368672048323463,,1,1418.0542424380717,,1,72.56918314157201,,1,59.17544071955077,,1,0.0,,1,0.4645717487351852,,1,0.0,,1,0.4645717487351852,,1,0.0132173802933177,,1,0.0132173802933177,,1,0.2007861137390136,,1,1.529162006527244,,1,2.916598411933211,,1,0.287901142428737,,1,0.41176735976322,,1,465.5475328261715,,1,1.6443420028686524,,1,,,preference,,,,,,,15.0,0.55,0.002
10,,0.0004617414703514,,1,0.0461741470351418,,1,27.643102868751697,,1,0.0004617414703514,,1,0.0461741470351418,,1,27.643102868751697,,1,6.928315631137494,,1,7.446426891244536,,1,0.0,,1,0.0948574209776675,,1,0.0,,1,0.0948574209776675,,1,0.0001197806904638,,1,0.0001197806904638,,1,0.04099702835083,,1,0.0530732999450904,,1,0.550699454309595,,1,0.0549339480687693,,1,0.136147454686845,,1,465.5475328261715,,1,1.6443420028686524,,1,,,preference,,,,,,,15.0,0.55,0.024
10,,0.6895854654867282,,1,68.95854654867281,,1,41283.45228497207,,1,0.6895854654867282,,1,68.95854654867281,,1,41283.45228497207,,1,982.1000760618916,,1,284.4005640820094,,1,0.0,,1,0.9993841334383772,,1,0.0,,1,0.9993841334383772,,1,0.5282889483004993,,1,0.5282889483004993,,1,0.4319300651550293,,1,30.72763427558715,,1,14.83458613997265,,1,1.3928360777155424,,1,0.7928757024150052,,1,465.5475328261715,,1,1.6443420028686524,,1,,,preference,,,,,,,15.0,0.833,0.001
10,,0.3090094766614125,,1,30.90094766614125,,1,18499.48791532517,,1,0.3090094766614125,,1,30.90094766614125,,1,18499.48791532517,,1,468.4657952324225,,1,242.5686482703692,,1,0.0,,1,0.9388452374169995,,1,0.0,,1,0.9388452374169995,,1,0.1198688857462997,,1,0.1198688857462997,,1,0.4057652950286865,,1,20.94869927549809,,1,11.558685515125829,,1,1.099809867039303,,1,0.7386151084888305,,1,465.5475328261715,,1,1.6443420028686524,,1,,,preference,,,,,,,15.0,0.833,0.002
10,,0.0016427539901753,,1,0.1642753990175326,,1,98.3468465674264,,1,0.0016427539901753,,1,0.1642753990175326,,1,98.3468465674264,,1,14.31037814962415,,1,13.96425954103274,,1,0.0,,1,0.1633885114999003,,1,0.0,,1,0.1633885114999003,,1,0.000353206156473,,1,0.000353206156473,,1,0.0706160068511962,,1,0.2233284543887652,,1,1.4543681731092382,,1,0.1444936591926016,,1,0.1861751286447081,,1,465.5475328261715,,1,1.6443420028686524,,1,,,preference,,,,,,,15.0,0.833,0.024
10,,8.731149137020111e-09,,1,8.731149137020111e-07,,1,0.0005227082020018,,1,8.731149137020111e-09,,1,8.731149137020111e-07,,1,0.0005227082020018,,1,0.0002067966465341,,1,4.522070994871609,,1,0.0,,1,0.0600935707171755,,1,0.0,,1,0.0600935707171755,,1,,,0,,,0,0.0259723663330078,,1,-124971.0699443722,,1,-99.97671873575266,,1,-56.67878225279585,,1,0.4110969044773742,,1,465.5475328261715,,1,1.6443420028686524,,1,,,preference,,,,,,,15.0,1.86,0.001
10,,23.965576253782228,,1,2396.557625378223,,1,1434748.5167143797,,1,23.965576253782228,,1,2396.557625378223,,1,1434748.5167143797,,1,22740.327377911293,,1,362584.0415395921,,1,0.0,,1,1.5,,1,0.0,,1,1.5,,1,1.0993218606005826,,1,1.0993218606005826,,1,0.64829421043396,,1,22.00242409937715,,1,10.194552636684834,,1,0.9755000626192168,,1,0.8178282710978484,,1,465.5475328261715,,1,1.6443420028686524,,1,,,preference,,,,,,,15.0,1.86,0.002
10,,0.007580363654939,,1,0.7580363654939007,,1,453.8140620909504,,1,0.007580363654939,,1,0.7580363654939007,,1,453.8140620909504,,1,35.15987037535759,,1,31.55510331373707,,1,0.0,,1,0.3068618302355101,,1,0.0,,1,0.3068618302355101,,1,0.0012288865421201,,1,0.0012288865421201,,1,0.1326246261596679,,1,0.6925525218132726,,1,2.322424252949556,,1,0.2298503905016069,,1,0.2836837457237207,,1,465.5475328261715,,1,1.6443420028686524,,1,,,preference,,,,,,,15.0,1.86,0.024
15,,0.0330918974526993,,1,3.309189745269936,,1,1981.114507022619,,1,0.0330918974526993,,1,3.309189745269936,,1,1981.114507022619,,1,103.20171695589754,,1,57.475423977810095,,1,0.0,,1,0.4563886578312777,,1,0.0,,1,0.4563886578312777,,1,0.0327518738014092,,1,0.0327518738014092,,1,0.2977886199951172,,1,2.828359009257568,,1,5.10123786201098,,1,0.3322431733104647,,1,0.4042789335289646,,1,481.5023082111194,,1,1.758894510269165,,1,,,preference,,,,,,,3.0,0.55,0.001
15,,0.0235401241297527,,1,2.3540124129752704,,1,1409.277950205969,,1,0.0235401241297527,,1,2.3540124129752704,,1,1409.277950205969,,1,83.3326038100236,,1,46.985224343965946,,1,0.0,,1,0.402062799466009,,1,0.0,,1,0.402062799466009,,1,0.0132036275047742,,1,0.0132036275047742,,1,0.2623417377471924,,1,2.120439308350221,,1,4.580843851305301,,1,0.2990476693762733,,1,0.36338237159574,,1,481.5023082111194,,1,1.758894510269165,,1,,,preference,,,,,,,3.0,0.55,0.002
15,,0.0006131494882161,,1,0.0613149488216102,,1,36.70745528613768,,1,0.0006131494882161,,1,0.0613149488216102,,1,36.70745528613768,,1,9.507430243894508,,1,7.178775732902187,,1,0.0,,1,0.0917916798998498,,1,0.0,,1,0.0917916798998498,,1,0.0001591525138748,,1,0.0001591525138748,,1,0.0598928928375244,,1,0.0880266435739631,,1,0.920846700927899,,1,0.0611275257451193,,1,0.1275258851273931,,1,481.5023082111194,,1,1.758894510269165,,1,,,preference,,,,,,,3.0,0.55,0.024
15,,0.653920119534582,,1,65.3920119534582,,1,39148.27299025883,,1,0.653920119534582,,1,65.3920119534582,,1,39148.27299025883,,1,957.414241719826,,1,264.82757682655085,,1,0.0,,1,0.9721312675525164,,1,0.0,,1,0.9721312675525164,,1,0.5106054946201652,,1,0.5106054946201652,,1,0.634305477142334,,1,43.45811455955618,,1,25.927971201533524,,1,1.5488042205858976,,1,0.7145572747260069,,1,481.5023082111194,,1,1.758894510269165,,1,,,preference,,,,,,,3.0,0.833,0.001
15,,0.3035812230857407,,1,30.358122308574075,,1,18174.514349758796,,1,0.3035812230857407,,1,30.358122308574075,,1,18174.514349758796,,1,510.8079485292191,,1,188.9246615814048,,1,0.0,,1,0.8458967481023503,,1,0.0,,1,0.8458967481023503,,1,0.1186546759871518,,1,0.1186546759871518,,1,0.5519387722015381,,1,22.03432623013782,,1,14.516853987696065,,1,0.90777432161544,,1,0.6485185531090375,,1,481.5023082111194,,1,1.758894510269165,,1,,,preference,,,,,,,3.0,0.833,0.002
15,,0.0018730839826278,,1,0.1873083982627837,,1,112.13602532643584,,1,0.0018730839826278,,1,0.1873083982627837,,1,112.13602532643584,,1,17.846266972661436,,1,12.545447564936993,,1,0.0,,1,0.1493860211559398,,1,0.0,,1,0.1493860211559398,,1,0.000403056458436,,1,0.000403056458436,,1,0.0974726676940918,,1,0.1961919384724151,,1,1.330541447657001,,1,0.08815666761528,,1,0.1697999998965043,,1,481.5023082111194,,1,1.758894510269165,,1,,,preference,,,,,,,3.0,0.833,0.024
15,,8.731149137020111e-09,,1,8.731149137020111e-07,,1,0.0005227082020018,,1,8.731149137020111e-09,,1,8.731149137020111e-07,,1,0.0005227082020018,,1,1.92215913676263e-05,,1,106.85110057666084,,1,0.0,,1,0.6465202940224257,,1,0.0,,1,0.6465202940224257,,1,,,0,,,0,0.4218475818634033,,1,-86193.61940288707,,1,-99.94591125932068,,1,-39.43703558983279,,1,0.5181969753937654,,1,481.5023082111194,,1,1.758894510269165,,1,,,preference,,,,,,,3.0,1.86,0.001
15,,27.243664790617327,,1,2724.3664790617327,,1,1630998.029602279,,1,27.243664790617327,,1,2724.3664790617327,,1,1630998.029602279,,1,38849.44453565231,,1,283.4612278350716,,1,0.0,,1,0.9981155230778276,,1,0.0,,1,0.9981155230778276,,1,1.1867280489506982,,1,1.1867280489506982,,1,0.6512598991394043,,1,33.191988027643674,,1,17.297386329285345,,1,1.0692917444379724,,1,0.7525326957278249,,1,481.5023082111194,,1,1.758894510269165,,1,,,preference,,,,,,,3.0,1.86,0.002
15,,0.0082119181564164,,1,0.821191815641647,,1,491.6233713528579,,1,0.0082119181564164,,1,0.821191815641647,,1,491.6233713528579,,1,43.07432282912886,,1,26.631065682216946,,1,0.0,,1,0.2713477653385438,,1,0.0,,1,0.2713477653385438,,1,0.0013322313282111,,1,0.0013322313282111,,1,0.1770515441894531,,1,0.5367734568134495,,1,1.9458913756785827,,1,0.1285626365588488,,1,0.2515652588166358,,1,481.5023082111194,,1,1.758894510269165,,1,,,preference,,,,,,,3.0,1.86,0.024
15,,0.041246989469676,,1,4.124698946967607,,1,2469.3358646534434,,1,0.041246989469676,,1,4.124698946967607,,1,2469.3358646534434,,1,118.67717316140764,,1,65.72108683207236,,1,0.0,,1,0.4946809183545965,,1,0.0,,1,0.4946809183545965,,1,0.0403891390457893,,1,0.0403891390457893,,1,0.3227741718292236,,1,4.901318124278937,,1,8.26827507347245,,1,0.5310181934815805,,1,0.4218325597518223,,1,481.5023082111194,,1,1.758894510269165,,1,,,preference,,,,,,,10.0,0.55,0.001
15,,0.0289475814575896,,1,2.8947581457589684,,1,1733.0065056203623,,1,0.0289475814575896,,1,2.8947581457589684,,1,1733.0065056203623,,1,94.48855742009653,,1,53.38908030464004,,1,0.0,,1,0.4360468582924938,,1,0.0,,1,0.4360468582924938,,1,0.0161091951464236,,1,0.0161091951464236,,1,0.2845158576965332,,1,0.9863209725627868,,1,1.9387223789285233,,1,0.1280932078661312,,1,0.3750228991717179,,1,481.5023082111194,,1,1.758894510269165,,1,,,preference,,,,,,,10.0,0.55,0.002
15,,0.0006583345567747,,1,0.0658334556774783,,1,39.412552355605115,,1,0.0006583345567747,,1,0.0658334556774783,,1,39.412552355605115,,1,9.807524774854176,,1,7.5063233575727,,1,0.0,,1,0.0955404613459837,,1,0.0,,1,0.0955404613459837,,1,0.0001708044745782,,1,0.0001708044745782,,1,0.0623390674591064,,1,0.2538329395163785,,1,2.6526611399532993,,1,0.1746916186286862,,1,0.1298442094014526,,1,481.5023082111194,,1,1.758894510269165,,1,,,preference,,,,,,,10.0,0.55,0.024
15,,0.903561527453374,,1,90.3561527453374,,1,54093.56935739499,,1,0.903561527453374,,1,90.3561527453374,,1,54093.56935739499,,1,1294.0952976278218,,1,280.2743700613778,,1,0.0,,1,0.99378300948906,,1,0.0,,1,0.99378300948906,,1,0.6418695269536983,,1,0.6418695269536983,,1,0.6484329700469971,,1,41.883082158694975,,1,23.348863598493057,,1,1.4088077606450922,,1,0.7253686962944429,,1,481.5023082111194,,1,1.758894510269165,,1,,,preference,,,,,,,10.0,0.833,0.001
15,,0.3926144662838493,,1,39.26144662838493,,1,23504.672584389053,,1,0.3926144662838493,,1,39.26144662838493,,1,23504.672584389053,,1,626.401711164886,,1,214.12036343899172,,1,0.0,,1,0.8920998323960431,,1,0.0,,1,0.8920998323960431,,1,0.1467533292251168,,1,0.1467533292251168,,1,0.5820856094360352,,1,27.6950778094764,,1,17.74774897635256,,1,1.0951158366345304,,1,0.6670070665085093,,1,481.5023082111194,,1,1.758894510269165,,1,,,preference,,,,,,,10.0,0.833,0.002
15,,0.0021958259105462,,1,0.2195825910546231,,1,131.45763468224573,,1,0.0021958259105462,,1,0.2195825910546231,,1,131.45763468224573,,1,20.101247251158785,,1,13.157180028730089,,1,0.0,,1,0.1554801659421307,,1,0.0,,1,0.1554801659421307,,1,0.0004721581164384,,1,0.0004721581164384,,1,0.1014492511749267,,1,0.1280051055460411,,1,0.8316671966151155,,1,0.0552304397821945,,1,0.1736692080026155,,1,481.5023082111194,,1,1.758894510269165,,1,,,preference,,,,,,,10.0,0.833,0.024
15,,8.731149137020111e-09,,1,8.731149137020111e-07,,1,0.0005227082020018,,1,8.731149137020111e-09,,1,8.731149137020111e-07,,1,0.0005227082020018,,1,8.311234117872314e-06,,1,358396.08701477805,,1,0.0,,1,1.4952230590946272,,1,0.0,,1,1.4952230590946272,,1,,,0,,,0,0.9756171703338624,,1,7327.623054125594,,1,17.097041254671836,,1,1.0577740724757811,,1,0.667213828896994,,1,481.5023082111194,,1,1.758894510269165,,1,,,preference,,,,,,,10.0,1.86,0.001
15,,42.1555276949361,,1,4215.55276949361,,1,2523727.374261497,,1,42.1555276949361,,1,4215.55276949361,,1,2523727.374261497,,1,60426.161528922144,,1,279.6691005937181,,1,0.0,,1,0.9929551174849226,,1,0.0,,1,0.9929551174849226,,1,1.5099846835861683,,1,1.5099846835861683,,1,0.6478927135467529,,1,33.4087542061346,,1,17.476951228886463,,1,1.0795991890900414,,1,0.7537429467156092,,1,481.5023082111194,,1,1.758894510269165,,1,,,preference,,,,,,,10.0,1.86,0.002
15,,0.0094158025573047,,1,0.9415802557304704,,1,563.6963872561319,,1,0.0094158025573047,,1,0.9415802557304704,,1,563.6963872561319,,1,46.56550300232921,,1,28.861115060068503,,1,0.0,,1,0.2878015576573465,,1,0.0,,1,0.2878015576573465,,1,0.0015262372892286,,1,0.0015262372892286,,1,0.1877872943878173,,1,0.8763191469643417,,1,3.0009155792715467,,1,0.197312347271561,,1,0.2585247838792894,,1,481.5023082111194,,1,1.758894510269165,,1,,,preference,,,,,,,10.0,1.86,0.024
15,,0.0485561637394716,,1,4.855616373947164,,1,2906.9146163991304,,1,0.0485561637394716,,1,4.855616373947164,,1,2906.9146163991304,,1,135.12520231552708,,1,69.5748806804697,,1,0.0,,1,0.5114557973242839,,1,0.0,,1,0.5114557973242839,,1,0.0471163812946358,,1,0.0471163812946358,,1,0.3337194919586181,,1,5.179170743506788,,1,8.210854191601493,,1,0.5274628220865774,,1,0.4345988835051249,,1,481.5023082111194,,1,1.758894510269165,,1,,,preference,,,,,,,15.0,0.55,0.001
15,,0.0342146039167582,,1,3.4214603916758226,,1,2048.327638764439,,1,0.0342146039167582,,1,3.4214603916758226,,1,2048.327638764439,,1,106.82748553126422,,1,57.36610089626021,,1,0.0,,1,0.4558569769911298,,1,0.0,,1,0.4558569769911298,,1,0.0189065697208423,,1,0.0189065697208423,,1,0.2974417209625244,,1,4.52862265129869,,1,8.699491831150866,,1,0.5576620658594988,,1,0.3918509150883518,,1,481.5023082111194,,1,1.758894510269165,,1,,,preference,,,,,,,15.0,0.55,0.002
15,,0.0007323248577725,,1,0.0732324857772578,,1,43.84213391390728,,1,0.0007323248577725,,1,0.0732324857772578,,1,43.84213391390728,,1,10.509454474564643,,1,7.827103612240238,,1,0.0,,1,0.0991799073640793,,1,0.0,,1,0.0991799073640793,,1,0.0001899278243111,,1,0.0001899278243111,,1,0.064713716506958,,1,0.0543551709303748,,1,0.542262369980312,,1,0.036059661341059,,1,0.1302928434499314,,1,481.5023082111194,,1,1.758894510269165,,1,,,preference,,,,,,,15.0,0.55,0.024
15,,1.1751028624584836,,1,117.51028624584836,,1,70349.94990504564,,1,1.1751028624584836,,1,117.51028624584836,,1,70349.94990504564,,1,1674.761335425054,,1,283.87322881760093,,1,0.0,,1,0.9986724144229496,,1,0.0,,1,0.9986724144229496,,1,0.7624534491787074,,1,0.7624534491787074,,1,0.6516232490539551,,1,40.325640300434856,,1,21.795546061399172,,1,1.3231680813960534,,1,0.7253173831032953,,1,481.5023082111194,,1,1.758894510269165,,1,,,preference,,,,,,,15.0,0.833,0.001
15,,0.4853248550182822,,1,48.532485501828226,,1,29054.97069999346,,1,0.4853248550182822,,1,48.532485501828226,,1,29054.97069999346,,1,749.5508836574965,,1,231.69201244991044,,1,0.0,,1,0.9215767478418224,,1,0.0,,1,0.9215767478418224,,1,0.1737272879841391,,1,0.1737272879841391,,1,0.6013190746307373,,1,35.8250198435378,,1,22.53173396375575,,1,1.3638829248816986,,1,0.6790042252030327,,1,481.5023082111194,,1,1.758894510269165,,1,,,preference,,,,,,,15.0,0.833,0.002
15,,0.0021617118549373,,1,0.216171185493736,,1,129.41532657474863,,1,0.0021617118549373,,1,0.216171185493736,,1,129.41532657474863,,1,18.905474727452948,,1,13.898124240101412,,1,0.0,,1,0.1627459960463419,,1,0.0,,1,0.1627459960463419,,1,0.0004646374705912,,1,0.0004646374705912,,1,0.1061899662017822,,1,0.1785883122401657,,1,1.1249459094480758,,1,0.074605512761261,,1,0.1772155528930905,,1,481.5023082111194,,1,1.758894510269165,,1,,,preference,,,,,,,15.0,0.833,0.024
15,,8.731149137020111e-09,,1,8.731149137020111e-07,,1,0.0005227082020018,,1,8.731149137020111e-09,,1,8.731149137020111e-07,,1,0.0005227082020018,,1,1.2878970430530558e-05,,1,259.85429920214364,,1,0.0,,1,0.9649178845163892,,1,0.0,,1,0.9649178845163892,,1,,,0,,,0,0.6295986175537109,,1,110414.12008932244,,1,465290.0387830732,,1,75.59863631769291,,1,0.6142351533666603,,1,481.5023082111194,,1,1.758894510269165,,1,,,preference,,,,,,,15.0,1.86,0.001
15,,43.48149798614602,,1,4348.149798614601,,1,2603109.313104738,,1,43.48149798614602,,1,4348.149798614601,,1,2603109.313104738,,1,41258.490453819235,,1,362584.0415395921,,1,0.0,,1,1.5,,1,0.0,,1,1.5,,1,1.5320344914849784,,1,1.5320344914849784,,1,0.978734254837036,,1,45.54836519824675,,1,25.46838535893816,,1,1.524054587321633,,1,0.7477004130094671,,1,481.5023082111194,,1,1.758894510269165,,1,,,preference,,,,,,,15.0,1.86,0.002
15,,0.0106179038629938,,1,1.0617903862993816,,1,635.6626544977001,,1,0.0106179038629938,,1,1.0617903862993816,,1,635.6626544977001,,1,50.542445131343975,,1,30.430317242343783,,1,0.0,,1,0.2990078816171981,,1,0.0,,1,0.2990078816171981,,1,0.0017198134297837,,1,0.0017198134297837,,1,0.1950993537902832,,1,1.2285179989952084,,1,4.1208977924925305,,1,0.2695794922713768,,1,0.261519335530557,,1,481.5023082111194,,1,1.758894510269165,,1,,,preference,,,,,,,15.0,1.86,0.024
