sample_index,scenario_name,delay_year,task_id,run_type,comparison_type,partial_mitigation_pct,partial_mitigation_value,decision_times_optimal,decision_times_partial,ra,eis,pref,tech_chg,tech_scale,bs_premium,growth,baseline_num,dam_func,tip_on,d_unc,t_unc,no_free_lunch,m_optimal_period0,m_partial_period0,mitigation_foregone,u_optimal,u_partial,utility_loss,utility_loss_pct,delta_c,delta_c_pct,delta_c_billions,year0_cons_partial,delta_emission_gton,deadweight_per_ton,carbon_price_partial,carbon_price_optimal,reentry_year,baseline_reentry_price,delayed_reentry_price,reentry_price_increase,reentry_price_pct_increase,reentry_price_annualized_increase,baseline_cumulative_emissions_at_reentry,cumulative_emissions_at_reentry,extra_cumulative_emissions,ppm_at_reentry,temperature_at_reentry,peak_post_delay_mitigation,peak_catchup_mitigation,welfare_loss
0,damage0,5,1,partial_mitigation,same_grid,0,0.0,0|5|35|75|125|175|225,0|5|35|75|125|175|225,10.0,0.833,0.002,1.5,1.5,10000.0,0.015,2,0,1,1,1,False,0.9326803869093411,0.0,0.9326803869093411,24.322553133559484,24.263287023298574,0.059266110260910665,0.24366730719209395,0.13987098177958532,13.987098177958531,8373.664021868572,1.0,39.23021216738177,213.44936871972644,0.0,238.63469137516574,2030,175.956335650451,191.26923852674025,15.312902876289257,8.702672069000892,1.6829281297212617,2.7443959712982178,2.9438445568084717,0.1994485855102539,447.7808445891872,1.5307991695404053,0.779116691117576,0.779116691117576,0.059266110260910665
0,damage0,5,7,partial_mitigation,same_grid,30,0.3,0|5|35|75|125|175|225,0|5|35|75|125|175|225,10.0,0.833,0.002,1.5,1.5,10000.0,0.015,2,0,1,1,1,False,0.9645967912017632,0.3,0.6645967912017632,24.323972293243653,24.29031582555312,0.03365646769053399,0.13836748079129566,0.07640375689614878,7.662171667439082,4574.068059842932,0.9971553785571229,40.57267345378316,112.73765494041967,30.571252952064516,259.6348840302405,2030,176.4127100747092,190.32357752331896,13.910867448609764,7.885411115060041,1.5295693725741355,2.7375707626342773,2.8796913623809814,0.1421205997467041,440.4726175920728,1.4974395084381105,0.8062004234278349,0.8062004234278349,0.03365646769053399
0,damage0,5,6,partial_mitigation,same_grid,25,0.25,0|5|35|75|125|175|225,0|5|35|75|125|175|225,10.0,0.833,0.002,1.5,1.5,10000.0,0.015,2,0,1,1,1,False,0.9557974440459447,0.25,0.7057974440459447,24.322991053920205,24.285765970134438,0.037225083785767055,0.15304484429256648,0.0850208699052412,8.518193224536471,5089.949254487869,0.9981091959776215,40.20255710878194,126.6075996289303,23.863882415310687,253.6862478465424,2030,180.20585034922988,190.09006484629808,9.8842144970682,5.484957607043883,1.0736865822656094,2.739452600479126,2.89038348197937,0.15093088150024414,441.69065620764064,1.5029994106292726,0.7996055216102285,0.7996055216102285,0.037225083785767055
0,damage0,5,8,partial_mitigation,same_grid,35,0.35,0|5|35|75|125|175|225,0|5|35|75|125|175|225,10.0,0.833,0.002,1.5,1.5,10000.0,0.015,2,0,1,1,1,False,0.9483374357229402,0.35,0.5983374357229402,24.322862331754717,24.293863543375785,0.02899878837893155,0.11922440699371215,0.06532207735593773,6.558761122492722,3910.640520498341,0.9959514630273869,39.88877576054142,98.03861978553891,38.119121628686976,248.7389555652497,2030,176.73338695209446,183.03655796800768,6.303171015913222,3.5664857244102754,0.7033337478176804,2.7410478591918945,2.8689990043640137,0.12795114517211914,439.25458003848325,1.4918794822692871,0.8074165025920798,0.8074165025920798,0.02899878837893155
0,damage0,5,9,partial_mitigation,same_grid,40,0.4,0|5|35|75|125|175|225,0|5|35|75|125|175|225,10.0,0.833,0.002,1.5,1.5,10000.0,0.015,2,0,1,1,1,False,0.9581452226899021,0.4,0.5581452226899021,24.32348329335062,24.2983700366577,0.02511325669291864,0.10324695846414367,0.05616879045394624,5.648135206102997,3362.6601729103763,0.9944661096861491,40.301308895157234,83.4379891149006,46.61281095856117,255.26135099083322,2030,176.75827541664165,185.46673706096772,8.708461644326064,4.92676318763527,0.9664891769470829,2.738950490951538,2.858306884765625,0.11935639381408691,438.03654248489363,1.486319580078125,0.8075410068364534,0.8075410068364534,0.02511325669291864
0,damage0,5,15,partial_mitigation,same_grid,70,0.7,0|5|35|75|125|175|225,0|5|35|75|125|175|225,10.0,0.833,0.002,1.5,1.5,10000.0,0.015,2,0,1,1,1,False,0.9415667404405208,0.7,0.24156674044052084,24.323698143532578,24.317198749234503,0.00649939429807489,0.02672041997776153,0.013883596453159314,1.4205689491983653,831.1700585412659,0.9773264761977165,39.60398815679414,20.987029267118825,125.22493503245506,244.32361543738455,2030,178.2184357576217,181.79660424508296,3.578168487461255,2.007743178897378,0.39836211960300183,2.7424957752227783,2.7941534519195557,0.051657676696777344,430.72831677394726,1.452959794998169,0.8408898231964987,0.8408898231964987,0.00649939429807489
0,damage0,5,16,partial_mitigation,same_grid,75,0.75,0|5|35|75|125|175|225,0|5|35|75|125|175|225,10.0,0.833,0.002,1.5,1.5,10000.0,0.015,2,0,1,1,1,False,0.9438965178664391,0.75,0.19389651786643913,24.32358305874378,24.318978706842834,0.004604351900944437,0.018929579124195996,0.009753737467874021,1.0028588965796368,583.9275557684607,0.9725932034048101,39.70198277960852,14.70776809838258,144.63382186579744,245.83496283428087,2030,176.23662867647488,183.50264433891113,7.266015662436246,4.122874862622788,0.811303470017366,2.741997480392456,2.783461093902588,0.041463613510131836,429.51027944454745,1.4473997688293458,0.8436464717728718,0.8436464717728718,0.004604351900944437
0,damage0,5,18,partial_mitigation,same_grid,85,0.85,0|5|35|75|125|175|225,0|5|35|75|125|175|225,10.0,0.833,0.002,1.5,1.5,10000.0,0.015,2,0,1,1,1,False,0.9500843234460227,0.85,0.1000843234460227,24.323295529357146,24.322066737077794,0.0012287922793525752,0.005051915263166034,0.0025539647942628384,0.26579853973165435,152.8983556041577,0.9608648703793773,39.96225299558462,3.8260694566207576,191.0527251114907,249.88964654762057,2030,177.72301181515382,180.90713903528632,3.1841272201324955,1.7916234862394989,0.355784028524031,2.7406742572784424,2.7620766162872314,0.021402359008789062,427.07420391847404,1.4362798404693604,0.8524862163144937,0.8524862163144937,0.0012287922793525752
0,damage0,5,19,partial_mitigation,same_grid,90,0.9,0|5|35|75|125|175|225,0|5|35|75|125|175|225,10.0,0.833,0.002,1.5,1.5,10000.0,0.015,2,0,1,1,1,False,0.9502433561696851,0.9,0.050243356169685116,24.32360882652332,24.32379618938957,-0.00018736286624942977,-0.0007702922193236503,-0.0003851996872209554,-0.040390997972266786,-23.060771584488297,0.9536770730087943,39.96894219756464,-0.5769672730016213,218.71046815605845,249.99463876619797,2030,177.07662558234233,177.30820134254125,0.2315757601989219,0.13077714771068807,0.02614175813828723,2.740640163421631,2.7513844966888428,0.010744333267211914,425.85616632357966,1.4307199382781983,0.8999999197261841,0.8999999197261841,-0.00018736286624942977
0,damage0,5,3,partial_mitigation,same_grid,10,0.1,0|5|35|75|125|175|225,0|5|35|75|125|175|225,10.0,0.833,0.002,1.5,1.5,10000.0,0.015,2,0,1,1,1,False,0.9327670914974938,0.1,0.8327670914974938,24.323753557707164,24.272916661049063,0.05083689665810098,0.2090010348834213,0.11853513437921767,11.856674460423447,7096.349631996944,0.9997333972091221,39.23385911808092,180.8730976639153,7.899767810432935,238.68962381696926,2030,177.3453550574044,189.04122722177033,11.695872164365937,6.594969549994774,1.285515304533691,2.744377374649048,2.9224603176116943,0.17808294296264648,445.344769482008,1.519679365158081,0.7831143200774224,0.7831143200774224,0.05083689665810098
0,damage0,5,20,partial_mitigation,same_grid,95,0.95,0|5|35|75|125|175|225,0|5|35|75|125|175|225,10.0,0.833,0.002,1.5,1.5,10000.0,0.015,2,0,1,1,1,False,0.9503655158876947,0.95,0.000365515887694734,24.324725349787368,24.324503573986952,0.00022177580041571332,0.0009117299259358419,0.0004514562338334395,0.047750004117986515,27.027356029119638,0.9454579997897521,39.97408045470297,0.6761220201111556,249.833992829141,250.07531447867314,2030,175.44478069707063,178.2485485718854,2.803767874814781,1.5980913559667922,0.31759452840738334,2.740614175796509,2.740692138671875,7.796287536621094e-05,424.63812869329024,1.425159912109375,0.9500004727235817,0.9500004727235817,0.00022177580041571332
0,damage0,5,4,partial_mitigation,same_grid,15,0.15,0|5|35|75|125|175|225,0|5|35|75|125|175|225,10.0,0.833,0.002,1.5,1.5,10000.0,0.015,2,0,1,1,1,False,0.9416387382279885,0.15,0.7916387382279885,24.324142605376572,24.277663422436177,0.04647918294039499,0.19108251293561032,0.10767458302232216,10.774193955032501,6446.160386180373,0.9993748346439282,39.60701651304306,162.75299059846068,12.606681006038707,244.37019665785766,2030,177.3949714875528,190.4691474947399,13.074176007187106,7.370093919547475,1.4323918528149182,2.7424802780151367,2.9117679595947266,0.16928768157958984,444.12673131481984,1.5141193389892578,0.7941575740732644,0.7941575740732644,0.04647918294039499
0,damage0,5,5,partial_mitigation,same_grid,20,0.2,0|5|35|75|125|175|225,0|5|35|75|125|175|225,10.0,0.833,0.002,1.5,1.5,10000.0,0.015,2,0,1,1,1,False,0.9589531175360434,0.2,0.7589531175360433,24.323632418457112,24.28159978767154,0.04203263078557384,0.1728057309141002,0.09671905546376931,9.68313056891624,5790.285194697067,0.9988407651369132,40.33529040336508,143.55382437544063,17.903415766406948,255.80538265309286,2030,173.4996105243309,183.23332598192877,9.733715457597867,5.610223232306823,1.0976806170659215,2.7387776374816895,2.901075839996338,0.16229820251464844,442.90869314763165,1.5085594367980957,0.7883863847462507,0.7883863847462507,0.04203263078557384
0,damage0,5,21,partial_mitigation,same_grid,100,1.0,0|5|35|75|125|175|225,0|5|35|75|125|175|225,10.0,0.833,0.002,1.5,1.5,10000.0,0.015,2,0,1,1,1,False,0.9664151645940338,0.9546711529908687,0.011744011603165072,24.32335362443345,24.323864381704453,-0.0005107572710016939,-0.0020998636902134445,-0.0010376954298099762,-0.10985170275481164,-62.123771319130604,0.9446329950170244,40.649157504460675,-1.5282917318105154,252.9337230218883,260.87964644972845,2030,176.57166015294638,174.2167023297299,-2.3549578232164663,-1.33371222832509,-0.268176971194245,2.7371819019317627,2.7396934032440186,0.0025115013122558594,424.52433593496346,1.4246405696868898,0.9546708479216127,0.9546708479216127,-0.0005107572710016939
0,damage0,5,10,partial_mitigation,same_grid,45,0.45,0|5|35|75|125|175|225,0|5|35|75|125|175|225,10.0,0.833,0.002,1.5,1.5,10000.0,0.015,2,0,1,1,1,False,0.9498593941156063,0.45,0.49985939411560626,24.32384141640062,24.30157588836122,0.022265528039397964,0.09153787700813237,0.049498502531163356,4.986430449270457,2963.32966644028,0.9926640516645583,39.95279206397423,74.17077789445257,56.17084138056121,249.741217177755,2030,179.268136710058,179.7960156154373,0.5278789053793105,0.2944633190632663,0.05882341919964951,2.740722417831421,2.8476145267486572,0.10689210891723633,436.81850537968364,1.480759553909302,0.8139970092344667,0.8139970092344667,0.022265528039397964
0,damage0,5,11,partial_mitigation,same_grid,50,0.5,0|5|35|75|125|175|225,0|5|35|75|125|175|225,10.0,0.833,0.002,1.5,1.5,10000.0,0.015,2,0,1,1,1,False,0.9633869408520938,0.5,0.46338694085209375,24.32322486831317,24.30512518662817,0.01809968168499765,0.07441316594731985,0.039908149861045406,4.029068563328879,2389.183477652186,0.990505602815373,40.521784975184836,58.96046976003894,66.92658508625091,258.80964029389787,2030,170.90341959066717,181.79161573435724,10.888196143690067,6.370964472079328,1.2429099818032752,2.7378294467926025,2.8369224071502686,0.09909296035766602,435.600467826094,1.4751996517181396,0.8225809410192295,0.8225809410192295,0.01809968168499765
0,damage0,5,13,partial_mitigation,same_grid,60,0.6,0|5|35|75|125|175|225,0|5|35|75|125|175|225,10.0,0.833,0.002,1.5,1.5,10000.0,0.015,2,0,1,1,1,False,0.9561964625674146,0.6,0.35619646256741466,24.324251897539384,24.311677233620017,0.012574663919366458,0.05169599448457651,0.02733317938464202,2.7751243554781766,1636.3570048942229,0.984935299590648,40.219340544432235,40.685823853488124,92.65035949417808,253.953330201343,2030,171.96721317082068,184.40314640968816,12.435933238867477,7.231572233780666,1.4062060838275992,2.7393672466278076,2.815537929534912,0.07617068290710449,433.16439210531627,1.4640797233581544,0.8346631948290844,0.8346631948290844,0.012574663919366458
0,damage0,5,12,partial_mitigation,same_grid,55,0.55,0|5|35|75|125|175|225,0|5|35|75|125|175|225,10.0,0.833,0.002,1.5,1.5,10000.0,0.015,2,0,1,1,1,False,0.9485442367981227,0.55,0.3985442367981227,24.323035526221574,24.308304660995994,0.014730865225580203,0.06056343259335176,0.032233020197590855,3.262629415634378,1929.6960535392745,0.9879461039348089,39.89747418517833,48.3663713793728,79.03012708756174,248.87492978394178,2030,174.1731459787096,185.99954850740752,11.826402528697912,6.790026362699756,1.3225564236600373,2.7410035133361816,2.826230049133301,0.08522653579711914,434.3824302725044,1.4696396255493165,0.8259172472167299,0.8259172472167299,0.014730865225580203
0,damage0,5,2,partial_mitigation,same_grid,5,0.05,0|5|35|75|125|175|225,0|5|35|75|125|175|225,10.0,0.833,0.002,1.5,1.5,10000.0,0.015,2,0,1,1,1,False,0.9495073491250561,0.05,0.899507349125056,24.32369247121804,24.268239445282497,0.05545302593554169,0.22797947310491057,0.13016132533510968,13.016965664489415,7792.3754672351715,0.9999359965294584,39.93798441939889,195.11188610335122,3.716996191068794,249.50906321402056,2030,177.29679196558908,192.16296210541154,14.866170139822458,8.384906446986239,1.6234094694984158,2.740797519683838,2.933152437210083,0.19235491752624512,446.562806421999,1.5252392673492432,0.7802828732394043,0.7802828732394043,0.05545302593554169
0,damage0,5,14,partial_mitigation,same_grid,65,0.65,0|5|35|75|125|175|225,0|5|35|75|125|175|225,10.0,0.833,0.002,1.5,1.5,10000.0,0.015,2,0,1,1,1,False,0.9405877275965682,0.65,0.29058772759656815,24.32410595073935,24.314943521859927,0.009162428879424311,0.03766810133938679,0.01974033796878252,2.0114126077913848,1181.7959359805272,0.9814166368609092,39.56280911827042,29.871385837330863,107.97733822405326,243.6909977592569,2030,173.03103853535578,182.29560889194397,9.264570356588194,5.354282350154852,1.0486320533621862,2.7427051067352295,2.8048455715179443,0.062140464782714844,431.9463543275368,1.458519697189331,0.837901478296105,0.837901478296105,0.009162428879424311
0,damage0,5,17,partial_mitigation,same_grid,80,0.8,0|5|35|75|125|175|225,0|5|35|75|125|175|225,10.0,0.833,0.002,1.5,1.5,10000.0,0.015,2,0,1,1,1,False,0.9476141286566853,0.8,0.14761412865668522,24.323617554875707,24.321319158477436,0.0022983963982703415,0.009449237528443314,0.004821279642044764,0.4985109119904819,288.63582255808575,0.9671362303372844,39.85835216627525,7.241539272722489,166.4748291837552,248.26389426766752,2030,176.36865449162124,176.66396436060614,0.2953098689849014,0.1674389759541601,0.03346538904849261,2.7412023544311523,2.772768974304199,0.031566619873046875,428.29224158415855,1.4418398666381838,0.8482657108690849,0.8482657108690849,0.0022983963982703415
0,damage0,10,22,partial_mitigation,same_grid,0,0.0,0|10|35|75|125|175|225,0|10|35|75|125|175|225,10.0,0.833,0.002,1.5,1.5,10000.0,0.015,2,0,1,1,1,False,0.9072265751438058,0.0,0.9072265751438058,24.332747919010284,24.229701768258593,0.1030461507516911,0.4234875201710569,0.2586179871939592,25.861798719395917,15482.697749178145,1.0,38.15957912947743,405.73554799031064,0.0,222.98485252032646,2035,171.86117821948423,193.64287296682068,21.781694747336445,12.674005248305118,1.2004335963045287,2.7700963020324707,3.162196159362793,0.39209985733032227,465.5475328261715,1.6443420028686524,0.7276460410567087,0.7276460410567087,0.1030461507516911
0,damage0,10,37,partial_mitigation,same_grid,75,0.75,0|10|35|75|125|175|225,0|10|35|75|125|175|225,10.0,0.833,0.002,1.5,1.5,10000.0,0.015,2,0,1,1,1,False,0.908666795539608,0.75,0.15866679553960805,24.332369289919676,24.326946252376754,0.00542303754292206,0.02228733864058481,0.011495505791319234,1.181943874486917,688.2020990575553,0.9725932034048101,38.220157385960704,18.00626020735201,144.63382186579744,223.84546688324502,2035,174.94384553395489,171.01425124355944,-3.9295942903954426,-2.246203219325453,-0.22692359953558894,2.7694737911224365,2.8380489349365234,0.06857514381408691,431.93146715917,1.4757854461669921,0.8489891041944128,0.8489891041944128,0.00542303754292206
0,damage0,10,36,partial_mitigation,same_grid,70,0.7,0|10|35|75|125|175|225,0|10|35|75|125|175|225,10.0,0.833,0.002,1.5,1.5,10000.0,0.015,2,0,1,1,1,False,0.8850494010312377,0.7,0.1850494010312378,24.33272652041325,24.324928008828742,0.007798511584507395,0.03204947697893639,0.016680041535702166,1.7067010811572179,998.5849953558303,0.9773264761977165,37.226767356098115,26.82438111812715,125.22493503245506,210.09564763233104,2035,173.8397627063814,180.26500920600347,6.425246499622062,3.696074131483039,0.36360013320955176,2.7796812057495117,2.859658718109131,0.07997751235961914,434.1725375265927,1.4870225334167482,0.846328507344734,0.846328507344734,0.007798511584507395
0,damage0,10,24,partial_mitigation,same_grid,10,0.1,0|10|35|75|125|175|225,0|10|35|75|125|175|225,10.0,0.833,0.002,1.5,1.5,10000.0,0.015,2,0,1,1,1,False,0.8989671003303373,0.1,0.7989671003303374,24.33300193532786,24.247163455515512,0.08583847981234882,0.3527656802908656,0.21011685882470355,21.01728915041454,12579.077938418073,0.9997333972091221,37.812170784806185,332.6727261972656,7.899767810432935,218.10546279049092,2035,173.01735802523766,191.88410530946032,18.86674728422267,10.90454015687294,1.0403710820559686,2.7736661434173584,3.118976354598999,0.3453102111816406,461.0653911210693,1.6218677043914795,0.7479175558148878,0.7479175558148878,0.08583847981234882
0,damage0,10,23,partial_mitigation,same_grid,5,0.05,0|10|35|75|125|175|225,0|10|35|75|125|175|225,10.0,0.833,0.002,1.5,1.5,10000.0,0.015,2,0,1,1,1,False,0.9094097177914875,0.05,0.8594097177914874,24.332938433437615,24.237957042654433,0.09498139078318246,0.39034081741916465,0.23561003150046683,23.56251123254024,14105.279157014787,0.9999359965294584,38.25140603016312,368.7519132209697,3.716996191068794,224.29055109337241,2035,171.9510329463451,190.49466917793882,18.543636231593723,10.784254048290599,1.0294069782033066,2.769152879714966,3.1405863761901855,0.3714334964752197,463.30646101404204,1.6331049156188966,0.7289910879043969,0.7289910879043969,0.09498139078318246
0,damage0,10,25,partial_mitigation,same_grid,15,0.15,0|10|35|75|125|175|225,0|10|35|75|125|175|225,10.0,0.833,0.002,1.5,1.5,10000.0,0.015,2,0,1,1,1,False,0.9064246984902087,0.15,0.7564246984902087,24.333016332386254,24.255249869594238,0.07776646279201671,0.31959236672402475,0.18810968100725348,18.822735422818198,11261.572972282615,0.9993748346439282,38.125850757256664,295.3789292200686,12.606681006038713,222.50695201583417,2035,172.2103327361803,188.1081260228394,15.897793286659095,9.231614058265546,0.8869133896014958,2.7704429626464844,3.0973665714263916,0.3269236087799072,458.8243193089399,1.6106306171417237,0.7495188975403385,0.7495188975403385,0.07776646279201671
0,damage0,10,26,partial_mitigation,same_grid,20,0.2,0|10|35|75|125|175|225,0|10|35|75|125|175|225,10.0,0.833,0.002,1.5,1.5,10000.0,0.015,2,0,1,1,1,False,0.895301507519077,0.2,0.6953015075190769,24.332591269584704,24.26290909429538,0.06968217528932286,0.2863738371195357,0.16654139967978124,16.67346843387525,9970.343447276493,0.9988407651369132,37.65798936775988,264.76037660715895,17.903415766406948,215.97026779437977,2035,171.30437041493985,187.93226608469462,16.627895669754764,9.706638324216746,0.9307012668425152,2.775250196456909,3.075756788253784,0.300506591796875,456.58324749681043,1.599393529891968,0.7602593153743804,0.7602593153743804,0.06968217528932286
0,damage0,10,28,partial_mitigation,same_grid,30,0.3,0|10|35|75|125|175|225,0|10|35|75|125|175|225,10.0,0.833,0.002,1.5,1.5,10000.0,0.015,2,0,1,1,1,False,0.9012975579645717,0.3,0.6012975579645716,24.33278560234498,24.277543913679654,0.055241688665326194,0.22702574858507973,0.12912677962885044,12.949514429305491,7730.4402605950045,0.9971553785571229,37.91019401840399,203.91455282033542,30.571252952064516,219.4725871593764,2035,174.04591255405649,182.55793234398493,8.512019789928445,4.890674917335228,0.4786260777438045,2.7726588249206543,3.0325372219085693,0.25987839698791504,452.101105269831,1.576919355392456,0.7680126735915301,0.7680126735915301,0.055241688665326194
0,damage0,10,30,partial_mitigation,same_grid,40,0.4,0|10|35|75|125|175|225,0|10|35|75|125|175|225,10.0,0.833,0.002,1.5,1.5,10000.0,0.015,2,0,1,1,1,False,0.9041720951473484,0.4,0.5041720951473484,24.33314401574801,24.292171552657464,0.04097246309054725,0.1683812953395194,0.09359660072784438,9.411743629693245,5603.353019420495,0.9944661096861491,38.03110221498036,147.3360668787913,46.61281095856117,221.16928198609008,2035,172.99912835605218,181.9467035541599,8.947575198107728,5.172034843836083,0.5055460986528315,2.771416425704956,2.9893176555633545,0.21790122985839844,447.6189631163492,1.5544451808929445,0.7906500681133327,0.7906500681133327,0.04097246309054725
0,damage0,10,29,partial_mitigation,same_grid,35,0.35,0|10|35|75|125|175|225,0|10|35|75|125|175|225,10.0,0.833,0.002,1.5,1.5,10000.0,0.015,2,0,1,1,1,False,0.9036172047392382,0.35,0.5536172047392383,24.333319292309774,24.285463422634574,0.047855869675199614,0.19666807105236905,0.11055979397821503,11.100921890525385,6618.889474583664,0.9959514630273869,38.00776252783207,174.14572798745593,38.119121628686976,220.84086050888746,2035,174.45670931719903,182.7984507944107,8.341741477211684,4.78155383639883,0.4681680721802639,2.7716562747955322,3.010927438735962,0.2392711639404297,449.8600339689003,1.5656822681427003,0.7826866992457574,0.7826866992457574,0.047855869675199614
0,damage0,15,58,partial_mitigation,same_grid,75,0.75,0|15|35|75|125|175|225,0|15|35|75|125|175|225,10.0,0.833,0.002,1.5,1.5,10000.0,0.015,2,0,1,1,1,False,0.8855945444649262,0.75,0.13559454446492625,24.336836919991928,24.330565125459692,0.006271794532235475,0.025770787522035776,0.013306713317328535,1.368168446041469,796.6337630361609,0.9725932034048101,37.24969706799666,21.386315211690526,144.63382186579744,210.4044566238612,2040,158.8367315943728,163.74107204402992,4.904340449657127,3.087661399493866,0.2029357820016342,2.8046483993530273,2.893122434616089,0.08847403526306152,433.9251296395528,1.5044236660003663,0.8520231367570779,0.8520231367570779,0.006271794532235475
0,damage0,10,32,partial_mitigation,same_grid,50,0.5,0|10|35|75|125|175|225,0|10|35|75|125|175|225,10.0,0.833,0.002,1.5,1.5,10000.0,0.015,2,0,1,1,1,False,0.9102165795354464,0.5,0.41021657953544644,24.33234827037906,24.305283744780116,0.02706452559894501,0.11122858056364399,0.06037431770410584,6.095302998034572,3614.4327120003195,0.990505602815373,38.28534408423772,94.40773743727173,66.92658508625091,224.77482666385706,2035,169.73314623539858,181.85587777353945,12.122731538140869,7.142229910313547,0.6922552587826258,2.7688040733337402,2.9460980892181396,0.17729401588439941,443.1368223815038,1.5319710063934326,0.8108171898086215,0.8108171898086215,0.02706452559894501
0,damage0,10,33,partial_mitigation,same_grid,55,0.55,0|10|35|75|125|175|225,0|10|35|75|125|175|225,10.0,0.833,0.002,1.5,1.5,10000.0,0.015,2,0,1,1,1,False,0.9072798043102208,0.55,0.35727980431022077,24.33288607409284,24.31114278571997,0.021743288372871206,0.08935762205380654,0.04800454510038124,4.859024688612861,2873.8908319573916,0.9879461039348089,38.16181804381643,75.30801673698207,79.03012708756174,223.01660794684685,2035,172.58612551135582,181.0368916772534,8.45076616589759,4.896550137421995,0.47918887244733366,2.770073413848877,2.9244883060455322,0.15441489219665527,440.8957515289527,1.5207339191436768,0.8148707309376726,0.8148707309376726,0.021743288372871206
0,damage0,10,34,partial_mitigation,same_grid,60,0.6,0|10|35|75|125|175|225,0|10|35|75|125|175|225,10.0,0.833,0.002,1.5,1.5,10000.0,0.015,2,0,1,1,1,False,0.9113510250998278,0.6,0.3113510250998278,24.332684440242904,24.315820976957788,0.0168634632851159,0.06930375202345557,0.03685156257952541,3.741521153200764,2206.1945930149245,0.984935299590648,38.333060902139835,57.55331145214573,92.65035949417808,225.4572792913257,2035,172.91554255887786,183.915844786702,11.000302227824136,6.361661921789666,0.6186558762424799,2.7683136463165283,2.902878522872925,0.13456487655639648,438.65467971682324,1.509496831893921,0.828084939595058,0.828084939595058,0.0168634632851159
0,damage0,10,40,partial_mitigation,same_grid,90,0.9,0|10|35|75|125|175|225,0|10|35|75|125|175|225,10.0,0.833,0.002,1.5,1.5,10000.0,0.015,2,0,1,1,1,False,0.9147620692974544,0.9,0.014762069297454383,24.332165425668563,24.333083766570827,-0.0009183409022632816,-0.0037741848544827934,-0.0018854047768552577,-0.19769844848077536,-112.87363501523869,0.9536770730087943,38.476535547327394,-2.933570640121703,218.71046815605845,227.52032003275338,2035,170.53482903245725,174.43936519521986,3.9045361627626107,2.2895828288656945,0.2266329466528827,2.7668395042419434,2.773219585418701,0.0063800811767578125,425.2082538818329,1.4420741844177247,0.9000000706104796,0.9000000706104796,-0.0009183409022632816
0,damage0,10,39,partial_mitigation,same_grid,85,0.85,0|10|35|75|125|175|225,0|10|35|75|125|175|225,10.0,0.833,0.002,1.5,1.5,10000.0,0.015,2,0,1,1,1,False,0.9078823954763874,0.85,0.057882395476387405,24.332546867363078,24.331899144655534,0.0006477227075443182,0.0026619601765284174,0.0013446013423928308,0.1399365700467271,80.4973250441169,0.9608648703793773,38.18716411051913,2.1079681332488085,191.0527251114907,223.37637992558012,2035,171.2596443025711,175.50811836961572,4.2484740670446115,2.4807210620726656,0.24534555784117007,2.769812822341919,2.7948293685913086,0.02501654624938965,427.4493247317144,1.4533112716674805,0.8738829766270688,0.8738829766270688,0.0006477227075443182
0,damage0,10,41,partial_mitigation,same_grid,95,0.95,0|10|35|75|125|175|225,0|10|35|75|125|175|225,10.0,0.833,0.002,1.5,1.5,10000.0,0.015,2,0,1,1,1,False,0.9021102070970844,0.9034613001268256,0.0,24.332627770179673,24.332996414401354,-0.0003686442216803698,-0.0015150201826214338,-0.0007568688737494627,-0.07940771666213144,-45.31151191442543,0.9531427241131141,37.94437550043532,-1.1941562172740356,220.74866307602468,219.9510860575377,2035,173.15378293019336,174.90209093951668,1.748308009323324,1.0096851363785402,0.10051266710984219,2.7723076343536377,2.771723747253418,-0.0005838871002197266,425.05311328628807,1.4412963485717774,0.9034610874031521,0.9034610874031521,-0.0003686442216803698
0,damage0,15,44,partial_mitigation,same_grid,5,0.05,0|15|35|75|125|175|225,0|15|35|75|125|175|225,10.0,0.833,0.002,1.5,1.5,10000.0,0.015,2,0,1,1,1,False,0.8936209474430274,0.05,0.8436209474430274,24.33643662598722,24.201673057379896,0.13476356860732253,0.5537522632356855,0.3541435243639423,35.416619222939346,21201.53051629543,0.9999359965294584,37.58730199267534,564.0609831593388,3.716996191068794,214.99750889457448,2040,158.87560462856567,187.12135287793296,28.245748249367296,17.77853076650935,1.0968775173417766,2.7994112968444824,3.349864959716797,0.5504536628723145,478.33049533800255,1.7419297790527344,0.6833219037760863,0.6833219037760863,0.13476356860732253
0,damage0,15,43,partial_mitigation,same_grid,0,0.0,0|15|35|75|125|175|225,0|15|35|75|125|175|225,10.0,0.833,0.002,1.5,1.5,10000.0,0.015,2,0,1,1,1,False,0.8761649658825221,0.0,0.8761649658825221,24.336873363186804,24.18947410874961,0.14739925443719315,0.6056622485456854,0.3947093971852103,39.47093971852103,23630.08993181764,1.0,36.85307205729761,641.1972900136675,0.0,205.11848112980877,2040,160.98052428027012,182.73599427473943,21.75546999446931,13.514349075291014,0.8486411584831988,2.8108010292053223,3.3824894428253174,0.5716884136199951,481.5023082111194,1.758894510269165,0.6664568202832621,0.6664568202832621,0.14739925443719315
0,damage0,10,42,partial_mitigation,same_grid,100,1.0,0|10|35|75|125|175|225,0|10|35|75|125|175|225,10.0,0.833,0.002,1.5,1.5,10000.0,0.015,2,0,1,1,1,False,0.9050885263938308,0.9053959474518067,0.0,24.33297354649953,24.332564054187422,0.00040949231210873904,0.0016828700007675281,0.0008412643005660201,0.0882900204417446,50.364017731948714,0.9528418912544051,38.06964895911793,1.322944106630282,221.89516303839264,221.71263070969982,2035,172.9141314806041,175.34473427942325,2.4306027988191374,1.405670420344898,0.13968571884956926,2.7710204124450684,2.770887613296509,-0.0001327991485595703,424.96639972833697,1.4408615589141847,0.9053957042172903,0.9053957042172903,0.00040949231210873904
0,damage0,15,46,partial_mitigation,same_grid,15,0.15,0|15|35|75|125|175|225,0|15|35|75|125|175|225,10.0,0.833,0.002,1.5,1.5,10000.0,0.015,2,0,1,1,1,False,0.8954110757217447,0.15,0.7454110757217447,24.336620155105358,24.226575800353327,0.11004435475203067,0.4521759967106421,0.2787131468515471,27.88874976533215,16685.735815384156,0.9993748346439282,37.66259800314858,443.03199195098637,12.606681006038713,216.03382331197116,2040,159.07595706427003,184.13916437247707,25.06320730820704,15.755496789550024,0.9801724919831223,2.798243284225464,3.284615993499756,0.486372709274292,471.9868724610128,1.7080003166198732,0.698295797755664,0.698295797755664,0.11004435475203067
0,damage0,15,45,partial_mitigation,same_grid,10,0.1,0|15|35|75|125|175|225,0|15|35|75|125|175|225,10.0,0.833,0.002,1.5,1.5,10000.0,0.015,2,0,1,1,1,False,0.893258119719863,0.1,0.793258119719863,24.336823176410583,24.213752503953863,0.12307067245671988,0.5056973605988596,0.3178132122996547,31.789796478428055,19026.54165752426,0.9997333972091221,37.572040807000455,506.40160206520426,7.899767810432935,214.78799941594727,2040,159.2054766147394,183.60352292400438,24.39804630926497,15.324878784355947,0.955085388871546,2.7996480464935303,3.3172404766082764,0.5175924301147461,475.15868533412964,1.7249650478363037,0.696809696885858,0.696809696885858,0.12307067245671988
0,damage0,15,48,partial_mitigation,same_grid,25,0.25,0|15|35|75|125|175|225,0|15|35|75|125|175|225,10.0,0.833,0.002,1.5,1.5,10000.0,0.015,2,0,1,1,1,False,0.8969705235572412,0.25,0.6469705235572412,24.33629063771656,24.249274445906472,0.08701619181008624,0.3575573332249243,0.21289358133229636,21.32968839384079,12745.312142716311,0.9981091959776215,37.728191179877875,337.8193267191128,23.863882415310687,216.9401725142691,2040,156.3137474867703,180.5738451034001,24.260097616629793,15.520130511030747,0.9664712510616624,2.7972257137298584,3.219367027282715,0.42214131355285645,465.64324868726385,1.6740708541870117,0.7262065936411368,0.7262065936411368,0.08701619181008624
0,damage0,15,47,partial_mitigation,same_grid,20,0.2,0|15|35|75|125|175|225,0|15|35|75|125|175|225,10.0,0.833,0.002,1.5,1.5,10000.0,0.015,2,0,1,1,1,False,0.8881568044324918,0.2,0.6881568044324917,24.336041919370707,24.237533670471784,0.09850824889892351,0.4047833629860495,0.24522480167561617,24.550940473680274,14680.88714996543,0.9988407651369132,37.35747032405136,392.9839740918868,17.903415766406948,211.86124411743566,2040,159.6577885012216,181.82933844747328,22.171549946251673,13.886920365355074,0.8706741320783085,2.802976608276367,3.2519917488098145,0.44901514053344727,468.81505869113676,1.6910357093811035,0.7208764435055464,0.7208764435055464,0.09850824889892351
0,damage0,15,49,partial_mitigation,same_grid,30,0.3,0|15|35|75|125|175|225,0|15|35|75|125|175|225,10.0,0.833,0.002,1.5,1.5,10000.0,0.015,2,0,1,1,1,False,0.8959545042405508,0.3,0.5959545042405507,24.336225596719938,24.259751622726945,0.07647397399299294,0.3142392549290806,0.18411278970682285,18.463801496335787,11022.290853462026,0.9971553785571229,37.68545558264718,292.48129505265683,30.571252952064516,216.34928453432096,2040,156.07892041268065,178.2055249295193,22.126604516838654,14.17654892687288,0.8877556445906265,2.7978885173797607,3.1867427825927734,0.3888542652130127,462.4714359555293,1.6571062469482423,0.7418065749200805,0.7418065749200805,0.07647397399299294
0,damage0,15,51,partial_mitigation,same_grid,40,0.4,0|15|35|75|125|175|225,0|15|35|75|125|175|225,10.0,0.833,0.002,1.5,1.5,10000.0,0.015,2,0,1,1,1,False,0.8891260254801314,0.4,0.4891260254801314,24.33718414319577,24.280128544642643,0.05705559855312714,0.23443796216284468,0.1332335711719324,13.397497398275398,7976.301783493379,0.9944661096861491,37.39823750203609,213.28015212104904,46.61281095856117,212.4146018008554,2040,157.42583019374896,172.9006191800355,15.47478898628654,9.829891935295008,0.6270413640246053,2.8023440837860107,3.1214938163757324,0.3191497325897217,456.1278116599031,1.6231767845153808,0.7641733728640648,0.7641733728640648,0.05705559855312714
0,damage0,15,52,partial_mitigation,same_grid,45,0.45,0|15|35|75|125|175|225,0|15|35|75|125|175|225,10.0,0.833,0.002,1.5,1.5,10000.0,0.015,2,0,1,1,1,False,0.8899617707177945,0.45,0.43996177071779446,24.336973275667646,24.29023956406815,0.04673371159949724,0.19202762426592332,0.10734828044498423,10.814160164758283,6426.6256112232395,0.9926640516645583,37.433390447730645,171.68163327863468,56.17084138056122,212.8927719238007,2040,157.73875707619518,167.37184390804123,9.633086831846043,6.106987914956634,0.39596667843306843,2.8017988204956055,3.088869333267212,0.28707051277160645,452.9560010502828,1.6062120532989503,0.7701583539118783,0.7701583539118783,0.04673371159949724
0,damage0,15,50,partial_mitigation,same_grid,35,0.35,0|15|35|75|125|175|225,0|15|35|75|125|175|225,10.0,0.833,0.002,1.5,1.5,10000.0,0.015,2,0,1,1,1,False,0.8814500390080758,0.35,0.5314500390080759,24.336563581441396,24.27092901517308,0.0656345662683151,0.26969529222427596,0.1553972167878361,15.602890558087665,9303.174016218534,0.9959514630273869,37.075371724949726,250.92598087042236,38.119121628686976,208.0666525867937,2040,158.85624222996245,173.8286242170075,14.972381987045054,9.42511403824524,0.6022746861735317,2.8073525428771973,3.154118299484253,0.34676575660705566,459.2996235467776,1.6401415157318116,0.7486940773690551,0.7486940773690551,0.0656345662683151
0,damage0,10,27,partial_mitigation,same_grid,25,0.25,0|10|35|75|125|175|225,0|10|35|75|125|175|225,10.0,0.833,0.002,1.5,1.5,10000.0,0.015,2,0,1,1,1,False,0.8943103717474407,0.25,0.6443103717474407,24.332641440951402,24.270186709630753,0.06245473132064916,0.2566705775540627,0.1476328472007195,14.791252078998937,8838.344060519901,0.9981091959776215,37.61630041712501,234.9604815601749,23.863882415310687,215.39610160131775,2035,169.90079721152892,187.4558533079073,17.555056096378365,10.332533092544626,0.9881366229605115,2.7756786346435547,3.0541470050811768,0.27846837043762207,454.3421776038376,1.588156442642212,0.7613921549052944,0.7613921549052944,0.06245473132064916
0,damage0,15,54,partial_mitigation,same_grid,55,0.55,0|15|35|75|125|175|225,0|15|35|75|125|175|225,10.0,0.833,0.002,1.5,1.5,10000.0,0.015,2,0,1,1,1,False,0.8794342374770164,0.55,0.3294342374770164,24.336991444249875,24.306401252286623,0.030590191963252522,0.12569422162688929,0.0683362886387818,6.917005732054698,4091.092478812582,0.9879461039348089,36.99058349217382,110.59821426385837,79.03012708756174,206.93783615827837,2040,156.27130545255068,171.96462685352418,15.693321400973502,10.042356372161064,0.6400071062355961,2.8086678981781006,3.023620367050171,0.2149524688720703,446.6123777249135,1.572282590866089,0.8008021859829597,0.8008021859829597,0.030590191963252522
0,damage0,15,53,partial_mitigation,same_grid,50,0.5,0|15|35|75|125|175|225,0|15|35|75|125|175|225,10.0,0.833,0.002,1.5,1.5,10000.0,0.015,2,0,1,1,1,False,0.8901707467664741,0.5,0.3901707467664741,24.3360703305053,24.297723350896558,0.038346979608743226,0.15757260349743166,0.08685050856798687,8.768300585188666,5199.484336377809,0.990505602815373,37.4421803556591,138.86702876244084,66.92658508625091,213.01248473339703,2040,158.2915333650077,170.12065098284853,11.829117617840836,7.472994522432119,0.4816188483194539,2.8016624450683594,3.0562448501586914,0.25458240509033203,449.7841891634083,1.5892473220825196,0.7889675385343959,0.7889675385343959,0.038346979608743226
0,damage0,15,55,partial_mitigation,same_grid,60,0.6,0|15|35|75|125|175|225,0|15|35|75|125|175|225,10.0,0.833,0.002,1.5,1.5,10000.0,0.015,2,0,1,1,1,False,0.8953397958845771,0.6,0.29533979588457715,24.335951792317275,24.313768150000417,0.022183642316857544,0.09115584426765998,0.04881816136770535,4.956484084588584,2922.5996433106648,0.984935299590648,37.659599845178725,77.60570094546088,92.65035949417808,215.9924752601648,2040,158.60147788055596,173.11684002881753,14.515362148261573,9.152097661532013,0.5855216156540388,2.7982897758483887,2.9909958839416504,0.19270610809326172,443.440564403417,1.5553178596496582,0.8140588897928777,0.8140588897928777,0.022183642316857544
0,damage0,10,31,partial_mitigation,same_grid,45,0.45,0|10|35|75|125|175|225,0|10|35|75|125|175|225,10.0,0.833,0.002,1.5,1.5,10000.0,0.015,2,0,1,1,1,False,0.9070021055078441,0.45,0.4570021055078441,24.332604559728143,24.298850579168512,0.03375398055963075,0.13871914318410256,0.07618406854581333,7.67470811681589,4560.915964877827,0.9926640516645583,38.150137533441416,119.55175681555136,56.17084138056121,222.85098244416542,2035,169.16409071228787,183.0740562267813,13.909965514493422,8.22276492364524,0.7933459933999742,2.770193338394165,2.967707872390747,0.19751453399658203,445.37789323405485,1.5432080936431884,0.7977271054781107,0.7977271054781107,0.03375398055963075
0,damage0,15,56,partial_mitigation,same_grid,65,0.65,0|15|35|75|125|175|225,0|15|35|75|125|175|225,10.0,0.833,0.002,1.5,1.5,10000.0,0.015,2,0,1,1,1,False,0.8986148771020417,0.65,0.24861487710204166,24.3368981850026,24.32015459886436,0.01674358613824012,0.06879917897079509,0.03641854441673374,3.7108138428567465,2180.2710700335947,0.9814166368609092,37.79735564323115,57.683164150771574,107.97733822405326,217.89949049685262,2040,155.29246173208674,165.21107184445245,9.918610112365712,6.387051890179622,0.4136109571609703,2.7961528301239014,2.95837140083313,0.16221857070922852,440.26875303561326,1.5383531284332277,0.8267310139498985,0.8267310139498985,0.01674358613824012
0,damage0,15,57,partial_mitigation,same_grid,70,0.7,0|15|35|75|125|175|225,0|15|35|75|125|175|225,10.0,0.833,0.002,1.5,1.5,10000.0,0.015,2,0,1,1,1,False,0.8968334312766637,0.7,0.19683343127666375,24.336985428506125,24.326712255666852,0.010273172839273315,0.042212183055508,0.022040991254484915,2.255233209299238,1319.5292770936849,0.9773264761977165,37.72242483233905,34.979969685365134,125.22493503245506,216.860360782689,2040,155.4395197923833,163.77175125188472,8.332231459501429,5.360433093611318,0.34871983138904383,2.7973151206970215,2.9257469177246094,0.1284317970275879,437.0969408878002,1.521388397216797,0.8396824372224838,0.8396824372224838,0.010273172839273315
0,damage0,10,35,partial_mitigation,same_grid,65,0.65,0|10|35|75|125|175|225,0|10|35|75|125|175|225,10.0,0.833,0.002,1.5,1.5,10000.0,0.015,2,0,1,1,1,False,0.8967116452325986,0.65,0.2467116452325986,24.332611847368877,24.320546133070472,0.012065714298405084,0.049586597501697166,0.026085416936588553,2.657935066194063,1561.6571394455846,0.9814166368609092,37.717302292597935,41.4042639457823,107.97733822405326,216.78948162902034,2035,172.63362720687917,180.50298909134932,7.869361884470152,4.558417738068919,0.44675248301189185,2.7746407985687256,2.8812685012817383,0.1066277027130127,436.4136086033335,1.498259620666504,0.835646193672487,0.835646193672487,0.012065714298405084
0,damage0,15,61,partial_mitigation,same_grid,90,0.9,0|15|35|75|125|175|225,0|15|35|75|125|175|225,10.0,0.833,0.002,1.5,1.5,10000.0,0.015,2,0,1,1,1,False,0.8902415434637446,0.8918725542763541,0.0,24.336546918013685,24.336876895091486,-0.00032997707780069163,-0.001355891116814299,-0.0006788944261943196,-0.07109494003926675,-40.64341122756175,0.9549124393653846,37.445158191897164,-1.0854116577442225,213.98957465016971,213.05305431693475,2040,159.9183639831756,160.17785892296632,0.25949493979072713,0.16226713013273922,0.010809625482699481,2.8016161918640137,2.8005521297454834,-0.0010640621185302734,424.9252686257892,1.4562871074676513,0.9009726760296299,0.9009726760296299,-0.00032997707780069163
0,damage0,15,63,partial_mitigation,same_grid,100,1.0,0|15|35|75|125|175|225,0|15|35|75|125|175|225,10.0,0.833,0.002,1.5,1.5,10000.0,0.015,2,0,1,1,1,False,0.90038126121111,0.8945708907246027,0.0058103704865072325,24.33584827859974,24.336800491247217,-0.0009522126474763581,-0.003912798257842966,-0.0019565408062031785,-0.204979568693444,-117.13233973033073,0.9545052800502629,37.87165293128442,-3.092876351155296,215.54689041931408,218.93415924668588,2040,157.11256070443915,158.64531593652023,1.5327552320810867,0.9755777801652108,0.06474426643836573,2.7950000762939453,2.7987914085388184,0.003791332244873047,424.7540961613462,1.4553715324401857,0.9000581653735011,0.9000581653735011,-0.0009522126474763581
0,damage0,15,62,partial_mitigation,same_grid,95,0.95,0|15|35|75|125|175|225,0|15|35|75|125|175|225,10.0,0.833,0.002,1.5,1.5,10000.0,0.015,2,0,1,1,1,False,0.8987964237672906,0.8926301241939345,0.0061662995733561266,24.33681987357803,24.336659052625784,0.0001608209522458992,0.0006608133399569559,0.0003310357187438543,0.03467074409542702,19.818134202897237,0.9547984255334083,37.80499182202933,0.5242200367663886,214.4257966407774,218.00563354843564,2040,156.1294007049056,156.41740930048942,0.2880085955838183,0.1844678800299584,0.012287284624012962,2.796034336090088,2.8000576496124268,0.004023313522338867,424.8772108347965,1.456029977798462,0.8956489429536293,0.8956489429536293,0.0001608209522458992
0,damage0,15,59,partial_mitigation,same_grid,80,0.8,0|15|35|75|125|175|225,0|15|35|75|125|175|225,10.0,0.833,0.002,1.5,1.5,10000.0,0.015,2,0,1,1,1,False,0.8927067138661885,0.8,0.09270671386618845,24.33602480377704,24.33443828595934,0.0015865178176994732,0.006519215157330213,0.0033228168569945592,0.3435727824854356,198.92726577497137,0.9671362303372844,37.54884768646999,5.297826112694558,166.4748291837552,214.46994175844088,2040,159.45006418716204,160.7921485850287,1.342084397866671,0.8416957401104186,0.05589383035462525,2.8000078201293945,2.8604979515075684,0.06049013137817383,430.75331725955715,1.4874589347839355,0.859772470173804,0.859772470173804,0.0015865178176994732
0,damage0,15,60,partial_mitigation,same_grid,85,0.85,0|15|35|75|125|175|225,0|15|35|75|125|175|225,10.0,0.833,0.002,1.5,1.5,10000.0,0.015,2,0,1,1,1,False,0.8822694714754882,0.8483501598760312,0.033919311599456936,24.337092978115034,24.33648901234808,0.0006039657669560938,0.0024816676646598913,0.0012537589833750897,0.13045234264311278,75.05886036981266,0.9610858325519552,37.1098385262298,2.02261349956454,190.194591798737,208.52705973542157,2040,161.1915532060751,156.0860769225766,-5.10547628349849,-3.167334877015175,-0.2143419522706913,2.8068180084228516,2.8289499282836914,0.022131919860839844,427.68616523510974,1.4710539627075196,0.8718931058363872,0.8718931058363872,0.0006039657669560938
0,damage0,10,38,partial_mitigation,same_grid,80,0.8,0|10|35|75|125|175|225,0|10|35|75|125|175|225,10.0,0.833,0.002,1.5,1.5,10000.0,0.015,2,0,1,1,1,False,0.8936880718369318,0.8,0.09368807183693173,24.33246460636105,24.33053125058942,0.0019333557716301186,0.007945581357692374,0.004051809993241711,0.41894925100972186,242.56993932681215,0.9671362303372844,37.59012536523837,6.453022887524864,166.4748291837552,215.03628855682285,2035,171.09674745388784,177.99089366686232,6.894146212974476,4.029384728562717,0.3958134676932179,2.7759475708007812,2.816439151763916,0.040491580963134766,429.6903958268296,1.4645483589172363,0.8620888056061526,0.8620888056061526,0.0019333557716301186
