sample_index,scenario_name,delay_year,task_id,run_type,comparison_type,partial_mitigation_pct,partial_mitigation_value,decision_times_optimal,decision_times_partial,ra,eis,pref,tech_chg,tech_scale,bs_premium,growth,baseline_num,dam_func,tip_on,d_unc,t_unc,no_free_lunch,u_optimal,u_partial,utility_loss,m_opt_2025,m_partial_2025,T_opt_2025,T_partial_2025,conc_opt_2025,conc_partial_2025,dam_opt_2025,dam_partial_2025,price_opt_2025,price_partial_2025,m_opt_2030,m_partial_2030,T_opt_2030,T_partial_2030,conc_opt_2030,conc_partial_2030,dam_opt_2030,dam_partial_2030,price_opt_2030,price_partial_2030,m_opt_2060,m_partial_2060,T_opt_2060,T_partial_2060,conc_opt_2060,conc_partial_2060,dam_opt_2060,dam_partial_2060,price_opt_2060,price_partial_2060,m_opt_2100,m_partial_2100,T_opt_2100,T_partial_2100,conc_opt_2100,conc_partial_2100,dam_opt_2100,dam_partial_2100,price_opt_2100,price_partial_2100,m_opt_2150,m_partial_2150,T_opt_2150,T_partial_2150,conc_opt_2150,conc_partial_2150,dam_opt_2150,dam_partial_2150,price_opt_2150,price_partial_2150,m_opt_2200,m_partial_2200,T_opt_2200,T_partial_2200,conc_opt_2200,conc_partial_2200,dam_opt_2200,dam_partial_2200,price_opt_2200,price_partial_2200,m_opt_2250,m_partial_2250,T_opt_2250,T_partial_2250,conc_opt_2250,conc_partial_2250,dam_opt_2250,dam_partial_2250,price_opt_2250,price_partial_2250
0,damage0,5,1,partial_mitigation,same_grid,0,0.0,0|5|35|75|125|175|225,0|5|35|75|125|175|225,10.0,0.833,0.002,1.5,1.5,10000.0,0.015,2,0,1,1,1,False,24.322553133559484,24.263287023298574,0.059266110260910665,0.0,0.0,1.419600009918213,1.419600009918213,425.6,425.6,0.0,0.0,238.63469137516574,0.0,0.9326802820572144,1.1149141078137248e-06,1.4270859050750733,1.5307991695404053,425.0600475558377,447.7808445891872,0.0005934788828374725,0.0006337597999050967,175.956335650451,191.26923852674025,0.8567184636319545,0.6818890470779693,1.5320568609237672,1.669274592399597,426.12237757687205,445.4716288680868,0.005139237340488916,0.005849796538099468,86.50221347060787,93.56963497815818,0.8624119650482449,0.7620968841702644,1.6015221333503724,1.73416109085083,412.165542417364,427.55880152814166,0.02218633115657373,0.02448421535750198,24.342221979380433,27.80228694705448,0.8571792704589933,0.7714934623031149,1.6384039998054503,1.7696762430667876,391.64534461810086,405.16405352811773,0.024563585271386107,0.027069397855877544,6.403429264377447,7.910828673681425,0.8571729583622855,0.779116691117576,1.6563923448324203,1.7858014982938768,372.25172809482274,384.63450144844194,0.025970755604665958,0.028516976520464598,1.28982392909526,1.567114695122513,nan,nan,nan,nan,nan,nan,nan,nan,nan,nan
0,damage0,5,7,partial_mitigation,same_grid,30,0.3,0|5|35|75|125|175|225,0|5|35|75|125|175|225,10.0,0.833,0.002,1.5,1.5,10000.0,0.015,2,0,1,1,1,False,24.323972293243653,24.29031582555312,0.03365646769053399,0.0,0.0,1.419600009918213,1.419600009918213,425.6,425.6,0.0,0.0,259.6348840302405,30.571252952064516,0.9645969282243271,0.2999999732420614,1.4235367965698242,1.4974395084381105,424.2825398604164,440.4726175920728,0.0005925180041973749,0.0006194633863642297,176.4127100747092,190.32357752331896,0.8604317923311984,0.7438518630920665,1.5291423940658568,1.6206420612335206,425.75496738624565,438.50394817381493,0.005105077915681411,0.0055792487493058545,84.54207068828275,91.28346254342156,0.8625084018642009,0.7977520879184812,1.6013946223258972,1.6870169425010682,412.2398995418082,422.08443497102564,0.02206421288736451,0.023625583111574453,24.493007809249832,25.80421481186814,0.8567738797319597,0.8006109173112261,1.6390250658988954,1.7250677633285523,391.7517846541949,400.67879487949796,0.02443316975817203,0.02614962281171712,6.279721194078942,7.468877493955931,0.8557530285609071,0.8062004234278349,1.658746440410614,1.7408994936943056,372.56624826965583,380.3353380139552,0.02584656127763063,0.027568820982670376,1.4210768973541035,1.6846856308270013,nan,nan,nan,nan,nan,nan,nan,nan,nan,nan
0,damage0,5,6,partial_mitigation,same_grid,25,0.25,0|5|35|75|125|175|225,0|5|35|75|125|175|225,10.0,0.833,0.002,1.5,1.5,10000.0,0.015,2,0,1,1,1,False,24.322991053920205,24.285765970134438,0.037225083785767055,0.0,0.0,1.419600009918213,1.419600009918213,425.6,425.6,0.0,0.0,253.6862478465424,23.863882415310687,0.9557969111706008,0.25000053515877174,1.4245153522491456,1.5029994106292726,424.49689861180684,441.69065620764064,0.0005920494120431817,0.0006222303638631261,180.20585034922988,190.09006484629808,0.8677856300712574,0.7312606965127983,1.5233706140518188,1.6305244445800782,424.76827443725233,439.9592598065784,0.005088610832778472,0.0056273419137730174,86.09625180104642,91.04980527587712,0.8716021076270348,0.7897263835586048,1.589370710849762,1.6976287174224851,410.6317117472046,423.35051913562484,0.022020201533282508,0.02378056977528155,24.01594539135412,26.127201856409194,0.8649841951269328,0.7936705685849865,1.6264467108249665,1.7357005059719086,390.4153188341563,401.7763765146852,0.024382520827382816,0.026315125045933245,6.5070975567082066,7.539159955700811,0.8652000959865797,0.7996055216102285,1.6430841875076294,1.7518331533670426,370.92588227274564,381.3944933636099,0.025777328967472438,0.02775043265910306,1.1870094607700978,1.557564244608185,nan,nan,nan,nan,nan,nan,nan,nan,nan,nan
0,damage0,5,8,partial_mitigation,same_grid,35,0.35,0|5|35|75|125|175|225,0|5|35|75|125|175|225,10.0,0.833,0.002,1.5,1.5,10000.0,0.015,2,0,1,1,1,False,24.322862331754717,24.293863543375785,0.02899878837893155,0.0,0.0,1.419600009918213,1.419600009918213,425.6,425.6,0.0,0.0,248.7389555652497,38.119121628686976,0.9483370208745814,0.3500005262394589,1.425344886779785,1.4918794822692871,424.67863005131693,439.25458003848325,0.0005926339734185883,0.000616835494784149,176.73338695209446,183.03655796800768,0.8603728731715583,0.7419026340573266,1.5291886377334594,1.6221719455718995,425.7041151935818,438.93697053005457,0.00511810520740699,0.005585909740819025,86.29973364973084,93.48245219965843,0.8666753443235962,0.7995981239248398,1.5958849930763246,1.6845760703086852,411.4159749440133,421.6677155854866,0.02213118618887385,0.02360177447269442,24.518367451731315,26.19081288925945,0.8609275870051124,0.8028060318268759,1.6326615095138548,1.721704807281494,391.032488246261,400.23481186507706,0.024499225122549786,0.026106754334254783,6.69314235050067,7.320048373545912,0.8615274100647632,0.8074165025920798,1.649173117876053,1.7388833612203598,371.4822314216237,380.1565644204753,0.02588353804716924,0.027527036133930628,1.2584632456084495,1.6613173029055832,nan,nan,nan,nan,nan,nan,nan,nan,nan,nan
0,damage0,5,9,partial_mitigation,same_grid,40,0.4,0|5|35|75|125|175|225,0|5|35|75|125|175|225,10.0,0.833,0.002,1.5,1.5,10000.0,0.015,2,0,1,1,1,False,24.32348329335062,24.2983700366577,0.02511325669291864,0.0,0.0,1.419600009918213,1.419600009918213,425.6,425.6,0.0,0.0,255.26135099083322,46.61281095856117,0.9581449202818574,0.39999996432274854,1.4242542552947999,1.486319580078125,424.439704959984,438.03654248489363,0.0005915975023790061,0.0006148344967815097,176.75827541664165,185.46673706096772,0.8626180406663135,0.7559897628386618,1.5274264812469482,1.6111154317855836,425.4478250772945,437.2873843926843,0.005110275853654554,0.0055212244950986564,86.15776096528774,89.81043942407408,0.8689938128989323,0.8015881822445752,1.592819459438324,1.6819447684288027,411.01487054933096,421.63216404633727,0.022094071666251595,0.023450404731614406,24.563374643134242,25.716491260439298,0.8645206804574515,0.8039454876871406,1.6271568238735201,1.7199591398239136,390.34716420022505,400.1529570921035,0.02445067206715862,0.025958846850148445,6.930688046888015,7.122955696082894,0.8664057246275159,0.8075410068364534,1.641085380911827,1.7386769461631777,370.5455185605615,380.2411448512628,0.025813444143804,0.0273843361670377,1.218566868362329,1.5090458735264254,nan,nan,nan,nan,nan,nan,nan,nan,nan,nan
0,damage0,5,15,partial_mitigation,same_grid,70,0.7,0|5|35|75|125|175|225,0|5|35|75|125|175|225,10.0,0.833,0.002,1.5,1.5,10000.0,0.015,2,0,1,1,1,False,24.323698143532578,24.317198749234503,0.00649939429807489,0.0,0.0,1.419600009918213,1.419600009918213,425.6,425.6,0.0,0.0,244.32361543738455,125.22493503245506,0.9415661474972497,0.6999999375648098,1.4260978031158447,1.452959794998169,424.84356922067013,430.72831677394726,0.0005928936528511162,0.0006025569077065325,178.2184357576217,181.79660424508296,0.8610366219887365,0.8143218633451821,1.5286676836013795,1.5653325271606446,425.59355986783356,430.7912208604138,0.0051181708408401085,0.005297396872646516,84.13048203680974,87.32299767573359,0.8625395082460127,0.8367420036261219,1.6013534927368165,1.6354635596275329,412.2502422799271,416.1641036001538,0.02215123603541279,0.022697284689798192,23.968707266306794,25.73385585395159,0.8559957512688815,0.8367173262567609,1.640217173099518,1.6697520768642424,391.9469417165443,394.78553025893666,0.024527756049737524,0.02508748552189655,6.589345258105858,7.148103915534737,0.8554528190512087,0.8408898231964987,1.6592441564798355,1.6833880853652956,372.6115190609904,374.6142861133411,0.02592315079514211,0.02647444348306774,1.3574829321150186,1.412097016714037,nan,nan,nan,nan,nan,nan,nan,nan,nan,nan
0,damage0,5,16,partial_mitigation,same_grid,75,0.75,0|5|35|75|125|175|225,0|5|35|75|125|175|225,10.0,0.833,0.002,1.5,1.5,10000.0,0.015,2,0,1,1,1,False,24.32358305874378,24.318978706842834,0.004604351900944437,0.0,0.0,1.419600009918213,1.419600009918213,425.6,425.6,0.0,0.0,245.83496283428087,144.63382186579744,0.9438963179827796,0.7500004905622074,1.4258386898040771,1.4473997688293458,424.7868141302766,429.51027944454745,0.0005927300810400143,0.0006003444270325501,176.23662867647488,183.50264433891113,0.8596060553150635,0.8282442396238242,1.5297904872894288,1.5544053220748901,425.7877262685147,429.1630372122666,0.005125866079370621,0.005244328572595675,84.79393684182874,85.27730937598962,0.8630587527550644,0.8436464717728718,1.6006669354438783,1.626334309577942,412.1110214880149,415.1535136033073,0.022199290907724958,0.02256034719763157,24.432208567803546,24.525331110706105,0.8573907764653698,0.8399248352262908,1.6380799686908722,1.66483811378479,391.6454380894505,394.4873848527742,0.024560106751400038,0.024988627746902112,6.82752426941318,6.841888649038352,0.8593744433553998,0.8425332567881919,1.6527425122261046,1.680663443803787,371.7419351767003,374.5259380835179,0.025938677563375014,0.02638981523127083,1.4194166668129204,1.361203762175577,nan,nan,nan,nan,nan,nan,nan,nan,nan,nan
0,damage0,5,18,partial_mitigation,same_grid,85,0.85,0|5|35|75|125|175|225,0|5|35|75|125|175|225,10.0,0.833,0.002,1.5,1.5,10000.0,0.015,2,0,1,1,1,False,24.323295529357146,24.322066737077794,0.0012287922793525752,0.0,0.0,1.419600009918213,1.419600009918213,425.6,425.6,0.0,0.0,249.88964654762057,191.0527251114907,0.9500840912816748,0.8500004816428945,1.42515061378479,1.4362798404693604,424.63607455979565,427.07420391847404,0.0005926975080493177,0.0005961960819738134,177.72301181515382,180.90713903528632,0.861885421196044,0.8442636956970537,1.5280014896392822,1.5418321895599367,425.5139700712967,427.44238838929016,0.005111124703476532,0.005177302540334306,86.25769794094242,84.52736000555043,0.8664744069423677,0.8524862163144937,1.5961506772041323,1.6146461915969847,411.49422221840126,413.81193133738964,0.02208877073863392,0.022357979782799214,24.29612428618479,24.90836561825893,0.8608283231263725,0.8494868610385036,1.632813583612442,1.6501889133453371,391.0545085152031,392.83394402089914,0.02444968404240202,0.024740111026696293,6.583006276047984,6.80257295248873,0.8614879214818316,0.8501478885148015,1.649238585829735,1.6680391782522204,371.48722096586346,373.3647167305039,0.02583457101785731,0.026119328218082875,1.412149287001267,1.2993392209339727,nan,nan,nan,nan,nan,nan,nan,nan,nan,nan
0,damage0,5,19,partial_mitigation,same_grid,90,0.9,0|5|35|75|125|175|225,0|5|35|75|125|175|225,10.0,0.833,0.002,1.5,1.5,10000.0,0.015,2,0,1,1,1,False,24.32360882652332,24.32379618938957,-0.00018736286624942977,0.0,0.0,1.419600009918213,1.419600009918213,425.6,425.6,0.0,0.0,249.99463876619797,218.71046815605845,0.9502435239991058,0.8999999197261841,1.4251328849792482,1.4307199382781983,424.6322003704095,425.85616632357966,0.0005930757827960899,0.0005945796792089842,177.07662558234233,177.30820134254125,0.8614010362013091,0.8501880724849344,1.5283816671371462,1.53718234539032,425.5774547920952,426.8528917121822,0.005115016265661355,0.005157612861309003,84.61639428575224,86.9369380364612,0.8627528694270603,0.8612385957581408,1.601071381568909,1.6030735898017883,412.2170109090092,412.23201271576573,0.02212622025150492,0.022209386775103552,24.10512310451756,25.339878015172733,0.8569543613506776,0.8583272941889504,1.6387485647201538,1.6366452062129975,391.73814579440153,391.29462432091304,0.024501580606456172,0.024539130195043092,7.351929441347419,6.875265347353762,0.8608051788857092,0.8597042985132854,1.6503705018758774,1.652195646762848,371.36604913198994,371.68484566239,0.025873110109062056,0.025910776918385833,1.357238591550335,1.3653429515525075,nan,nan,nan,nan,nan,nan,nan,nan,nan,nan
0,damage0,5,3,partial_mitigation,same_grid,10,0.1,0|5|35|75|125|175|225,0|5|35|75|125|175|225,10.0,0.833,0.002,1.5,1.5,10000.0,0.015,2,0,1,1,1,False,24.323753557707164,24.272916661049063,0.05083689665810098,0.0,0.0,1.419600009918213,1.419600009918213,425.6,425.6,0.0,0.0,238.68962381696926,7.899767810432935,0.9327672453576313,0.09999999108068713,1.427076234817505,1.519679365158081,425.0579353469054,445.344769482008,0.0005933733407403713,0.0006288460194747214,177.3453550574044,189.04122722177033,0.8558749560917995,0.6989774988961424,1.5327189016342164,1.655862441062927,426.23224148271777,443.61215166854373,0.00512922140419258,0.00576808646529152,86.74645064316341,91.46284139838755,0.8634829669160643,0.7685091588739843,1.600106029510498,1.7256826305389403,411.932418812689,426.7240605420302,0.0221031767467216,0.024261702402513213,24.3740725841773,27.38401479852994,0.8587861961682548,0.7771048201343453,1.6359421598911286,1.7610795390605927,391.32971109512926,404.2899571931346,0.024476184018710528,0.026843829137240278,6.395585175877075,7.52243834192185,0.8580785177062689,0.7831143200774224,1.654891021847725,1.7791738462448121,372.1396609390383,384.0861024702856,0.025870770278417006,0.028292129280521133,1.3305635703354208,1.5774130345812687,nan,nan,nan,nan,nan,nan,nan,nan,nan,nan
0,damage0,5,20,partial_mitigation,same_grid,95,0.95,0|5|35|75|125|175|225,0|5|35|75|125|175|225,10.0,0.833,0.002,1.5,1.5,10000.0,0.015,2,0,1,1,1,False,24.324725349787368,24.324503573986952,0.00022177580041571332,0.0,0.0,1.419600009918213,1.419600009918213,425.6,425.6,0.0,0.0,250.07531447867314,249.833992829141,0.950365049636868,0.9500004727235817,1.4251193714141845,1.425159912109375,424.6292244814881,424.63812869329024,0.0005922702663119712,0.0005923934896184099,175.44478069707063,178.2485485718854,0.8586677716468013,0.861541541811228,1.5305269145965577,1.5282713890075683,425.9328561567885,425.5583209987272,0.005120370875586469,0.00510258939683288,83.69289631685022,84.927818336758,0.8612769454496585,0.8634978754758473,1.603022882938385,1.6000863170623778,412.43875853899476,412.0734412785928,0.02217217176458719,0.022062238101571107,24.560548885512638,24.25548146085009,0.8561941374086803,0.8577528119509604,1.6399132418632507,1.6375253236293792,391.81472437316324,391.5965089624442,0.024537429956684204,0.024427336481112887,7.505626185293472,7.170453796674218,0.8602759692460669,0.8607256361951052,1.6512478762865066,1.6505023753643038,371.41734197742295,371.44450289064366,0.02588147290437836,0.025802016679081073,1.2679296450078104,1.3977649485108006,nan,nan,nan,nan,nan,nan,nan,nan,nan,nan
0,damage0,5,4,partial_mitigation,same_grid,15,0.15,0|5|35|75|125|175|225,0|5|35|75|125|175|225,10.0,0.833,0.002,1.5,1.5,10000.0,0.015,2,0,1,1,1,False,24.324142605376572,24.277663422436177,0.04647918294039499,0.0,0.0,1.419600009918213,1.419600009918213,425.6,425.6,0.0,0.0,244.37019665785766,12.606681006038707,0.9416386169142638,0.1500005440780846,1.426089744567871,1.5141193389892578,424.84181537319483,444.12673131481984,0.0005927627774192331,0.000626222744706375,177.3949714875528,190.4691474947399,0.8584320160281343,0.711239634350665,1.5307119512557983,1.6462383031845094,425.93207035514405,442.1995702884856,0.005121933783657307,0.005716592139588524,84.8955486684464,93.57267553406946,0.8624363907075122,0.780293414296177,1.601489837169647,1.7101012110710145,412.2040824407825,424.70708725523366,0.022134427541590805,0.024023208810389465,24.291322966107717,27.158605422435294,0.8565259071727598,0.7871479819017588,1.6394049644470217,1.7456932294368743,391.8024695682467,402.6799237901371,0.024493951935063797,0.026549209881463587,6.644688230328275,7.730460427551982,0.8575874879972656,0.7941575740732644,1.6557050979137422,1.760865282416344,372.112960542419,382.1849868539841,0.025881913513019706,0.02798217624545045,1.2390533446856373,1.6554885854601,nan,nan,nan,nan,nan,nan,nan,nan,nan,nan
0,damage0,5,5,partial_mitigation,same_grid,20,0.2,0|5|35|75|125|175|225,0|5|35|75|125|175|225,10.0,0.833,0.002,1.5,1.5,10000.0,0.015,2,0,1,1,1,False,24.323632418457112,24.28159978767154,0.04203263078557384,0.0,0.0,1.419600009918213,1.419600009918213,425.6,425.6,0.0,0.0,255.80538265309286,17.903415766406948,0.9589532330100914,0.19999998216137427,1.4241643714904786,1.5085594367980957,424.42002402615714,442.90869314763165,0.0005922297807936384,0.0006242568194402517,173.4996105243309,183.23332598192877,0.8572549754971486,0.7108774315810815,1.5316357707977297,1.6465225839614868,426.1472296809818,442.4265109696459,0.005130518516773915,0.005719731208601653,85.90542481328876,90.3097312079594,0.8625419461237129,0.7734688569675099,1.601350269317627,1.7191248011589049,412.1523885400451,426.04374464134344,0.02215817821612051,0.024131082945695135,24.607867289104963,27.02744648743441,0.857857467417122,0.7809320278442566,1.6373649895191194,1.7552161860466002,391.48765936279267,403.70873294431215,0.024525295655985192,0.026697634091083843,6.9781002883481955,7.91084670215203,0.8599701185102355,0.7883863847462507,1.65175494492054,1.7704333126544953,371.5981457239987,383.08176652460554,0.02589684320123096,0.028131415638185078,1.31994615118597,1.50214468024128,nan,nan,nan,nan,nan,nan,nan,nan,nan,nan
0,damage0,5,21,partial_mitigation,same_grid,100,1.0,0|5|35|75|125|175|225,0|5|35|75|125|175|225,10.0,0.833,0.002,1.5,1.5,10000.0,0.015,2,0,1,1,1,False,24.32335362443345,24.323864381704453,-0.0005107572710016939,0.0,0.0,1.419600009918213,1.419600009918213,425.6,425.6,0.0,0.0,260.87964644972845,252.9337230218883,0.9664153531343267,0.9546708479216127,1.4233345890045166,1.4246405696868898,424.238242940661,424.52433593496346,0.0005920949433953499,0.0005925019860361786,176.57166015294638,174.2167023297299,0.8649846005851529,0.856670680667367,1.5255690479278565,1.5320943641662599,425.17023297010235,426.20769747480267,0.005102762381242808,0.005126754185359101,84.46731047347849,85.95578413035732,0.8660571079152294,0.8629794045241428,1.5967024397850036,1.6007718515396117,411.65508124208156,412.0512382669584,0.022123906956145443,0.022144463016715268,24.197898349301237,24.591972590769092,0.8601438444125424,0.858718856961002,1.6338622176647188,1.636045324802399,391.2017490896819,391.312771426637,0.02449450701744839,0.02452078762478479,6.997498056752228,6.781227328936354,0.8619012966985391,0.8601284841326822,1.6485532528162001,1.6514923912286759,371.340228978975,371.61792270906324,0.025859542376174192,0.02589751192509339,1.2100074020243552,1.43207047524424,nan,nan,nan,nan,nan,nan,nan,nan,nan,nan
0,damage0,5,10,partial_mitigation,same_grid,45,0.45,0|5|35|75|125|175|225,0|5|35|75|125|175|225,10.0,0.833,0.002,1.5,1.5,10000.0,0.015,2,0,1,1,1,False,24.32384141640062,24.30157588836122,0.022265528039397964,0.0,0.0,1.419600009918213,1.419600009918213,425.6,425.6,0.0,0.0,249.741217177755,56.17084138056121,0.9498588786318772,0.450000517320146,1.4251756572723389,1.480759553909302,424.64155396991487,436.81850537968364,0.0005925658658580947,0.0006127281236781735,179.268136710058,179.7960156154373,0.8640389717669622,0.7577518880004968,1.526311240196228,1.6097323989868164,425.23347833123603,437.23844330355763,0.005100584582646067,0.005518385746479704,81.83515663995425,90.78122805581447,0.8608629047398313,0.8060535303109511,1.6035703372955321,1.6760405802726743,412.657765329808,420.79280590041725,0.022145625578788616,0.023443413857257282,25.01831901061506,26.574592983343212,0.857480400226262,0.8096554721175471,1.6379426634311676,1.711211338043213,391.5397998211164,399.07281598093783,0.024498387007385398,0.02591864270776497,7.028964370478569,7.24081955235668,0.859739192791918,0.8139970092344667,1.6521377956867218,1.7279735672473908,371.6372305218823,379.04969054970127,0.025869778025266525,0.027333598311922745,1.2413151010560837,1.8021688550294304,nan,nan,nan,nan,nan,nan,nan,nan,nan,nan
0,damage0,5,11,partial_mitigation,same_grid,50,0.5,0|5|35|75|125|175|225,0|5|35|75|125|175|225,10.0,0.833,0.002,1.5,1.5,10000.0,0.015,2,0,1,1,1,False,24.32322486831317,24.30512518662817,0.01809968168499765,0.0,0.0,1.419600009918213,1.419600009918213,425.6,425.6,0.0,0.0,258.80964029389787,66.92658508625091,0.9633872464172457,0.49999995540343567,1.4236713123321534,1.4751996517181396,424.31201276638313,435.600467826094,0.0005921613709869701,0.0006109053134515227,170.90341959066717,181.79161573435724,0.8526070751946598,0.7723901399667761,1.535283751487732,1.598243327140808,426.76679570878184,435.5172771460055,0.005145408086222426,0.005461807121816391,83.1183893381629,89.33321298456379,0.8543850886317819,0.8127370423499714,1.6121354579925538,1.667203483581543,413.6448274422153,419.84414786514907,0.022309573585506042,0.023264999397197384,24.546597625466216,25.913201626014917,0.8499079510970162,0.8156126097477143,1.6495437955856325,1.7020848929882049,392.8351690443535,398.1436999127046,0.024704449726339103,0.025757702901135063,6.889000897412907,7.855692934957921,0.8516631068981195,0.8225809410192295,1.665527104139328,1.7137423032522203,373.0038595677193,377.4361466522533,0.026084440035643162,0.027134366858903546,1.4930960123645243,1.3759815521704621,nan,nan,nan,nan,nan,nan,nan,nan,nan,nan
0,damage0,5,13,partial_mitigation,same_grid,60,0.6,0|5|35|75|125|175|225,0|5|35|75|125|175|225,10.0,0.833,0.002,1.5,1.5,10000.0,0.015,2,0,1,1,1,False,24.324251897539384,24.311677233620017,0.012574663919366458,0.0,0.0,1.419600009918213,1.419600009918213,425.6,425.6,0.0,0.0,253.953330201343,92.65035949417808,0.9561960504212323,0.5999999464841228,1.42447096824646,1.4640797233581544,424.4871782036953,433.16439210531627,0.0005925796475726143,0.000606441874403485,171.96721317082068,184.40314640968816,0.8538203675946466,0.797034539618197,1.5343314790725708,1.5789007663726806,426.5833641489389,432.6765222816798,0.005145924102494077,0.005362846297541045,83.64382814488488,90.11478460116903,0.8559553866055468,0.8317471438349945,1.6100591731071472,1.6420678806304934,413.3659284303731,416.7137629242655,0.022258071030794208,0.022864373165072203,24.81625581994392,25.217855024351486,0.8523350151428306,0.8308559626410552,1.6458254885673524,1.6787317943573,392.3777532865612,395.78845630316795,0.024625836602585226,0.02531216082088723,6.578894400264125,7.183992609825506,0.8520913306445907,0.8346631948290844,1.664817153811455,1.6937111860513687,373.0761759479207,375.71047194027483,0.026018401894855936,0.026703948940021312,1.3308987594990143,1.5094739230832057,nan,nan,nan,nan,nan,nan,nan,nan,nan,nan
0,damage0,5,12,partial_mitigation,same_grid,55,0.55,0|5|35|75|125|175|225,0|5|35|75|125|175|225,10.0,0.833,0.002,1.5,1.5,10000.0,0.015,2,0,1,1,1,False,24.323035526221574,24.308304660995994,0.014730865225580203,0.0,0.0,1.419600009918213,1.419600009918213,425.6,425.6,0.0,0.0,248.87492978394178,79.03012708756174,0.9485443948986525,0.5500005084008331,1.4253218269348145,1.4696396255493165,424.6735921407645,434.3824302725044,0.0005930697296817229,0.0006085591456754553,174.1731459787096,185.99954850740752,0.8553789610213712,0.7892098224816584,1.5331081914901734,1.5850421237945556,426.353409837787,433.512826847474,0.00513489072325325,0.005396857036142243,83.64966257577683,86.94462066890343,0.857585271936181,0.8200092549713727,1.6079041004180907,1.657587993144989,413.0841148352395,418.83491747750026,0.022242088895906686,0.023091164780147284,24.713253275150223,25.43604348988923,0.8536065294905046,0.8205352403346888,1.6438775050640106,1.694543331861496,392.1886674869335,397.4957200795975,0.0246323838549452,0.02556171785128564,6.594341455297562,7.596940101240863,0.854553316897837,0.8259172472167299,1.660735437273979,1.7082110553979872,372.5885125952167,377.0537140338354,0.02603567150018924,0.026928051733999727,1.1676801590452026,1.4724706029586017,nan,nan,nan,nan,nan,nan,nan,nan,nan,nan
0,damage0,5,2,partial_mitigation,same_grid,5,0.05,0|5|35|75|125|175|225,0|5|35|75|125|175|225,10.0,0.833,0.002,1.5,1.5,10000.0,0.015,2,0,1,1,1,False,24.32369247121804,24.268239445282497,0.05545302593554169,0.0,0.0,1.419600009918213,1.419600009918213,425.6,425.6,0.0,0.0,249.50906321402056,3.716996191068794,0.9495076806878858,0.050000552997397474,1.4252147102355956,1.5252392673492432,424.65013002468055,446.562806421999,0.0005921956727705614,0.0006309041299223398,177.29679196558908,192.16296210541154,0.8613176332085747,0.691665283672344,1.5284471273422242,1.6616015529632568,425.58563536812756,444.38188673806684,0.005112278461627864,0.005792263850638255,86.25721836495768,93.3255639427853,0.8667889869302451,0.7672124423486931,1.5957347321510316,1.7273971796035765,411.417602385263,426.79570365520794,0.022093324447525865,0.02429003618711071,23.940236902082265,26.729324793812886,0.8603153940018169,0.7729930923880215,1.6335994005203247,1.7673787820339202,391.18358620882725,405.13148809392976,0.024474206075328252,0.02688701331200466,7.05022184577733,7.7902340685495535,0.8628779065144986,0.7802828732394043,1.646934135556221,1.783868089914322,371.1222666410114,384.51908594526634,0.02584185681439768,0.028334989113078662,1.374032586671447,1.808174913638883,nan,nan,nan,nan,nan,nan,nan,nan,nan,nan
0,damage0,5,14,partial_mitigation,same_grid,65,0.65,0|5|35|75|125|175|225,0|5|35|75|125|175|225,10.0,0.833,0.002,1.5,1.5,10000.0,0.015,2,0,1,1,1,False,24.32410595073935,24.314943521859927,0.009162428879424311,0.0,0.0,1.419600009918213,1.419600009918213,425.6,425.6,0.0,0.0,243.6909977592569,107.97733822405326,0.9405872529105055,0.6500004994815203,1.4262066555023194,1.458519697189331,424.8674187433013,431.9463543275368,0.0005931027618716981,0.0006039899779129638,173.03103853535578,182.29560889194397,0.8519049420455982,0.8046670981549982,1.5358348321914674,1.5729102277755738,426.77595093349413,431.86519153219183,0.005145358268904652,0.005331238092011137,83.56545241682674,89.43857440961185,0.8556329069562747,0.8350780583310771,1.6104855632781983,1.6376636672019962,413.38141461007643,416.2484496995002,0.02228637882260713,0.022774613920691987,24.58116545834223,25.53437902076524,0.8511124094727993,0.8352402943075014,1.6476985430717468,1.6720149171352388,392.63350646285414,394.99271660795614,0.024669629488871095,0.025188344417295158,6.650644120010192,7.028565090540412,0.8517154529898265,0.837901478296105,1.665440319776535,1.6883424496650696,373.09406439640895,375.22680513569117,0.02605320731252707,0.02657972017441156,1.347356291879352,1.4821946599104108,nan,nan,nan,nan,nan,nan,nan,nan,nan,nan
0,damage0,5,17,partial_mitigation,same_grid,80,0.8,0|5|35|75|125|175|225,0|5|35|75|125|175|225,10.0,0.833,0.002,1.5,1.5,10000.0,0.015,2,0,1,1,1,False,24.323617554875707,24.321319158477436,0.0022983963982703415,0.0,0.0,1.419600009918213,1.419600009918213,425.6,425.6,0.0,0.0,248.26389426766752,166.4748291837552,0.9476145565326562,0.7999999286454971,1.4254252243041992,1.4418398666381838,424.69625028065934,428.29224158415855,0.0005928252989830753,0.0005983294949997507,176.36865449162124,176.66396436060614,0.860075434089515,0.8295581526798185,1.5294220876693725,1.5533740758895875,425.7401399812966,429.17229044503415,0.005121735261518017,0.005242793207338649,84.24495478480472,87.76977024079197,0.8629562915682527,0.8482657108690849,1.6008024120330808,1.6202266430854797,412.14309157400874,414.27230936677796,0.02217424239657061,0.022526335909705212,24.766770324292693,24.953608642625262,0.8584421258970372,0.8450776653535164,1.63646928191185,1.6569438827037812,391.4026357087823,393.53857624176646,0.02453427595849014,0.02491585499389727,6.455607642679922,7.043688463076382,0.8580133141057864,0.8477630519879666,1.6549991226196288,1.671992988586426,372.13239444153965,373.6003144444429,0.025925454432493895,0.026282013161250752,1.3335654910628327,1.4682891250521615,nan,nan,nan,nan,nan,nan,nan,nan,nan,nan
0,damage0,10,22,partial_mitigation,same_grid,0,0.0,0|10|35|75|125|175|225,0|10|35|75|125|175|225,10.0,0.833,0.002,1.5,1.5,10000.0,0.015,2,0,1,1,1,False,24.332747919010284,24.229701768258593,0.1030461507516911,0.0,0.0,1.419600009918213,1.419600009918213,425.6,425.6,0.0,0.0,222.98485252032646,0.0,0.45361330594470506,0.0,1.4300250434875488,1.5319710063934326,425.2421742072769,445.57376641308576,0.0006383564589375384,0.0007496055774380262,197.42301536990533,96.82143648341034,0.9072266118894101,0.0,1.4404500770568849,1.6443420028686524,424.88434841455376,465.5475328261715,0.0012767129178750769,0.0014992111548760524,171.86117821948423,193.64287296682068,0.8877076511795186,0.5764473663742208,1.5077344894409177,1.752032222747803,422.087830141681,456.7568255317755,0.005020879984857112,0.006318279048014204,84.0432861592918,97.7014015653158,0.880896844535624,0.6997336050399288,1.5770809912681578,1.8166192841529845,409.32130697345394,436.7511605533264,0.021791338701874288,0.025998387372305042,23.907668173856187,28.819750312195403,0.8726951766947133,0.7165618251553347,1.6146333444118501,1.8538325273990632,389.32095851936367,413.4564395940886,0.024119189857847077,0.028740268550584515,6.566933199566145,8.66747909008639,0.8720839201878601,0.7276460410567087,1.6316715246438982,1.8711344701051713,369.9584702703976,392.45322610665437,0.025491408147821106,0.03025924262029307,1.465270316090273,2.0783525926288817,nan,nan,nan,nan,nan,nan,nan,nan,nan,nan
0,damage0,10,37,partial_mitigation,same_grid,75,0.75,0|10|35|75|125|175|225,0|10|35|75|125|175|225,10.0,0.833,0.002,1.5,1.5,10000.0,0.015,2,0,1,1,1,False,24.332369289919676,24.326946252376754,0.00542303754292206,0.0,0.0,1.419600009918213,1.419600009918213,425.6,425.6,0.0,0.0,223.84546688324502,144.63382186579744,0.4543334776729222,0.3750001213617619,1.42986319065094,1.4476927280426026,425.20989789670375,428.765733579585,0.0006383817006416461,0.0006550692499565881,199.39465620859994,157.82403655467846,0.9086669553458444,0.7500002427235238,1.440126371383667,1.4757854461669921,424.81979579340754,431.93146715917,0.0012767634012832922,0.0013101384999131761,174.94384553395489,171.01425124355944,0.8936410316995694,0.8277302370890556,1.5030775785446167,1.5548087453842163,421.3036685937138,428.90502959996377,0.004999337974960352,0.005259548276340083,82.35276366477537,88.01113735586547,0.8824995381534462,0.8489891041944128,1.57496187210083,1.61927015542984,409.1528115561671,414.026447256208,0.02177250518704718,0.022578008773968344,24.474575776420746,25.008657807595707,0.8762178760441124,0.8465573475765178,1.609236503839493,1.654676982164383,388.64390994735095,393.22693783907204,0.024094584524632385,0.02497554134622089,6.467240984080509,6.8926247821609214,0.8758368498640088,0.8476980680541188,1.6254495584964752,1.6721007251739501,369.2983409758823,373.7258374484864,0.025472085276328747,0.026365119417016723,1.3308042565797147,1.289978317726359,nan,nan,nan,nan,nan,nan,nan,nan,nan,nan
0,damage0,10,36,partial_mitigation,same_grid,70,0.7,0|10|35|75|125|175|225,0|10|35|75|125|175|225,10.0,0.833,0.002,1.5,1.5,10000.0,0.015,2,0,1,1,1,False,24.33272652041325,24.324928008828742,0.007798511584507395,0.0,0.0,1.419600009918213,1.419600009918213,425.6,425.6,0.0,0.0,210.09564763233104,125.22493503245506,0.44252470241434,0.35000015004726925,1.4325171184539796,1.4533112716674805,425.7391804858086,429.88626876329636,0.0006401433123940021,0.000661541500188044,191.96770516935624,152.74497211922926,0.88504940482868,0.7000003000945385,1.4454342269897462,1.4870225334167482,425.8783609716172,434.1725375265927,0.0012802866247880042,0.001323083000376088,173.8397627063814,180.26500920600347,0.8836167185898738,0.8222969586049844,1.510945324897766,1.5590731430053713,422.4637565760942,429.24456063580544,0.005036166351186408,0.00527683756219856,84.37370354885996,86.7927815098928,0.8790645215913302,0.8449940321128951,1.5795037317276002,1.6245525336265563,409.56617299060616,414.6455716988054,0.021866735751002328,0.02262646438777503,23.943055974012733,25.870465471273352,0.8720862004358834,0.8441505146279702,1.6155663073062896,1.6583642947673798,389.3407694224543,393.53934093783846,0.024201519235454022,0.025012334717872314,6.480949219874107,7.020126983493011,0.8718595050146987,0.846328507344734,1.6320435816049577,1.6743713140487673,369.94567621202634,373.86090715522505,0.025571476659038514,0.026388880166085885,1.2698337199920795,1.4299701873232984,nan,nan,nan,nan,nan,nan,nan,nan,nan,nan
0,damage0,10,24,partial_mitigation,same_grid,10,0.1,0|10|35|75|125|175|225,0|10|35|75|125|175|225,10.0,0.833,0.002,1.5,1.5,10000.0,0.015,2,0,1,1,1,False,24.33300193532786,24.247163455515512,0.08583847981234882,0.0,0.0,1.419600009918213,1.419600009918213,425.6,425.6,0.0,0.0,218.10546279049092,7.899767810432935,0.44948342035045213,0.05000021845117142,1.4309532022476197,1.520733857154846,425.42727500358075,443.33269556053466,0.0006390412792787103,0.0007362586771712777,195.5614104078643,99.89193655994663,0.8989668407009043,0.10000043690234284,1.4423063945770265,1.6218677043914795,425.25455000716147,461.0653911210693,0.0012780825585574206,0.0014725173543425553,173.01735802523766,191.88410530946032,0.8868791498596472,0.6120361183989391,1.5083847522735598,1.724099807739258,422.134654098428,452.7638483487801,0.0050208484902561044,0.006154454655406187,84.23745472625421,96.5597100694316,0.8814740355223235,0.7213842328091891,1.5763178157806397,1.7879923152923587,409.1809053858068,433.4271799124492,0.021800516215648737,0.02548951535019787,23.896930156609105,28.457481320084256,0.8743610153592161,0.7352515960458297,1.6120812487602234,1.8251994526386262,388.96839320624144,410.5557916774168,0.02413954092678273,0.028167532615813704,6.606941963114653,9.250362137395765,0.8741343867063995,0.7479175558148878,1.6282720649242401,1.8375264120101928,369.5683213238764,389.0336960125086,0.025500646435937163,0.02962097118847282,1.2093924025469076,1.7717137912400867,nan,nan,nan,nan,nan,nan,nan,nan,nan,nan
0,damage0,10,23,partial_mitigation,same_grid,5,0.05,0|10|35|75|125|175|225,0|10|35|75|125|175|225,10.0,0.833,0.002,1.5,1.5,10000.0,0.015,2,0,1,1,1,False,24.332938433437615,24.237957042654433,0.09498139078318246,0.0,0.0,1.419600009918213,1.419600009918213,425.6,425.6,0.0,0.0,224.29055109337241,3.716996191068794,0.45470473433557257,0.02499997131449261,1.4297797536849974,1.5263524627685547,425.19324854330944,444.45323050702103,0.0006372777725717238,0.0007423610271952813,198.12079201985875,97.1058326845038,0.9094094686711451,0.04999994262898522,1.4399594974517822,1.6331049156188966,424.7864970866189,463.30646101404204,0.0012745555451434477,0.0014847220543905625,171.9510329463451,190.49466917793882,0.8882898925265243,0.5903236972506242,1.5072775077819824,1.7411411571502686,422.02676150843104,455.2855415190928,0.005011775262713406,0.006244886092619871,82.45513441276697,94.15473107284242,0.8794042773546906,0.7028487204772635,1.5790544986724857,1.8125004053115847,409.6321413772763,436.5151587360517,0.02180916555665328,0.025867726861279344,23.581363476550713,28.639254676578307,0.8702849853840195,0.718515380369618,1.6183258020877838,1.8508396446704865,389.79468324893094,413.2589467481272,0.02416571197013733,0.028611238498443166,6.728574976595666,8.496663665836401,0.8707153503152112,0.7289910879043969,1.633940470814705,1.8689045226573944,370.1270890217521,392.3129014681274,0.025530116600383634,0.030126476191899863,1.299165811551338,2.0151228998883317,nan,nan,nan,nan,nan,nan,nan,nan,nan,nan
0,damage0,10,25,partial_mitigation,same_grid,15,0.15,0|10|35|75|125|175|225,0|10|35|75|125|175|225,10.0,0.833,0.002,1.5,1.5,10000.0,0.015,2,0,1,1,1,False,24.333016332386254,24.255249869594238,0.07776646279201671,0.0,0.0,1.419600009918213,1.419600009918213,425.6,425.6,0.0,0.0,222.50695201583417,12.606681006038713,0.45321226048594304,0.07500018976566408,1.4301151752471926,1.5151153135299684,425.26014491980027,442.21215965446993,0.0006380010282313546,0.0007297752697774697,197.35864237600725,100.35740351443906,0.9064245209718861,0.15000037953132817,1.440630340576172,1.6106306171417237,424.92028983960046,458.8243193089399,0.0012760020564627091,0.0014595505395549394,172.2103327361803,188.1081260228394,0.8891942937289883,0.6246596668219774,1.5065676736831666,1.714192008972168,421.8823121762391,451.46048871582684,0.005015829054384635,0.006093763425530847,84.68662442487737,96.8618743076503,0.8824938653995663,0.7292413719907624,1.5749693727493286,1.7776034212112426,409.0421093194823,432.2233607342539,0.02176535877681698,0.02522961597152673,24.158747088625674,26.95230651225573,0.8749082564247361,0.7391756702494547,1.6112428653240205,1.8191876983642579,388.9112571562016,410.14786227935997,0.024081258392661706,0.02794546451867576,6.483168429759058,8.307261691470101,0.8745517720076326,0.7495188975403385,1.6275800836086274,1.8348715543746947,369.51909583001213,389.01521633097343,0.02545470525862533,0.029456189704042273,1.4407908002593275,1.9409583469678764,nan,nan,nan,nan,nan,nan,nan,nan,nan,nan
0,damage0,10,26,partial_mitigation,same_grid,20,0.2,0|10|35|75|125|175|225,0|10|35|75|125|175|225,10.0,0.833,0.002,1.5,1.5,10000.0,0.015,2,0,1,1,1,False,24.332591269584704,24.26290909429538,0.06968217528932286,0.0,0.0,1.419600009918213,1.419600009918213,425.6,425.6,0.0,0.0,215.97026779437977,17.903415766406948,0.44765085774521496,0.10000016108015669,1.4313650560379028,1.5094967699050903,425.50942346480747,441.09162374840525,0.0006394602513210251,0.0007234104823982568,193.6373191046598,102.91784092555079,0.8953017154904299,0.20000032216031338,1.4431301021575929,1.599393529891968,425.41884692961486,456.58324749681043,0.0012789205026420502,0.0014468209647965137,171.30437041493985,187.93226608469462,0.883385780757719,0.6436498806307304,1.5111265802383422,1.6992872285842897,422.5744308173405,449.3037041321457,0.005038220871527815,0.006015809911103754,82.22397509479136,94.62212781982555,0.8742198491312259,0.7363385262403704,1.5859094715118407,1.7682193970680238,410.5247463763371,431.3275043674432,0.021916932320188515,0.025061011775684018,23.793417053835526,28.851520847193775,0.8659683773156741,0.7509072789325666,1.6249389255046844,1.801214656829834,390.4759374467019,407.97026378995383,0.024270116909224152,0.027670760272937134,6.527094128705391,8.179134923954098,0.8664276352059018,0.7602593153743804,1.6410490554571153,1.8170650613307955,370.8253671750321,387.24674242812716,0.025660144134072468,0.029133075659891643,1.2583708584280362,1.8055864136203077,nan,nan,nan,nan,nan,nan,nan,nan,nan,nan
0,damage0,10,28,partial_mitigation,same_grid,30,0.3,0|10|35|75|125|175|225,0|10|35|75|125|175|225,10.0,0.833,0.002,1.5,1.5,10000.0,0.015,2,0,1,1,1,False,24.33278560234498,24.277543913679654,0.055241688665326194,0.0,0.0,1.419600009918213,1.419600009918213,425.6,425.6,0.0,0.0,219.4725871593764,30.571252952064516,0.45064876908722623,0.15000010370914196,1.4306912994384766,1.4982596826553345,425.375047743556,438.8505526349155,0.0006386587376917324,0.0007104583994069309,196.75924985671645,106.56459264802471,0.9012975381744525,0.3000002074182839,1.4417825889587403,1.576919355392456,425.150095487112,452.101105269831,0.0012773174753834648,0.0014209167988138618,174.04591255405649,182.55793234398493,0.8886965610962114,0.6739820326701906,1.506958327293396,1.6754805421829226,421.90916375411064,446.01536399214956,0.005014976336083506,0.0058859009685721135,83.62787973124165,93.0380064776329,0.8805052604299983,0.753949051514051,1.5775987529754638,1.744934346675873,409.4189876583882,428.67132689425034,0.021794922392188134,0.02464364206915011,23.911720954274422,26.543632724951664,0.8725966512510237,0.7604937843724724,1.6147842872142792,1.7865279531478881,389.33093362313764,406.8924363011479,0.024117196422803903,0.027288740119946715,6.5513895337945875,7.996779491206451,0.8729927418150589,0.7680126735915301,1.6301647931337357,1.8042108017206193,369.732030901923,386.2527166090481,0.025486981578426816,0.028754201825127595,1.2902809023225124,1.6696754427864016,nan,nan,nan,nan,nan,nan,nan,nan,nan,nan
0,damage0,10,30,partial_mitigation,same_grid,40,0.4,0|10|35|75|125|175|225,0|10|35|75|125|175|225,10.0,0.833,0.002,1.5,1.5,10000.0,0.015,2,0,1,1,1,False,24.33314401574801,24.292171552657464,0.04097246309054725,0.0,0.0,1.419600009918213,1.419600009918213,425.6,425.6,0.0,0.0,221.16928198609008,46.61281095856117,0.452086078499612,0.20000004633812724,1.430368275642395,1.4870225954055787,425.3106273458402,436.6094815581746,0.0006384544289945644,0.0006984047778199103,197.08420517107112,114.27975725636054,0.904172156999224,0.40000009267625447,1.441136541366577,1.5544451808929445,425.0212546916804,447.6189631163492,0.0012769088579891287,0.0013968095556398206,172.99912835605218,181.9467035541599,0.889435341014808,0.7105913656344109,1.5063784837722778,1.6467471075057984,421.8324912201776,441.885580778178,0.00501383831388252,0.005731945225291408,83.39043431310984,91.46209252846361,0.8820261679391986,0.777283221364486,1.5755877733230592,1.714081358909607,409.13888333536124,425.04007126885483,0.021787736649227212,0.02414919526089814,23.577051838335105,26.227983259471273,0.8736112610100544,0.7822377630929576,1.6132298862934111,1.7532157754898074,389.18374395745036,403.3921440712346,0.024133610803166804,0.02672273205195773,6.4788175710168225,8.129150737392724,0.8730847026811686,0.7906500681133327,1.6300123316049575,1.7666803616285325,369.7938648250164,382.46757058008524,0.025511836690893915,0.028138184012592535,1.3556444791216187,1.5520572068677765,nan,nan,nan,nan,nan,nan,nan,nan,nan,nan
0,damage0,10,29,partial_mitigation,same_grid,35,0.35,0|10|35|75|125|175|225,0|10|35|75|125|175|225,10.0,0.833,0.002,1.5,1.5,10000.0,0.015,2,0,1,1,1,False,24.333319292309774,24.285463422634574,0.047855869675199614,0.0,0.0,1.419600009918213,1.419600009918213,425.6,425.6,0.0,0.0,220.84086050888746,38.119121628686976,0.451808601380276,0.17500007502363463,1.4304306364059447,1.4926411390304566,425.3230627621799,437.7300169844502,0.0006382033912468131,0.0007041101328011453,197.64878491304324,110.45878621154884,0.903617202760552,0.35000015004726925,1.4412612628936767,1.5656822681427003,425.04612552435975,449.8600339689003,0.0012764067824936262,0.0014082202656022906,174.45670931719903,182.7984507944107,0.8909282229927113,0.6933202328293109,1.5052067708969117,1.6603026390075684,421.6280510377842,443.8119278754473,0.005007950687486598,0.005804239543786687,84.00639606024335,93.13823040481053,0.883699067746566,0.7677903600104765,1.5733758258819583,1.7266330432891848,408.84502424939,426.4518103846901,0.021755989616500514,0.024345046310357377,23.767290505590758,26.723051404104673,0.8747274612240108,0.7748286092653014,1.6115198469161989,1.7645667362213135,389.0271514504328,404.4753454349958,0.024073615556113058,0.02694311994351591,6.537781743158329,7.884124067700701,0.8742312082810249,0.7826866992457574,1.6281115448474885,1.7798827970027924,369.61193492994045,383.7856928844638,0.02543552253889647,0.02838950589348549,1.4285589862381403,1.547746779566932,nan,nan,nan,nan,nan,nan,nan,nan,nan,nan
0,damage0,15,58,partial_mitigation,same_grid,75,0.75,0|15|35|75|125|175|225,0|15|35|75|125|175|225,10.0,0.833,0.002,1.5,1.5,10000.0,0.015,2,0,1,1,1,False,24.336836919991928,24.330565125459692,0.006271794532235475,0.0,0.0,1.419600009918213,1.419600009918213,425.6,425.6,0.0,0.0,210.4044566238612,144.63382186579744,0.2951981572658119,0.2499999622421684,1.4325390625,1.4478745619455973,425.50784060516855,428.37504321318426,0.000676757833657914,0.0007045612382723987,193.21521494736507,151.0029052585416,0.8855944717974357,0.7499998867265052,1.4584171676635742,1.5044236660003663,425.32352181550556,433.9251296395528,0.002030273500973742,0.002113683714817196,158.8367315943728,163.74107204402992,0.8954492022636432,0.8294366022955209,1.5016584062576295,1.5534694766998292,420.8309649456148,428.2657115301562,0.005015628619021394,0.005276041308029719,82.32893841020575,88.77518690098445,0.883697567514135,0.8520231367570779,1.573377809524536,1.6152584862709043,408.9381788362843,413.41729637020495,0.02184887433895554,0.02261610836893211,24.978216166906517,23.893101929993346,0.8785631558792255,0.8465753026753422,1.605643491744995,1.6546494746208191,388.1867813493783,393.3657144729012,0.024124885593526473,0.025053148192493525,6.3623703716546345,6.7916854052259,0.8782063891802938,0.8481175986103603,1.621521109342575,1.6714051872491837,368.89435383402866,373.661830449293,0.025499438696194445,0.02644546107598652,1.3669025124959562,1.4558305197364372,nan,nan,nan,nan,nan,nan,nan,nan,nan,nan
0,damage0,10,32,partial_mitigation,same_grid,50,0.5,0|10|35|75|125|175|225,0|10|35|75|125|175|225,10.0,0.833,0.002,1.5,1.5,10000.0,0.015,2,0,1,1,1,False,24.33234827037906,24.305283744780116,0.02706452559894501,0.0,0.0,1.419600009918213,1.419600009918213,425.6,425.6,0.0,0.0,224.77482666385706,66.92658508625091,0.45510826219401057,0.2499999889671125,1.429689064025879,1.4757855081558229,425.17516616004923,434.3684111907519,0.000636879792907399,0.0006859524420224567,197.2539864496278,124.39123142989519,0.9102165243880211,0.499999977934225,1.439778118133545,1.5319710063934326,424.7503323200984,443.1368223815038,0.001273759585814798,0.0013719048840449134,169.73314623539858,181.85587777353945,0.8864613450949077,0.7504768724069804,1.5087126731872558,1.6154423141479493,422.27813954233807,437.3166428421099,0.005025778779901943,0.005576140672651112,83.09354323995379,90.85288976335076,0.8791271094130614,0.8030398212095,1.579420976638794,1.6800253772735596,409.64213609691285,421.01149535820923,0.021843755930223096,0.023605728438713468,23.579028688002314,25.942797397978012,0.8703114071970499,0.8055653612986529,1.618285323381424,1.7174774634838106,389.7616976369444,399.6799699999675,0.02420129542321262,0.02611656568015469,6.6208723368258156,7.380005744934763,0.8705159677909053,0.8108171898086215,1.6342710262537004,1.7332453763484956,370.1662389388051,379.42428893486164,0.025572053628417996,0.027527592309856456,1.2275676056080171,1.5034262055691061,nan,nan,nan,nan,nan,nan,nan,nan,nan,nan
0,damage0,10,33,partial_mitigation,same_grid,55,0.55,0|10|35|75|125|175|225,0|10|35|75|125|175|225,10.0,0.833,0.002,1.5,1.5,10000.0,0.015,2,0,1,1,1,False,24.33288607409284,24.31114278571997,0.021743288372871206,0.0,0.0,1.419600009918213,1.419600009918213,425.6,425.6,0.0,0.0,223.01660794684685,79.03012708756174,0.45363978487458206,0.2749999602816051,1.4300190925598146,1.4701669645309448,425.2409814062771,433.24787576447636,0.0006379264871928908,0.0006790920189818223,197.80136672910135,130.03350938240757,0.9072795697491641,0.5499999205632102,1.4404381752014161,1.5207339191436768,424.88196281255415,440.8957515289527,0.0012758529743857815,0.0013581840379636445,172.58612551135582,181.0368916772534,0.8898364019969154,0.7658272090157726,1.5060637044906617,1.6033943510055542,421.80288910719577,435.6477735747902,0.0050095659612627245,0.005495176594964284,84.76524829097472,89.27756502924018,0.8842450585869268,0.8104950153052213,1.5726539039611818,1.6701679444313051,408.7126989858249,419.9546750074561,0.021751191361094373,0.023393148437433987,23.71479214094023,25.345383825622587,0.875377385223709,0.8113959938776103,1.610524151325226,1.7085448265075684,388.89965084148736,398.8366781069374,0.024082426552560647,0.02588804642176238,6.563789464350841,7.153918290290928,0.8758051664572514,0.8148707309376726,1.6255020862817766,1.7265250277519226,369.27060953630894,378.92561297801296,0.02545004167769667,0.02729130011886446,1.2498085053864685,1.558438540124211,nan,nan,nan,nan,nan,nan,nan,nan,nan,nan
0,damage0,10,34,partial_mitigation,same_grid,60,0.6,0|10|35|75|125|175|225,0|10|35|75|125|175|225,10.0,0.833,0.002,1.5,1.5,10000.0,0.015,2,0,1,1,1,False,24.332684440242904,24.315820976957788,0.0168634632851159,0.0,0.0,1.419600009918213,1.419600009918213,425.6,425.6,0.0,0.0,225.4572792913257,92.65035949417808,0.45567562843106246,0.2999999315960978,1.4295615530014039,1.464548420906067,425.1497423914431,432.12733985841163,0.0006378359791807012,0.000673190062644734,199.18641092510177,138.28310214044004,0.9113512568621249,0.5999998631921956,1.4395230960845948,1.509496831893921,424.6994847828862,438.65467971682324,0.0012756719583614023,0.001346380125289468,172.91554255887786,183.915844786702,0.8923834314596923,0.7901410769204193,1.5040646266937254,1.5843112134933472,421.4931202197147,432.7773709544198,0.005005030857075531,0.005408690731755979,83.36024519733279,89.29378918440104,0.8844244535680913,0.8277093854525882,1.5724167037010193,1.6474066996574404,408.74327557324835,417.1921653180518,0.02176627503304631,0.023070337369205402,22.865080255122113,25.699806403049504,0.873538833681839,0.828084939595058,1.613340846300125,1.6829770529270172,389.34319090588997,396.09351582020236,0.024131668684694796,0.025503524647756196,6.2014048659020675,6.427659814792272,0.8716461245846195,0.8279354414349802,1.6323973441123962,1.7048650997877122,370.182381430333,377.0569746663051,0.02552461916484839,0.02693524993420872,1.3216800260695487,1.6008904977797036,nan,nan,nan,nan,nan,nan,nan,nan,nan,nan
0,damage0,10,40,partial_mitigation,same_grid,90,0.9,0|10|35|75|125|175|225,0|10|35|75|125|175|225,10.0,0.833,0.002,1.5,1.5,10000.0,0.015,2,0,1,1,1,False,24.332165425668563,24.333083766570827,-0.0009183409022632816,0.0,0.0,1.419600009918213,1.419600009918213,425.6,425.6,0.0,0.0,227.52032003275338,218.71046815605845,0.45738103700845284,0.4500000353052398,1.4291782760620118,1.4308370971679687,425.073298509776,425.40412694091646,0.0006375397608615815,0.0006392135565433928,199.0275745326053,196.57491667563914,0.9147620740169057,0.9000000706104796,1.4387565422058106,1.4420741844177247,424.54659701955194,425.2082538818329,0.001275079521723163,0.0012784271130867855,170.53482903245725,174.43936519521986,0.889851724137626,0.8910350040970456,1.506051678657532,1.5051229619979858,421.8590192752258,421.5856062965471,0.005013367204928913,0.0050121390587939164,82.49694055853098,82.91133954205046,0.879847174097683,0.8820541566504897,1.5784688901901245,1.5755507659912111,409.58715632913265,409.17006190812083,0.021836728248268704,0.021816045877247087,22.901246506101245,24.347276280644127,0.8687752700971254,0.8753182092642033,1.62063871383667,1.6106148099899293,390.1702072842761,388.80913152018513,0.02421600086083426,0.024122583842497193,6.6472010210739345,6.50439080747331,0.8694388908689338,0.8741333257632908,1.6360567075014116,1.6282738238573076,370.3577548415102,369.6476378002201,0.025593404199747895,0.02549148295743801,1.4351633556230419,1.3692507820368451,nan,nan,nan,nan,nan,nan,nan,nan,nan,nan
0,damage0,10,39,partial_mitigation,same_grid,85,0.85,0|10|35|75|125|175|225,0|10|35|75|125|175|225,10.0,0.833,0.002,1.5,1.5,10000.0,0.015,2,0,1,1,1,False,24.332546867363078,24.331899144655534,0.0006477227075443182,0.0,0.0,1.419600009918213,1.419600009918213,425.6,425.6,0.0,0.0,223.37637992558012,191.0527251114907,0.45394125852411915,0.4250000639907472,1.4299513387680054,1.4364556407928468,425.22747685724437,426.52466236585724,0.0006381536154104066,0.000643935206482058,197.3180121140756,183.2804217405532,0.9078825170482383,0.8500001279814944,1.440302667617798,1.4533112716674805,424.85495371448866,427.4493247317144,0.0012763072308208132,0.001287870412964116,171.2596443025711,175.50811836961572,0.8863015683389401,0.8725014532655564,1.508838076591492,1.5196693229675293,422.28141052084567,423.68119396019665,0.0050207476327983,0.005080668228685098,85.08042069200042,84.14439876084728,0.883565101678703,0.8738829766270688,1.5735529589653015,1.5863548922538757,408.7598164359709,410.28940397811044,0.021777707101988245,0.02201904440087671,23.901224174840724,23.3918805078341,0.875178169608922,0.8654470522857527,1.6108293533325195,1.6257376050949097,388.88546004052023,390.51152966306574,0.024109173138160044,0.02440324237182581,6.468848606402943,6.672514294169817,0.8751244709672154,0.8666479281243413,1.6266306084394455,1.6406838327646256,369.40154214073823,370.7200869283247,0.025482049871967553,0.025785976794264392,1.294718694721538,1.262583588994377,nan,nan,nan,nan,nan,nan,nan,nan,nan,nan
0,damage0,10,41,partial_mitigation,same_grid,95,0.95,0|10|35|75|125|175|225,0|10|35|75|125|175|225,10.0,0.833,0.002,1.5,1.5,10000.0,0.015,2,0,1,1,1,False,24.332627770179673,24.332996414401354,-0.0003686442216803698,0.0,0.0,1.419600009918213,1.419600009918213,425.6,425.6,0.0,0.0,219.9510860575377,220.74866307602468,0.4510550551675264,0.45173054370157606,1.4305999898910522,1.430448179244995,425.3568356612542,425.32655664314404,0.0006387450499381381,0.0006387727049778955,196.55243449386552,197.82537700777067,0.9021101103350528,0.9034610874031521,1.4415999698638917,1.4412963485717774,425.11367132250837,425.05311328628807,0.0012774900998762761,0.001277545409955791,173.15378293019336,174.90209093951668,0.8903019897262424,0.8914367759001138,1.5056982803344727,1.5048076248168945,421.70027719900884,421.55867487580525,0.005017880141157563,0.005007257203375499,84.04367257620669,82.92145691690426,0.8847787897153905,0.8823220887862157,1.5719481921195984,1.575196499824524,408.6151445731821,409.12953996253253,0.021821871690597818,0.021771790247326027,24.009816729686737,23.34783659359285,0.8775007400373531,0.8729483891081056,1.6072711324691773,1.6142454183101655,388.4491142489111,389.36344124234836,0.024139558531750642,0.024125553149659442,6.364608851321779,6.93939147313229,0.8770506108441922,0.8750559022608373,1.6234372693300247,1.6267442882061005,369.10540981493625,369.28739079945916,0.025522941384287342,0.02548239028751647,1.3339216082377328,1.2558550312256418,nan,nan,nan,nan,nan,nan,nan,nan,nan,nan
0,damage0,15,44,partial_mitigation,same_grid,5,0.05,0|15|35|75|125|175|225,0|15|35|75|125|175|225,10.0,0.833,0.002,1.5,1.5,10000.0,0.015,2,0,1,1,1,False,24.33643662598722,24.201673057379896,0.13476356860732253,0.0,0.0,1.419600009918213,1.419600009918213,425.6,425.6,0.0,0.0,214.99750889457448,3.716996191068794,0.2978736041337683,0.016666672269441664,1.4316312980651855,1.5270432662963866,425.3381190136026,443.1768317793342,0.0006753425980371232,0.0008581492123426048,196.29020747257155,64.85178175335685,0.893620812401305,0.050000016808325,1.455693874359131,1.7419297790527344,424.8143570408077,478.33049533800255,0.0020260277941113697,0.0025744476370278143,158.87560462856567,187.12135287793296,0.9003299359208488,0.4813536592576545,1.4978276824951173,1.826668076515198,420.2553798022424,467.6630279574723,0.004998085128786972,0.0067668249407583855,81.61552813545376,102.17172093074291,0.8854748037988526,0.6431008856202092,1.5710279059410093,1.8915003967285156,408.7158286304062,445.3339413370321,0.02181149404668272,0.027431179593977797,24.154640386921436,31.49295306959096,0.8781212480216252,0.6688040946361917,1.606320502758026,1.9269982540607453,388.41201715209877,420.5716738334577,0.024127258238804336,0.030301427042140554,6.761490131038295,9.171166905808638,0.8792207863312043,0.6833219037760863,1.6198393446207047,1.9446192687749861,368.66230854526555,399.11364889826115,0.02549365354982543,0.03187947257894709,1.2399273216668267,2.17806485441891,nan,nan,nan,nan,nan,nan,nan,nan,nan,nan
0,damage0,15,43,partial_mitigation,same_grid,0,0.0,0|15|35|75|125|175|225,0|15|35|75|125|175|225,10.0,0.833,0.002,1.5,1.5,10000.0,0.015,2,0,1,1,1,False,24.336873363186804,24.18947410874961,0.14739925443719315,0.0,0.0,1.419600009918213,1.419600009918213,425.6,425.6,0.0,0.0,205.11848112980877,0.0,0.29205500048376304,0.0,1.4336055183410645,1.5326981767018637,425.7072328430019,444.2341027370398,0.000678732061890439,0.0008684232046717304,190.40582884662922,60.911998091579804,0.8761650014512892,0.0,1.4616165351867676,1.758894510269165,425.92169852900577,481.5023082111194,0.002036196185671317,0.0026052696140151915,160.98052428027012,182.73599427473943,0.8935194023351649,0.4488831208277732,1.503173041343689,1.8521531105041504,420.9775526485821,471.53619792710253,0.005020748850944451,0.006901926066053738,81.80769163531689,102.57263684456184,0.8818642600423083,0.6207412573805058,1.5758018517494201,1.9210648226737974,409.24090434746375,448.89917586515116,0.02188692445536746,0.027881096957168606,23.62422813613916,32.38412301604559,0.8730561601632462,0.650110065099722,1.614080311059952,1.9556378531455993,389.32904658292944,423.4423597921707,0.024239409751211166,0.030802594526429455,6.495053747445048,9.621188837675025,0.8729153397057052,0.6664568202832621,1.630293117761612,1.9725798189640047,369.8237429070484,401.67798561449865,0.02561505726117197,0.03239425754585064,1.1831063013629477,2.4568588126468605,nan,nan,nan,nan,nan,nan,nan,nan,nan,nan
0,damage0,10,42,partial_mitigation,same_grid,100,1.0,0|10|35|75|125|175|225,0|10|35|75|125|175|225,10.0,0.833,0.002,1.5,1.5,10000.0,0.015,2,0,1,1,1,False,24.33297354649953,24.332564054187422,0.00040949231210873904,0.0,0.0,1.419600009918213,1.419600009918213,425.6,425.6,0.0,0.0,221.71263070969982,221.89516303839264,0.4525442191509213,0.45269785210864516,1.4302653121948241,1.4302307844161988,425.29008938460123,425.2831998641685,0.0006378071815259641,0.0006376664302903869,197.31338109515195,198.61994865890796,0.9050884383018426,0.9053957042172903,1.4409306144714356,1.4408615589141847,424.98017876920244,424.96639972833697,0.0012756143630519281,0.0012753328605807739,172.9141314806041,175.34473427942325,0.8901125164501346,0.8926576503903494,1.5058469915390016,1.5038494014739991,421.74883056171154,421.4100688070937,0.005010454790102584,0.005001087946501021,82.95391961144446,82.54929097630243,0.8807796857592146,0.8826806912194907,1.5772359013557433,1.5747223472595218,409.40256617905663,409.0903300578289,0.0217963678093454,0.02176617215790257,24.008740317920374,23.389305163517612,0.8731926694920542,0.8730586587037585,1.6138711762428284,1.6140764832496644,389.2186690882054,389.36492378785545,0.02412255953555331,0.02411391470552409,6.2364307567854365,6.501533623799475,0.8719346310038147,0.8725621344519117,1.631919030547142,1.6308786952495575,370.0315794675395,369.90866409502075,0.025510789864273326,0.025494085359945386,1.144370417143814,1.2699023086551582,nan,nan,nan,nan,nan,nan,nan,nan,nan,nan
0,damage0,15,46,partial_mitigation,same_grid,15,0.15,0|15|35|75|125|175|225,0|15|35|75|125|175|225,10.0,0.833,0.002,1.5,1.5,10000.0,0.015,2,0,1,1,1,False,24.336620155105358,24.226575800353327,0.11004435475203067,0.0,0.0,1.419600009918213,1.419600009918213,425.6,425.6,0.0,0.0,216.03382331197116,12.606681006038713,0.2984702996726064,0.05000001680832503,1.4314288425445556,1.515733445485433,425.3002659974851,441.06229082033764,0.000674991467792067,0.000834628680128644,197.04786789607078,69.78417546151816,0.8954108990178193,0.1500000504249751,1.4550865077972412,1.7080003166198732,424.7007979924553,471.9868724610128,0.002024974403376201,0.002503886040385932,159.07595706427003,184.13916437247707,0.9012769074008543,0.5317735326693502,1.497084436416626,1.7870952129364013,420.1467240157341,461.9382696391873,0.004995332650979783,0.0065330907573812125,83.77002811355693,94.75260654285317,0.8906935967214401,0.6636185800516073,1.5641274952888486,1.864371418952942,407.7101742672671,442.63393901748043,0.02173401927601522,0.026859146677120478,22.44268293725542,30.023542547196914,0.8782187922570974,0.684702024681602,1.6061710631847381,1.9026423311233522,388.6667079441538,418.3638555955738,0.02409380789664018,0.029690379171450405,6.75791856733222,9.07127286004904,0.8791774091814601,0.698295797755664,1.6199112594127656,1.919794113636017,368.76054886387317,396.8598078314048,0.02545279392375649,0.031235958311112845,1.149328231089756,2.0604401540358923,nan,nan,nan,nan,nan,nan,nan,nan,nan,nan
0,damage0,15,45,partial_mitigation,same_grid,10,0.1,0|15|35|75|125|175|225,0|15|35|75|125|175|225,10.0,0.833,0.002,1.5,1.5,10000.0,0.015,2,0,1,1,1,False,24.336823176410583,24.213752503953863,0.12307067245671988,0.0,0.0,1.419600009918213,1.419600009918213,425.6,425.6,0.0,0.0,214.78799941594727,7.899767810432935,0.297752657273171,0.03333334453888333,1.4316723346710205,1.5213883558909098,425.34579111879896,442.11956177804325,0.0006758609383924947,0.000846428685063435,196.26049181554464,66.46768618162342,0.893257971819513,0.10000003361665,1.4558169841766357,1.7249650478363037,424.8373733563968,475.15868533412964,0.002027582815177484,0.002539286055190305,159.2054766147394,183.60352292400438,0.900529992531262,0.5047019953572082,1.4976706647872926,1.808342752456665,420.2228329824984,465.05981763054075,0.00499618001155815,0.006658163873297911,82.11850408528703,103.47549620660642,0.8870854439603328,0.6604330240134103,1.5688982796669007,1.8685834360122682,408.4019872763977,442.54171549726397,0.021788241237004777,0.027056303293170252,23.519527511277108,30.261100224380012,0.8779186639291434,0.6823110832599575,1.6066308653354646,1.906305297613144,388.542758637474,418.5596272184432,0.024122686261912087,0.02990876479524103,6.47405394191661,9.306216951935669,0.8774983428573407,0.696809696885858,1.6226949763298035,1.9222579139471057,369.09419627738595,396.95796063524784,0.02549087893307047,0.031467533234082024,1.1682408205483843,2.3225682969004304,nan,nan,nan,nan,nan,nan,nan,nan,nan,nan
0,damage0,15,48,partial_mitigation,same_grid,25,0.25,0|15|35|75|125|175|225,0|15|35|75|125|175|225,10.0,0.833,0.002,1.5,1.5,10000.0,0.015,2,0,1,1,1,False,24.33629063771656,24.249274445906472,0.08701619181008624,0.0,0.0,1.419600009918213,1.419600009918213,425.6,425.6,0.0,0.0,216.9401725142691,23.863882415310687,0.298990139754207,0.08333336134720837,1.4312524636586508,1.504423624674479,425.267290774959,438.9477495624213,0.0006741592041271457,0.0008126700508590671,196.7313641717695,76.10053664467382,0.8969704192626211,0.2500000840416251,1.4545573711395263,1.6740708541870117,424.6018723248769,465.64324868726385,0.002022477612381437,0.0024380101525772013,156.3137474867703,180.5738451034001,0.8981316826095068,0.5812735247776581,1.4995530176162721,1.748244333267212,420.6047751066351,456.34155425977104,0.00500151657095354,0.00631504732010186,81.88238592655458,94.81088667685411,0.8842196952823901,0.6993511864168115,1.5726874399185182,1.8171249270439147,408.9152862819299,436.9060967257361,0.02182634753972812,0.026113627360717803,23.35773542878265,28.667661060375504,0.8743964905882735,0.7148436284111055,1.6120269000530243,1.8564648365974428,389.1793252332492,413.7027883689487,0.024176494208312835,0.028869878488381528,6.644412549633888,8.44476516134228,0.8745489864477524,0.7262065936411368,1.6275847017765046,1.873520923852921,369.55069438292765,392.53105074508176,0.02554805204263681,0.030400621888005394,1.390668705570607,1.7850578934187817,nan,nan,nan,nan,nan,nan,nan,nan,nan,nan
0,damage0,15,47,partial_mitigation,same_grid,20,0.2,0|15|35|75|125|175|225,0|15|35|75|125|175|225,10.0,0.833,0.002,1.5,1.5,10000.0,0.015,2,0,1,1,1,False,24.336041919370707,24.237533670471784,0.09850824889892351,0.0,0.0,1.419600009918213,1.419600009918213,425.6,425.6,0.0,0.0,211.86124411743566,17.903415766406948,0.2960522150568576,0.06666656727830991,1.4322492853800457,1.510078576405843,425.4536605130294,440.00501956371227,0.0006764677511562758,0.0008239525156606244,194.4600922453643,72.54538999342905,0.8881566451705728,0.19999970183492977,1.457547836303711,1.6910357093811035,425.160981539088,468.81505869113676,0.0020294032534688275,0.0024718575469818735,159.6577885012216,181.82933844747328,0.89841427343148,0.5559226480713039,1.4993312215805055,1.768141384124756,420.4513359880333,459.2235698963699,0.005008023308205805,0.006429547875423502,83.9300266137148,101.30740780778606,0.8888943726551553,0.6910883515683085,1.5665064716339112,1.828050241470337,407.9866225449109,437.8583797034232,0.021800822306740856,0.02634037549257944,23.922225951551724,29.66288917139943,0.8802020568377172,0.7093152686564121,1.6031326651573181,1.8649343860149385,388.10337470771697,414.3593379219813,0.02410921823120514,0.029091548224760448,6.28183266712535,8.555694216941264,0.878204285989109,0.7208764435055464,1.6215245962142946,1.8823577570915222,369.0795043612253,393.30657653507427,0.025486469866403485,0.030631842720212358,1.1068911046351484,2.0438526796856147,nan,nan,nan,nan,nan,nan,nan,nan,nan,nan
0,damage0,15,49,partial_mitigation,same_grid,30,0.3,0|15|35|75|125|175|225,0|15|35|75|125|175|225,10.0,0.833,0.002,1.5,1.5,10000.0,0.015,2,0,1,1,1,False,24.336225596719938,24.259751622726945,0.07647397399299294,0.0,0.0,1.419600009918213,1.419600009918213,425.6,425.6,0.0,0.0,216.34928453432096,30.571252952064516,0.29865153726431726,0.09999991181719325,1.4313673496246337,1.4987687555948894,425.28877498489436,437.8904786518431,0.0006746202815904058,0.0008011469466853473,196.25916316044086,79.78267694454944,0.8959546117929518,0.29999973545157976,1.4549020290374757,1.6571062469482423,424.66632495468303,462.4714359555293,0.0020238608447712175,0.002403440840056042,156.07892041268065,178.2055249295193,0.8976201284580476,0.6052302446395539,1.4999545192718506,1.7294415092468263,420.662840723632,453.65364419604475,0.005003212008587945,0.006206119304560288,83.85846547331029,95.01445425384327,0.8887753620293392,0.7140354614515427,1.5666638302803042,1.7977090334892272,408.00159757032367,434.651618144081,0.021800965759188606,0.02574021453591252,24.50276520074646,29.652569180953524,0.8822553311304291,0.731207086120175,1.5999870109558105,1.8313957166671753,387.62664065440947,410.90854846134073,0.0240929367308124,0.028425867166973335,6.375451041655491,8.429217382563536,0.8818523879428561,0.7418065749200805,1.6154764235019683,1.8476577812433246,368.3075198435793,389.9923180348617,0.02547428158850059,0.02992957387382967,1.3487384478017854,1.7021380835743778,nan,nan,nan,nan,nan,nan,nan,nan,nan,nan
0,damage0,15,51,partial_mitigation,same_grid,40,0.4,0|15|35|75|125|175|225,0|15|35|75|125|175|225,10.0,0.833,0.002,1.5,1.5,10000.0,0.015,2,0,1,1,1,False,24.33718414319577,24.280128544642643,0.05705559855312714,0.0,0.0,1.419600009918213,1.419600009918213,425.6,425.6,0.0,0.0,212.4146018008554,46.61281095856117,0.2963753490157344,0.13333325635607662,1.4321396478017172,1.4874589347839355,425.4331659131767,435.7759372199677,0.0006760750999140419,0.0007786267810355415,194.08501126515324,88.70874703238594,0.8891260470472033,0.39999976906822987,1.4572189235687256,1.6231767845153808,425.09949773953014,456.1278116599031,0.002028225299742126,0.0023358803431066245,157.42583019374896,172.9006191800355,0.8960908366509296,0.6525414610493303,1.5011548089981082,1.6923085260391235,420.7873425497913,448.3616518526105,0.00501304677348348,0.0060088577199482055,84.57336884818633,93.94251656144469,0.8902510281542919,0.7431821412091376,1.5647126698493956,1.7591706085205079,407.6638633190826,430.1719742987744,0.02178835055403284,0.025041693928084842,23.14316819594663,28.484492341115548,0.8788461080055998,0.7563065744022459,1.6052100038528443,1.7929428362846376,388.4667793236366,407.03739709135635,0.024114815366729547,0.027671455481473275,6.392124043729227,7.754913983397161,0.8779215142712107,0.7641733728640648,1.6219934022426605,1.8105759620666504,369.0810466057395,386.60605928001627,0.025480545598195938,0.0291735966641063,1.3517123060004042,1.5509453106128186,nan,nan,nan,nan,nan,nan,nan,nan,nan,nan
0,damage0,15,52,partial_mitigation,same_grid,45,0.45,0|15|35|75|125|175|225,0|15|35|75|125|175|225,10.0,0.833,0.002,1.5,1.5,10000.0,0.015,2,0,1,1,1,False,24.336973275667646,24.29023956406815,0.04673371159949724,0.0,0.0,1.419600009918213,1.419600009918213,425.6,425.6,0.0,0.0,212.8927719238007,56.17084138056122,0.2966539043734243,0.14999992862551828,1.4320451354980468,1.4818040243784587,425.41549372450754,434.71866701676095,0.0006755003306460613,0.0007677838112003354,194.50810030793218,93.23784222305454,0.8899617131202731,0.44999978587655487,1.4569353866577148,1.6062120532989503,425.0464811735226,452.9560010502828,0.002026500991938184,0.002303351433601006,157.73875707619518,167.37184390804123,0.8965787757504686,0.6726730163808154,1.5007718420028688,1.67650794506073,420.73023204200126,446.206259592278,0.005006677684089249,0.005918506547926375,81.59657887083387,91.99942418685335,0.8841746179860646,0.7538875419843797,1.5727470421791079,1.745015676021576,408.87715021390034,428.61119242144946,0.021852226211981463,0.024772284787690266,23.712748880912468,27.524685378093007,0.8757044209110278,0.7634002040369281,1.6100231266021727,1.782075264453888,388.86885134204886,406.11800369296213,0.024189264477018323,0.027406922916270296,6.639587233897636,7.748212463179749,0.8763896993725666,0.7701583539118783,1.6245329916477202,1.800653487443924,369.1768183721206,385.7840319261425,0.02555862311515412,0.028877672868062632,1.28421702567791,1.641626208478753,nan,nan,nan,nan,nan,nan,nan,nan,nan,nan
0,damage0,15,50,partial_mitigation,same_grid,35,0.35,0|15|35|75|125|175|225,0|15|35|75|125|175|225,10.0,0.833,0.002,1.5,1.5,10000.0,0.015,2,0,1,1,1,False,24.336563581441396,24.27092901517308,0.0656345662683151,0.0,0.0,1.419600009918213,1.419600009918213,425.6,425.6,0.0,0.0,208.0666525867937,38.119121628686976,0.29381670782684427,0.11666658408663495,1.433007780710856,1.4931138451894124,425.5954778320041,436.8332078489259,0.0006777772492216349,0.0007898417587467842,191.66318246784996,83.35562249146048,0.8814501234805329,0.3499997522599049,1.4598233222961425,1.6401415157318116,425.5864334960123,459.2996235467776,0.002033331747664905,0.0023695252762403526,158.85624222996245,173.8286242170075,0.8935596032095038,0.6267234959916206,1.503141489028931,1.7125721788406372,421.04036414939844,451.3086763079001,0.00502281665120629,0.00611985494636483,83.23355107018735,94.18992570527669,0.8835812760595998,0.7274136903905521,1.573531572818756,1.7800200247764588,408.9099001353996,432.59570317096706,0.02186131656585786,0.02541700854017773,23.524775974898684,27.48647964165058,0.8743815094607472,0.7380899380679824,1.6120498514175416,1.8208510601520538,389.11791041701076,410.18437988195285,0.02420320180838309,0.028122507256288915,6.457889969549402,8.535938349467626,0.8739496096764316,0.7486940773690551,1.6285784059762953,1.836239020228386,369.67536037347077,388.98358491811047,0.02557712808762837,0.029601823849158663,1.2501388168747296,1.8740854260348998,nan,nan,nan,nan,nan,nan,nan,nan,nan,nan
0,damage0,10,27,partial_mitigation,same_grid,25,0.25,0|10|35|75|125|175|225,0|10|35|75|125|175|225,10.0,0.833,0.002,1.5,1.5,10000.0,0.015,2,0,1,1,1,False,24.332641440951402,24.270186709630753,0.06245473132064916,0.0,0.0,1.419600009918213,1.419600009918213,425.6,425.6,0.0,0.0,215.39610160131775,23.863882415310687,0.4471552052765799,0.12500013239464935,1.4314764499664308,1.5038782262802124,425.53163550431645,439.9710888019188,0.0006391895206512506,0.0007171562787496985,192.64844940642334,105.65986786160899,0.8943104105531599,0.2500002647892987,1.4433528900146484,1.588156442642212,425.46327100863283,454.3421776038376,0.0012783790413025012,0.001434312557499397,169.90079721152892,187.4558533079073,0.8801612599391884,0.662084232448134,1.513657398223877,1.6848187255859377,422.9989632466164,447.22143141595825,0.005044899703357385,0.005940156284949844,83.96488893074508,91.8971009552679,0.8768581250668166,0.7459848098015824,1.5824210810661314,1.7554648542404176,409.9229269055708,429.91429637733256,0.021908369785571685,0.024859582836395396,24.720438346909823,27.19433736614253,0.8713777478717921,0.7555318245324112,1.6166516697406768,1.7941297674179078,389.36201367053764,407.53553466325707,0.024227616436110013,0.027510649582226224,6.8446844809290734,7.337491306351514,0.8730211115272609,0.7613921549052944,1.6301177591085434,1.8151869314908982,369.57178581908636,387.43057679125275,0.025593984664339597,0.029020951127724057,1.3764896112969836,1.8688027231752284,nan,nan,nan,nan,nan,nan,nan,nan,nan,nan
0,damage0,15,54,partial_mitigation,same_grid,55,0.55,0|15|35|75|125|175|225,0|15|35|75|125|175|225,10.0,0.833,0.002,1.5,1.5,10000.0,0.015,2,0,1,1,1,False,24.336991444249875,24.306401252286623,0.030590191963252522,0.0,0.0,1.419600009918213,1.419600009918213,425.6,425.6,0.0,0.0,206.93783615827837,79.03012708756174,0.2931447402237069,0.18333327316440165,1.4332357756296794,1.4704942035675048,425.6381027675885,432.6041259083045,0.0006779382811496331,0.0007447874463191197,190.04899258970246,110.00829367621589,0.8794342206711208,0.549999819493205,1.4605073070526124,1.572282590866089,425.7143083027656,446.6123777249135,0.0020338148434488994,0.0022343623389573593,156.27130545255068,171.96462685352418,0.8884510119443069,0.7325704236231345,1.5071510505676269,1.6294964838027954,421.7254693610851,439.16207154139954,0.005036458859472726,0.00567460797291283,83.65375268810223,92.18924746436443,0.8811214574599043,0.7925827323427219,1.5767840027809144,1.6938519859313965,409.26978079181924,422.5490369464708,0.021884421227339166,0.023961545851686247,23.740114429790232,26.84689592761638,0.8729079066824745,0.7969582837396307,1.614307438135147,1.7306636655330658,389.29178121795877,400.9017912273964,0.024223076087523613,0.02647905439946601,6.487875394503677,7.294265265960482,0.8718572522632522,0.8008021859829597,1.6320473164319993,1.7498492085933686,370.0435119597161,381.071423615963,0.025593380267465292,0.027912568826495128,1.2417970453289042,1.7682294783771504,nan,nan,nan,nan,nan,nan,nan,nan,nan,nan
0,damage0,15,53,partial_mitigation,same_grid,50,0.5,0|15|35|75|125|175|225,0|15|35|75|125|175|225,10.0,0.833,0.002,1.5,1.5,10000.0,0.015,2,0,1,1,1,False,24.3360703305053,24.297723350896558,0.038346979608743226,0.0,0.0,1.419600009918213,1.419600009918213,425.6,425.6,0.0,0.0,213.01248473339703,66.92658508625091,0.296723573662711,0.16666660089496,1.4320214970906575,1.4761491139729819,425.4110748977809,433.66139638780277,0.0006758873907201635,0.0007567456028036612,194.77216761060058,101.32460705178345,0.8901707209881331,0.49999980268488,1.456864471435547,1.5892473220825196,425.0332246933427,449.7841891634083,0.0020276621721604907,0.0022702368084109837,158.2915333650077,170.12065098284853,0.897869310694863,0.7031587057478095,1.4997589445114134,1.6525807523727418,420.55327543430747,442.6093965403605,0.005008799420141222,0.005799815745363292,82.65004244845845,90.56851503434298,0.8856137628277749,0.772934446046226,1.5708441710472107,1.7198314118385318,408.62428697490714,425.652476763166,0.021831287971633494,0.024426470210223695,23.67877632162969,27.913990436030836,0.877180390727681,0.7826906260897278,1.607761913537979,1.7525219810009003,388.61653578451296,402.92727655502176,0.024168316909838224,0.02699220271293056,6.09226416818285,7.611212801002237,0.87524492306324,0.7889675385343959,1.6264309114217759,1.7694698202610017,369.5681369779506,382.72561137969285,0.025563249839783177,0.028440976040537403,1.3083674124974802,1.7623191986385738,nan,nan,nan,nan,nan,nan,nan,nan,nan,nan
0,damage0,15,55,partial_mitigation,same_grid,60,0.6,0|15|35|75|125|175|225,0|15|35|75|125|175|225,10.0,0.833,0.002,1.5,1.5,10000.0,0.015,2,0,1,1,1,False,24.335951792317275,24.313768150000417,0.022183642316857544,0.0,0.0,1.419600009918213,1.419600009918213,425.6,425.6,0.0,0.0,215.9924752601648,92.65035949417808,0.29844654877853144,0.1999999454338433,1.4314369010925294,1.464839293162028,425.3017731882064,431.54685480113903,0.000674844310948271,0.0007346082056362787,196.8621428002952,119.47251967239123,0.8953396463355944,0.59999983630153,1.4551106834411622,1.5553178596496582,424.70531956461923,443.440564403417,0.002024532932844813,0.002203824616908836,158.60147788055596,173.11684002881753,0.9004748644167463,0.7608103926346261,1.4977139329910278,1.6073318815231326,420.2574624472178,435.877863619762,0.004990576689795144,0.00555460477931928,82.4627687249392,87.99917016739201,0.8876470934766925,0.8070108661309895,1.5681556534767154,1.6747747683525087,408.29253738962973,420.4485271391933,0.02178910649868826,0.02365650732568454,23.389341290959674,25.75891233734669,0.8782978553852164,0.8089826970934859,1.6060499370098116,1.712242041826248,388.4856472781757,399.10777651267927,0.024141134169511115,0.0261952431758049,6.517136534146018,7.353219637900631,0.8768390578535645,0.8140588897928777,1.6237880021333695,1.7278709757328035,369.2845749815677,378.8560578861943,0.0255174253333574,0.027620006190602852,1.2658214553602023,1.7267880212742464,nan,nan,nan,nan,nan,nan,nan,nan,nan,nan
0,damage0,10,31,partial_mitigation,same_grid,45,0.45,0|10|35|75|125|175|225,0|10|35|75|125|175|225,10.0,0.833,0.002,1.5,1.5,10000.0,0.015,2,0,1,1,1,False,24.332604559728143,24.298850579168512,0.03375398055963075,0.0,0.0,1.419600009918213,1.419600009918213,425.6,425.6,0.0,0.0,222.85098244416542,56.17084138056121,0.45350104631491406,0.2250000176526199,1.4300502729415894,1.4814040517807006,425.2472046907467,435.4889466170274,0.0006381995412531599,0.000692143709309859,196.00753657822665,119.62244880367126,0.9070020926298281,0.4500000353052398,1.4405005359649659,1.5432080936431884,424.89440938149335,445.37789323405485,0.0012763990825063198,0.001384287418619718,169.16409071228787,183.0740562267813,0.8854011951219207,0.7321542774406367,1.5095447492599487,1.62982310295105,422.3952478756057,439.3839337170992,0.005034902145190871,0.005647674333236356,81.53147226867074,91.94849831011186,0.875429505293255,0.7919023534941267,1.5843100357055664,1.6947515988349915,410.34402863424407,422.72205269111623,0.021925190942220306,0.023821548380534376,23.468857990258048,26.61472729959784,0.8670553840562742,0.7957669553459739,1.6232736110687256,1.7324888026714325,390.3031517311239,401.2135495693136,0.024299249392368875,0.026343014454616037,6.759540736463443,6.917468809800342,0.8685941978778344,0.7977271054781107,1.6374571204185486,1.7549473714828492,370.382762580605,381.81870598244234,0.025670359252953204,0.027796455511330486,1.237512076617794,1.5991010510955164,nan,nan,nan,nan,nan,nan,nan,nan,nan,nan
0,damage0,15,56,partial_mitigation,same_grid,65,0.65,0|15|35|75|125|175|225,0|15|35|75|125|175|225,10.0,0.833,0.002,1.5,1.5,10000.0,0.015,2,0,1,1,1,False,24.3368981850026,24.32015459886436,0.01674358613824012,0.0,0.0,1.419600009918213,1.419600009918213,425.6,425.6,0.0,0.0,217.89949049685262,107.97733822405326,0.299538237309784,0.21666661770328502,1.4310664971669516,1.4591843827565512,425.23252031902234,430.48958434520443,0.0006739529780783217,0.0007245581837493766,197.03048090859733,127.05524943085298,0.898614711929352,0.6499998531098551,1.4539994716644287,1.5383531284332277,424.4975609570669,440.26875303561326,0.002021858934234965,0.00217367455124813,155.29246173208674,165.21107184445245,0.8973058666132652,0.7773094159160787,1.5002011728286742,1.5943823528289793,420.74102249787063,434.228168581781,0.005001553950007757,0.005483266690686861,82.78954451882043,88.42192486925171,0.8864720129839716,0.818050748414952,1.569709372520447,1.660177576541901,408.4526562134496,418.7340175652241,0.021781480136748903,0.023369394166898653,23.196800594981525,26.772961922016144,0.8759066509593074,0.8218118428033254,1.6097133064270022,1.6925875532627108,388.9478460070603,396.8791780678396,0.024123962099791757,0.025835405001259613,6.555398541647197,7.48810953942894,0.8760428971674907,0.8267310139498985,1.6251079535484316,1.7068619149923325,369.3078876353258,376.74071421280877,0.025489840556622966,0.02721946297752819,1.2526280487855357,1.4223781738725116,nan,nan,nan,nan,nan,nan,nan,nan,nan,nan
0,damage0,15,57,partial_mitigation,same_grid,70,0.7,0|15|35|75|125|175|225,0|15|35|75|125|175|225,10.0,0.833,0.002,1.5,1.5,10000.0,0.015,2,0,1,1,1,False,24.336985428506125,24.326712255666852,0.010273172839273315,0.0,0.0,1.419600009918213,1.419600009918213,425.6,425.6,0.0,0.0,216.860360782689,125.22493503245506,0.29894446495790894,0.23333328997272668,1.4312679608662924,1.4535294723510743,425.2701896421153,429.43231362926673,0.0006743505458416856,0.0007137647884746339,196.38674711925378,138.07387377226496,0.8968333948737268,0.6999998699181801,1.4546038627624511,1.521388397216797,424.6105689263459,437.0969408878002,0.002023051637525057,0.002141294365423902,155.4395197923833,163.77175125188472,0.8967456607160442,0.8020660462992,1.5006408596038818,1.5749517059326172,420.7959530763109,431.42889495229343,0.005001931987050763,0.0053759029603316555,82.57284183844403,89.68105267120005,0.8863231617974572,0.8359497636968898,1.569906187057495,1.6365110778808594,408.46611480582214,415.8637858820382,0.021801179992203178,0.022977956041816596,24.010182500471274,25.323248536522826,0.8775445302473872,0.8343110901255828,1.6072040450572969,1.6734384751319884,388.5641738481206,395.13457906262477,0.024108839242797258,0.025410420257103092,6.5429615037718865,7.438229182712622,0.877864929080827,0.8396824372224838,1.622087214589119,1.6853898054361345,368.9581763402761,374.6690847161359,0.0254745183620712,0.026777067859542897,1.1252271738177149,1.5348139277427506,nan,nan,nan,nan,nan,nan,nan,nan,nan,nan
0,damage0,10,35,partial_mitigation,same_grid,65,0.65,0|10|35|75|125|175|225,0|10|35|75|125|175|225,10.0,0.833,0.002,1.5,1.5,10000.0,0.015,2,0,1,1,1,False,24.332611847368877,24.320546133070472,0.012065714298405084,0.0,0.0,1.419600009918213,1.419600009918213,425.6,425.6,0.0,0.0,216.78948162902034,107.97733822405326,0.44835585925319,0.32500017873277665,1.4312066125869751,1.4589298152923584,425.4778213188175,431.00680430166676,0.0006393142797082279,0.0006672936930652878,194.71155441794974,144.2401636577013,0.89671171850638,0.6500003574655533,1.4428132152557374,1.498259620666504,425.35564263763496,436.4136086033335,0.0012786285594164558,0.0013345873861305756,172.63362720687917,180.50298909134932,0.8855903524776014,0.8033422068641649,1.5093962860107424,1.5739500904083252,422.28988204884325,431.39659404203826,0.005028395970034193,0.005349986477131332,84.10243155127463,88.83060869933655,0.8807414063910921,0.8356419113138199,1.5772865152359008,1.636918127536774,409.2920902269817,415.9877709854385,0.02182650630199403,0.02286529614900311,22.675425958496724,25.13394817011746,0.8698925830214312,0.8343615970599094,1.6189269697666169,1.673361097574234,389.93719317721457,395.1589882176312,0.024217727083591833,0.025307748850069527,6.439272740373061,6.684156911166776,0.8693799641256978,0.835646193672487,1.6361544018983842,1.6920814764499665,370.44555583965797,375.6957264832455,0.025600361590825974,0.02671637301143684,1.299207584131664,1.639363159110979,nan,nan,nan,nan,nan,nan,nan,nan,nan,nan
0,damage0,15,61,partial_mitigation,same_grid,90,0.9,0|15|35|75|125|175|225,0|15|35|75|125|175|225,10.0,0.833,0.002,1.5,1.5,10000.0,0.015,2,0,1,1,1,False,24.336546918013685,24.336876895091486,-0.00032997707780069163,0.0,0.0,1.419600009918213,1.419600009918213,425.6,425.6,0.0,0.0,213.05305431693475,213.98957465016971,0.29674720275732924,0.29729079373300477,1.432013479868571,1.4318290424346924,425.4095778682738,425.37508954192975,0.0006759915295001424,0.0006754430786073967,195.34149087234837,196.05233607443526,0.8902416082719877,0.8918723811990144,1.4568404197692872,1.4562871074676513,425.0287336048213,424.9252686257892,0.0020279745885004273,0.0020263292358221902,159.9183639831756,160.17785892296632,0.8995626441837135,0.9009726760296299,1.4984299039840698,1.4973232173919677,420.3184629752592,420.14327055106264,0.0050002368588189594,0.004997044870003292,84.10709199743391,80.58999472754638,0.8897006069400332,0.8845566146688105,1.565440449714661,1.5722419571876527,407.8579075623452,408.91033425945443,0.021747245379340786,0.021840765664931046,23.064108166636146,23.689271151112315,0.8796207870665942,0.8751956189303147,1.6040231812000276,1.6108026206493378,388.28493664413213,389.03299349781776,0.02409717003278255,0.02416467058299574,6.121865584635883,6.480938131416767,0.8767490272495866,0.8748562626798311,1.6239372634887697,1.627075269818306,369.41425129538624,369.538941431312,0.025484715752731837,0.0255322823539504,1.3366369550348518,1.2547460150561023,nan,nan,nan,nan,nan,nan,nan,nan,nan,nan
0,damage0,15,63,partial_mitigation,same_grid,100,1.0,0|15|35|75|125|175|225,0|15|35|75|125|175|225,10.0,0.833,0.002,1.5,1.5,10000.0,0.015,2,0,1,1,1,False,24.33584827859974,24.336800491247217,-0.0009522126474763581,0.0,0.0,1.419600009918213,1.419600009918213,425.6,425.6,0.0,0.0,218.93415924668588,215.54689041931408,0.3001271376833873,0.298190282721435,1.4308666865030926,1.4315238507588706,425.19516932549226,425.3180320537821,0.0006737105229382859,0.0006752872044925847,198.32695973260363,196.57969892504946,0.9003814130501618,0.8945708481643051,1.4534000396728517,1.4553715324401857,424.3855079764767,424.7540961613462,0.002021131568814858,0.002025861613477754,157.11256070443915,158.64531593652023,0.9011181573862745,0.9000581653735011,1.4972090339660644,1.4980409860610964,420.23315460346566,420.30550498377033,0.004993066936062862,0.004998594218711405,83.49838046429932,84.6966797391641,0.8908128417585737,0.8921294598047076,1.5639698266983033,1.5622289633750914,407.6895561467091,407.3959621511909,0.02174762775307068,0.021714124406243734,23.865329854033405,23.084670816583994,0.8819541609009658,0.8807917022831089,1.6004484093189242,1.6022293174266815,387.8239439034667,388.1486085485945,0.024058777210781465,0.02405150946365116,6.394361325140929,6.538515033552585,0.88026398318007,0.8802254153275016,1.6181098330020904,1.6181737744808196,368.71682215155283,368.67583440834426,0.02544263471665896,0.025411481180595337,1.1346620630506747,1.1703630781008751,nan,nan,nan,nan,nan,nan,nan,nan,nan,nan
0,damage0,15,62,partial_mitigation,same_grid,95,0.95,0|15|35|75|125|175|225,0|15|35|75|125|175|225,10.0,0.833,0.002,1.5,1.5,10000.0,0.015,2,0,1,1,1,False,24.33681987357803,24.336659052625784,0.0001608209522458992,0.0,0.0,1.419600009918213,1.419600009918213,425.6,425.6,0.0,0.0,218.00563354843564,214.4257966407774,0.2995987716398111,0.2975434058063974,1.4310459582010906,1.4317433325449627,425.2286814041882,425.3590702782655,0.0006739021860952814,0.0006749810023013471,197.3802226005923,195.08966752734807,0.8987963149194332,0.8926302174191921,1.4539378547668458,1.456029977798462,424.48604421256454,424.8772108347965,0.0020217065582858445,0.0020249430069040415,156.1294007049056,156.41740930048942,0.8987929830433755,0.8956489429536293,1.4990339851379395,1.501501636505127,420.5363399062136,420.89422306858006,0.004993662475792731,0.005007517346073679,84.3525232090504,84.72108539430903,0.888626065461322,0.888776276233477,1.5668612337112426,1.566662621498108,408.06327199623786,407.9493100621422,0.021730037212325613,0.02176788989509318,23.103916118620774,23.760520576385943,0.8776975784982111,0.8800980588822169,1.6069695723056792,1.6032919919490816,388.6623018673066,388.10353426649544,0.02406138855355009,0.024081314220302335,6.75441226003846,6.041913354798275,0.8776253709311361,0.8765501541649234,1.622484377026558,1.6242669743299483,369.0665255931324,369.4633487359287,0.02542615362994796,0.02547756802352793,1.2888128830043168,1.2865379477794219,nan,nan,nan,nan,nan,nan,nan,nan,nan,nan
0,damage0,15,59,partial_mitigation,same_grid,80,0.8,0|15|35|75|125|175|225,0|15|35|75|125|175|225,10.0,0.833,0.002,1.5,1.5,10000.0,0.015,2,0,1,1,1,False,24.33602480377704,24.33443828595934,0.0015865178176994732,0.0,0.0,1.419600009918213,1.419600009918213,425.6,425.6,0.0,0.0,214.46994175844088,166.4748291837552,0.29756886189286746,0.26666663451161005,1.4317346954345704,1.4422196515401204,425.35745079919707,427.3177724198524,0.0006752807820099091,0.0006937007972378948,196.1299825680146,164.58060231751304,0.8927065856786025,0.7999999035348302,1.4560040664672853,1.4874589347839355,424.8723523975911,430.75331725955715,0.0020258423460297274,0.0020811023917136845,159.45006418716204,160.7921485850287,0.9002280515831335,0.8529664346804,1.497907648086548,1.5350017023086548,420.2577287888629,425.6372297099957,0.004995421033645333,0.005180311673518451,81.63666057817156,84.50478983043108,0.8861701615306259,0.859772470173804,1.5701084876060485,1.6050121355056763,408.57475376393205,412.52249313149974,0.02182702629433831,0.022404423402096762,23.953118968634048,24.388450356431527,0.8779522576661551,0.8550101124411369,1.6065793991088868,1.6417271900177002,388.4856626859279,392.0104741075845,0.0241510847513198,0.02479579091362662,6.280207373089541,6.79963523045036,0.8769579535881125,0.8567415891765535,1.6235908854007721,1.6571075099706651,369.212761716136,372.24364170104616,0.02553366714155467,0.02616941903831695,1.3229562659687923,1.2662979500043643,nan,nan,nan,nan,nan,nan,nan,nan,nan,nan
0,damage0,15,60,partial_mitigation,same_grid,85,0.85,0|15|35|75|125|175|225,0|15|35|75|125|175|225,10.0,0.833,0.002,1.5,1.5,10000.0,0.015,2,0,1,1,1,False,24.337092978115034,24.33648901234808,0.0006039657669560938,0.0,0.0,1.419600009918213,1.419600009918213,425.6,425.6,0.0,0.0,208.52705973542157,190.194591798737,0.2940897822089784,0.2827833822336228,1.4329151280721029,1.4367513275146484,425.57815062869423,426.29538841170324,0.0006773479444626368,0.000683751175329587,192.74855755897275,178.82508684001687,0.8822693466269352,0.8483501467008685,1.4595453643798828,1.4710539627075196,425.5344518860827,427.68616523510974,0.0020320438333879106,0.002051253525988761,161.1915532060751,156.0860769225766,0.8973055506928381,0.8718624252217929,1.5002014207839967,1.520170874595642,420.52948188783006,423.63248617252395,0.0050071975204571025,0.005098905851713045,82.71647830063677,84.31480786119998,0.8871267472344491,0.8718931058363872,1.5688436675071715,1.5889859461784361,408.3010236185317,410.65007920832204,0.0218186599732304,0.022102172839566617,23.15912301120049,23.685512723259443,0.8755420562399125,0.8640044435484928,1.6102718722820284,1.6279477083683014,389.0624246549463,390.72438817788895,0.02416306668802176,0.024479009834433817,6.395550397383194,6.561112454355891,0.8743933736688785,0.8637909205027922,1.6278426915407183,1.6454204535484314,369.7018235295631,371.2931241119186,0.025538873118991355,0.025869189036320447,1.2505954662711014,1.2742576739943112,nan,nan,nan,nan,nan,nan,nan,nan,nan,nan
0,damage0,10,38,partial_mitigation,same_grid,80,0.8,0|10|35|75|125|175|225,0|10|35|75|125|175|225,10.0,0.833,0.002,1.5,1.5,10000.0,0.015,2,0,1,1,1,False,24.33246460636105,24.33053125058942,0.0019333557716301186,0.0,0.0,1.419600009918213,1.419600009918213,425.6,425.6,0.0,0.0,215.03628855682285,166.4748291837552,0.44684407785052516,0.4000000926762545,1.4315463733673095,1.4420741844177245,425.54558178988657,427.6451979134148,0.0006397277674766414,0.0006503873735090742,193.06651800535536,172.23286142530876,0.8936881557010503,0.800000185352509,1.4434927368164063,1.4645483589172363,425.4911635797731,429.6903958268296,0.0012794555349532827,0.0013007747470181485,171.09674745388784,177.99089366686232,0.8812802500917085,0.856509719209798,1.5127791404724122,1.5322206974029542,422.84412814386036,425.4360305773,0.005044010772531377,0.005143006877733986,83.08533497067413,84.68300001891771,0.8751170350072337,0.8620888056061526,1.5847231912612918,1.6019494223594666,410.29417309147857,412.18747850454827,0.02188559636990262,0.02220002501270165,23.572027132127523,24.812878353854934,0.8668338029634588,0.858312899763245,1.623613077402115,1.6366672587394715,390.3117964229429,391.4217035024559,0.024259620936973914,0.02456506967134641,6.503188363995424,6.700902750906876,0.8659627738689937,0.8595834491478149,1.6418197470903397,1.6523960024118423,370.99660898171317,371.8053682386493,0.025649661007599633,0.025946589199089504,1.2684317360627706,1.3628121287596333,nan,nan,nan,nan,nan,nan,nan,nan,nan,nan
