sample_index,delay_year,task_id,run_type,comparison_type,tree_spec,decision_times,scenario,node,period,calendar_year,node_probability,price,mitigation,average_mitigation,ghg_level,ra,eis,pref,tech_chg,tech_scale,bs_premium,growth
mean_params,15,3,mean_parameter_vector,same_grid,default,0|15|35|75|125|175|225,optimal,0,0,2025,1.0,213.32320154119267,0.8907126673050901,0.0,425.6,10.0,0.833,0.002,1.5,1.5,10000.0,0.015
mean_params,15,3,mean_parameter_vector,same_grid,default,0|15|35|75|125|175|225,optimal,1,1,2040,0.5,197.04566009786438,0.9979754098357022,0.8907126067714135,424.998847251593,10.0,0.833,0.002,1.5,1.5,10000.0,0.015
mean_params,15,3,mean_parameter_vector,same_grid,default,0|15|35|75|125|175|225,optimal,2,1,2040,0.5,122.30258332197869,0.8198260763010666,0.8907126067714135,424.998847251593,10.0,0.833,0.002,1.5,1.5,10000.0,0.015
mean_params,15,3,mean_parameter_vector,same_grid,default,0|15|35|75|125|175|225,optimal,3,2,2060,0.25,108.09010775128957,0.9977886846953784,0.9437440369229598,414.17382185524417,10.0,0.833,0.002,1.5,1.5,10000.0,0.015
mean_params,15,3,mean_parameter_vector,same_grid,default,0|15|35|75|125|175|225,optimal,4,2,2060,0.25,85.01564870351935,0.9068487387986528,0.9437440369229598,414.17382185524417,10.0,0.833,0.002,1.5,1.5,10000.0,0.015
mean_params,15,3,mean_parameter_vector,same_grid,default,0|15|35|75|125|175|225,optimal,5,2,2060,0.25,102.23433970434138,0.9609691132660172,0.855665895749216,426.43565881497176,10.0,0.833,0.002,1.5,1.5,10000.0,0.015
mean_params,15,3,mean_parameter_vector,same_grid,default,0|15|35|75|125|175|225,optimal,6,2,2060,0.25,42.90193862672305,0.6498191175704489,0.855665895749216,426.43565881497176,10.0,0.833,0.002,1.5,1.5,10000.0,0.015
mean_params,15,3,mean_parameter_vector,same_grid,default,0|15|35|75|125|175|225,optimal,7,3,2100,0.125,32.3134174576769,0.9977388549417961,0.9657153682820079,393.90840354786525,10.0,0.833,0.002,1.5,1.5,10000.0,0.015
mean_params,15,3,mean_parameter_vector,same_grid,default,0|15|35|75|125|175|225,optimal,8,3,2100,0.125,32.153313622434005,0.995835124025123,0.9657153682820079,393.90840354786525,10.0,0.833,0.002,1.5,1.5,10000.0,0.015
mean_params,15,3,mean_parameter_vector,same_grid,default,0|15|35|75|125|175|225,optimal,9,3,2100,0.125,33.48984507007899,0.997613165225522,0.932351042897076,400.49939345544044,10.0,0.833,0.002,1.5,1.5,10000.0,0.015
mean_params,15,3,mean_parameter_vector,same_grid,default,0|15|35|75|125|175|225,optimal,10,3,2100,0.125,33.33991829174541,0.9795783774853684,0.8928834906892125,406.17039664872686,10.0,0.833,0.002,1.5,1.5,10000.0,0.015
mean_params,15,3,mean_parameter_vector,same_grid,default,0|15|35|75|125|175|225,optimal,11,3,2100,0.125,16.914433099671434,0.7459570489015449,0.932351042897076,400.49939345544044,10.0,0.833,0.002,1.5,1.5,10000.0,0.015
mean_params,15,3,mean_parameter_vector,same_grid,default,0|15|35|75|125|175|225,optimal,12,3,2100,0.125,16.898762594541584,0.7307249261141361,0.8928834906892125,406.17039664872686,10.0,0.833,0.002,1.5,1.5,10000.0,0.015
mean_params,15,3,mean_parameter_vector,same_grid,default,0|15|35|75|125|175|225,optimal,13,3,2100,0.125,21.06651339394948,0.7648410890843977,0.7787278045487587,428.7213943794686,10.0,0.833,0.002,1.5,1.5,10000.0,0.015
mean_params,15,3,mean_parameter_vector,same_grid,default,0|15|35|75|125|175|225,optimal,14,3,2100,0.125,6.894947497280582,0.4150513154463006,0.7787278045487587,428.7213943794686,10.0,0.833,0.002,1.5,1.5,10000.0,0.015
mean_params,15,3,mean_parameter_vector,same_grid,default,0|15|35|75|125|175|225,optimal,15,4,2150,0.0625,7.15669044449173,0.996649559663628,0.9701011022704561,371.9563357869811,10.0,0.833,0.002,1.5,1.5,10000.0,0.015
mean_params,15,3,mean_parameter_vector,same_grid,default,0|15|35|75|125|175|225,optimal,16,4,2150,0.0625,6.9023067152272155,0.9828027044142816,0.9701011022704561,371.9563357869811,10.0,0.833,0.002,1.5,1.5,10000.0,0.015
mean_params,15,3,mean_parameter_vector,same_grid,default,0|15|35|75|125|175|225,optimal,17,4,2150,0.0625,7.0251575504848365,0.9893725007274182,0.9698560632203598,372.01200626432234,10.0,0.833,0.002,1.5,1.5,10000.0,0.015
mean_params,15,3,mean_parameter_vector,same_grid,default,0|15|35|75|125|175|225,optimal,18,4,2150,0.0625,7.4323153691402695,0.9901303701946599,0.9405423362221139,376.942208132854,10.0,0.833,0.002,1.5,1.5,10000.0,0.015
mean_params,15,3,mean_parameter_vector,same_grid,default,0|15|35|75|125|175|225,optimal,19,4,2150,0.0625,8.097141441351889,0.9974305128998184,0.9046026011714122,382.4899373968305,10.0,0.833,0.002,1.5,1.5,10000.0,0.015
mean_params,15,3,mean_parameter_vector,same_grid,default,0|15|35|75|125|175|225,optimal,20,4,2150,0.0625,6.9086405638606605,0.9829794318424718,0.9698560632203598,372.01200626432234,10.0,0.833,0.002,1.5,1.5,10000.0,0.015
mean_params,15,3,mean_parameter_vector,same_grid,default,0|15|35|75|125|175|225,optimal,21,4,2150,0.0625,7.1277755436961,0.974154258504615,0.9405423362221139,376.942208132854,10.0,0.833,0.002,1.5,1.5,10000.0,0.015
mean_params,15,3,mean_parameter_vector,same_grid,default,0|15|35|75|125|175|225,optimal,22,4,2150,0.0625,6.834881345054437,0.9330128938230304,0.9046026011714122,382.4899373968305,10.0,0.833,0.002,1.5,1.5,10000.0,0.015
mean_params,15,3,mean_parameter_vector,same_grid,default,0|15|35|75|125|175|225,optimal,23,4,2150,0.0625,6.597481714108483,0.9221874157637738,0.9081481414296255,384.3013449420109,10.0,0.833,0.002,1.5,1.5,10000.0,0.015
mean_params,15,3,mean_parameter_vector,same_grid,default,0|15|35|75|125|175|225,optimal,24,4,2150,0.0625,7.339957301542479,0.9375188208824082,0.8725691673053867,389.7671163017365,10.0,0.833,0.002,1.5,1.5,10000.0,0.015
mean_params,15,3,mean_parameter_vector,same_grid,default,0|15|35|75|125|175|225,optimal,25,4,2150,0.0625,9.0986769484529,0.9510728794856541,0.7758810309451238,405.81599366717006,10.0,0.833,0.002,1.5,1.5,10000.0,0.015
mean_params,15,3,mean_parameter_vector,same_grid,default,0|15|35|75|125|175|225,optimal,26,4,2150,0.0625,2.472731341459245,0.5798937594837553,0.9081481414296255,384.3013449420109,10.0,0.833,0.002,1.5,1.5,10000.0,0.015
mean_params,15,3,mean_parameter_vector,same_grid,default,0|15|35|75|125|175|225,optimal,27,4,2150,0.0625,4.50022801037491,0.7585784838972378,0.8725691673053867,389.7671163017365,10.0,0.833,0.002,1.5,1.5,10000.0,0.015
mean_params,15,3,mean_parameter_vector,same_grid,default,0|15|35|75|125|175|225,optimal,28,4,2150,0.0625,5.915395539070996,0.7921820968162827,0.7758810309451238,405.81599366717006,10.0,0.833,0.002,1.5,1.5,10000.0,0.015
mean_params,15,3,mean_parameter_vector,same_grid,default,0|15|35|75|125|175|225,optimal,29,4,2150,0.0625,5.114939048415886,0.7117894164637737,0.7308547008679808,416.0448360956125,10.0,0.833,0.002,1.5,1.5,10000.0,0.015
mean_params,15,3,mean_parameter_vector,same_grid,default,0|15|35|75|125|175|225,optimal,30,4,2150,0.0625,1.9383361330976507,0.41365197602438186,0.7308547008679808,416.0448360956125,10.0,0.833,0.002,1.5,1.5,10000.0,0.015
mean_params,15,3,mean_parameter_vector,same_grid,default,0|15|35|75|125|175|225,optimal,31,5,2200,0.03125,1.5254917934492604,0.9811303876034843,0.9721223350776707,352.87512803004984,10.0,0.833,0.002,1.5,1.5,10000.0,0.015
mean_params,15,3,mean_parameter_vector,same_grid,default,0|15|35|75|125|175|225,optimal,32,5,2200,0.03125,1.5410957156114817,0.9850174115587366,0.9721223350776707,352.87512803004984,10.0,0.833,0.002,1.5,1.5,10000.0,0.015
mean_params,15,3,mean_parameter_vector,same_grid,default,0|15|35|75|125|175|225,optimal,33,5,2200,0.03125,1.5167845207495843,0.9779620756173084,0.9711410701985558,353.11359309148804,10.0,0.833,0.002,1.5,1.5,10000.0,0.015
mean_params,15,3,mean_parameter_vector,same_grid,default,0|15|35|75|125|175|225,optimal,34,5,2200,0.03125,1.558701581080205,0.9886050697576418,0.9713705704206258,353.043363150708,10.0,0.833,0.002,1.5,1.5,10000.0,0.015
mean_params,15,3,mean_parameter_vector,same_grid,default,0|15|35|75|125|175|225,optimal,35,5,2200,0.03125,1.7154380191179774,0.9981080181832186,0.9443451806338293,357.3736833932092,10.0,0.833,0.002,1.5,1.5,10000.0,0.015
mean_params,15,3,mean_parameter_vector,same_grid,default,0|15|35|75|125|175|225,optimal,36,5,2200,0.03125,1.8600538267173117,0.9961323244731713,0.9115602251566332,362.3348613223467,10.0,0.833,0.002,1.5,1.5,10000.0,0.015
mean_params,15,3,mean_parameter_vector,same_grid,default,0|15|35|75|125|175|225,optimal,37,5,2200,0.03125,1.4452863894344805,0.9595887387838835,0.9711410701985558,353.11359309148804,10.0,0.833,0.002,1.5,1.5,10000.0,0.015
mean_params,15,3,mean_parameter_vector,same_grid,default,0|15|35|75|125|175|225,optimal,38,5,2200,0.03125,1.4995594205433525,0.9738377439405469,0.9713705704206258,353.043363150708,10.0,0.833,0.002,1.5,1.5,10000.0,0.015
mean_params,15,3,mean_parameter_vector,same_grid,default,0|15|35|75|125|175|225,optimal,39,5,2200,0.03125,1.3274588061607457,0.901083569092793,0.9443451806338293,357.3736833932092,10.0,0.833,0.002,1.5,1.5,10000.0,0.015
mean_params,15,3,mean_parameter_vector,same_grid,default,0|15|35|75|125|175|225,optimal,40,5,2200,0.03125,1.4216000754214448,0.8945338711841719,0.9115602251566332,362.3348613223467,10.0,0.833,0.002,1.5,1.5,10000.0,0.015
mean_params,15,3,mean_parameter_vector,same_grid,default,0|15|35|75|125|175|225,optimal,41,5,2200,0.03125,1.3160826924168798,0.9239983613601803,0.9709175523869665,353.1534620503566,10.0,0.833,0.002,1.5,1.5,10000.0,0.015
mean_params,15,3,mean_parameter_vector,same_grid,default,0|15|35|75|125|175|225,optimal,42,5,2200,0.03125,1.5344617311564872,0.9544687169537995,0.9432130842304671,357.64881766535626,10.0,0.833,0.002,1.5,1.5,10000.0,0.015
mean_params,15,3,mean_parameter_vector,same_grid,default,0|15|35|75|125|175|225,optimal,43,5,2200,0.03125,1.2435144301969914,0.840742479986723,0.9069953468392511,363.4442360521941,10.0,0.833,0.002,1.5,1.5,10000.0,0.015
mean_params,15,3,mean_parameter_vector,same_grid,default,0|15|35|75|125|175|225,optimal,44,5,2200,0.03125,1.2030761426176828,0.8299587400947074,0.9083220211435017,364.2164155944039,10.0,0.833,0.002,1.5,1.5,10000.0,0.015
mean_params,15,3,mean_parameter_vector,same_grid,default,0|15|35|75|125|175|225,optimal,45,5,2200,0.03125,1.3009617432248628,0.8279888972598022,0.8764537952923587,368.9761066757982,10.0,0.833,0.002,1.5,1.5,10000.0,0.015
mean_params,15,3,mean_parameter_vector,same_grid,default,0|15|35|75|125|175|225,optimal,46,5,2200,0.03125,2.227700892340147,0.9416915823755176,0.7882399372071838,382.9715920377598,10.0,0.833,0.002,1.5,1.5,10000.0,0.015
mean_params,15,3,mean_parameter_vector,same_grid,default,0|15|35|75|125|175|225,optimal,47,5,2200,0.03125,0.09018231406030108,0.1825089508570618,0.9709175523869665,353.1534620503566,10.0,0.833,0.002,1.5,1.5,10000.0,0.015
mean_params,15,3,mean_parameter_vector,same_grid,default,0|15|35|75|125|175|225,optimal,48,5,2200,0.03125,0.17875485205122923,0.29203762589720733,0.9432130842304671,357.64881766535626,10.0,0.833,0.002,1.5,1.5,10000.0,0.015
mean_params,15,3,mean_parameter_vector,same_grid,default,0|15|35|75|125|175|225,optimal,49,5,2200,0.03125,1.8164895009878015,0.9824815423295999,0.9069953468392511,363.4442360521941,10.0,0.833,0.002,1.5,1.5,10000.0,0.015
mean_params,15,3,mean_parameter_vector,same_grid,default,0|15|35|75|125|175|225,optimal,50,5,2200,0.03125,1.2938973424530182,0.8565716648168157,0.9083220211435017,364.2164155944039,10.0,0.833,0.002,1.5,1.5,10000.0,0.015
mean_params,15,3,mean_parameter_vector,same_grid,default,0|15|35|75|125|175|225,optimal,51,5,2200,0.03125,2.027386995593688,0.9938349654994593,0.8764537952923587,368.9761066757982,10.0,0.833,0.002,1.5,1.5,10000.0,0.015
mean_params,15,3,mean_parameter_vector,same_grid,default,0|15|35|75|125|175|225,optimal,52,5,2200,0.03125,2.0578351803544344,0.9118668150617409,0.7882399372071838,382.9715920377598,10.0,0.833,0.002,1.5,1.5,10000.0,0.015
mean_params,15,3,mean_parameter_vector,same_grid,default,0|15|35|75|125|175|225,optimal,53,5,2200,0.03125,1.3657781070794857,0.8530464627835428,0.8840656648278791,370.11126147666494,10.0,0.833,0.002,1.5,1.5,10000.0,0.015
mean_params,15,3,mean_parameter_vector,same_grid,default,0|15|35|75|125|175|225,optimal,54,5,2200,0.03125,0.9101218134086251,0.6903021295725029,0.863773328476972,372.05774634067654,10.0,0.833,0.002,1.5,1.5,10000.0,0.015
mean_params,15,3,mean_parameter_vector,same_grid,default,0|15|35|75|125|175|225,optimal,55,5,2200,0.03125,1.754916251706054,0.8420289515087818,0.7769802928809896,385.70794617573745,10.0,0.833,0.002,1.5,1.5,10000.0,0.015
mean_params,15,3,mean_parameter_vector,same_grid,default,0|15|35|75|125|175|225,optimal,56,5,2200,0.03125,2.6473261992660815,0.9471946475370949,0.7279051588844171,394.9771386823197,10.0,0.833,0.002,1.5,1.5,10000.0,0.015
mean_params,15,3,mean_parameter_vector,same_grid,default,0|15|35|75|125|175|225,optimal,57,5,2200,0.03125,0.16031324340996062,0.23998141292712138,0.8840656648278791,370.11126147666494,10.0,0.833,0.002,1.5,1.5,10000.0,0.015
mean_params,15,3,mean_parameter_vector,same_grid,default,0|15|35|75|125|175|225,optimal,58,5,2200,0.03125,0.38862739699505056,0.42877137056046066,0.863773328476972,372.05774634067654,10.0,0.833,0.002,1.5,1.5,10000.0,0.015
mean_params,15,3,mean_parameter_vector,same_grid,default,0|15|35|75|125|175|225,optimal,59,5,2200,0.03125,0.4791759258443267,0.42391012060215544,0.7769802928809896,385.70794617573745,10.0,0.833,0.002,1.5,1.5,10000.0,0.015
mean_params,15,3,mean_parameter_vector,same_grid,default,0|15|35|75|125|175|225,optimal,60,5,2200,0.03125,0.7430388359859114,0.5115813143370029,0.7279051588844171,394.9771386823197,10.0,0.833,0.002,1.5,1.5,10000.0,0.015
mean_params,15,3,mean_parameter_vector,same_grid,default,0|15|35|75|125|175|225,optimal,61,5,2200,0.03125,1.2958743876034917,0.6706674898795328,0.706777827590651,400.1115436398976,10.0,0.833,0.002,1.5,1.5,10000.0,0.015
mean_params,15,3,mean_parameter_vector,same_grid,default,0|15|35|75|125|175|225,optimal,62,5,2200,0.03125,7.90188400046168e-06,1e-05,0.706777827590651,400.1115436398976,10.0,0.833,0.002,1.5,1.5,10000.0,0.015
mean_params,15,3,mean_parameter_vector,same_grid,default,0|15|35|75|125|175|225,delayed,0,0,2025,1.0,0.0,0.0,0.0,425.6,10.0,0.833,0.002,1.5,1.5,10000.0,0.015
mean_params,15,3,mean_parameter_vector,same_grid,default,0|15|35|75|125|175|225,delayed,1,1,2040,0.5,226.54540916467087,0.9991027521645193,0.0,481.5023082111194,10.0,0.833,0.002,1.5,1.5,10000.0,0.015
mean_params,15,3,mean_parameter_vector,same_grid,default,0|15|35|75|125|175|225,delayed,2,1,2040,0.5,146.2760036022219,0.8352482639411478,0.0,481.5023082111194,10.0,0.833,0.002,1.5,1.5,10000.0,0.015
mean_params,15,3,mean_parameter_vector,same_grid,default,0|15|35|75|125|175|225,delayed,3,2,2060,0.25,132.74364727293366,0.9969053744988223,0.49396291228137,465.26040432058227,10.0,0.833,0.002,1.5,1.5,10000.0,0.015
mean_params,15,3,mean_parameter_vector,same_grid,default,0|15|35|75|125|175|225,delayed,4,2,2060,0.25,102.01770073492455,0.8973518539902826,0.49396291228137,465.26040432058227,10.0,0.833,0.002,1.5,1.5,10000.0,0.015
mean_params,15,3,mean_parameter_vector,same_grid,default,0|15|35|75|125|175|225,delayed,5,2,2060,0.25,124.49662301468423,0.9582294813219587,0.41295222698058764,476.5383416636086,10.0,0.833,0.002,1.5,1.5,10000.0,0.015
mean_params,15,3,mean_parameter_vector,same_grid,default,0|15|35|75|125|175|225,delayed,6,2,2060,0.25,46.90118788946977,0.6120658361863143,0.41295222698058764,476.5383416636086,10.0,0.833,0.002,1.5,1.5,10000.0,0.015
mean_params,15,3,mean_parameter_vector,same_grid,default,0|15|35|75|125|175|225,delayed,7,3,2100,0.125,42.93004362076059,0.9960247496081418,0.6984476479941037,434.63653486738497,10.0,0.833,0.002,1.5,1.5,10000.0,0.015
mean_params,15,3,mean_parameter_vector,same_grid,default,0|15|35|75|125|175|225,delayed,8,3,2100,0.125,42.62322152460549,0.9932771098764539,0.6984476479941037,434.63653486738497,10.0,0.833,0.002,1.5,1.5,10000.0,0.015
mean_params,15,3,mean_parameter_vector,same_grid,default,0|15|35|75|125|175|225,delayed,9,3,2100,0.125,43.79302662517124,0.988582433220905,0.6619231767577751,441.85180480593226,10.0,0.833,0.002,1.5,1.5,10000.0,0.015
mean_params,15,3,mean_parameter_vector,same_grid,default,0|15|35|75|125|175|225,delayed,10,3,2100,0.125,45.9049112328888,0.9933285499541353,0.6296948086166989,446.26328137693963,10.0,0.833,0.002,1.5,1.5,10000.0,0.015
mean_params,15,3,mean_parameter_vector,same_grid,default,0|15|35|75|125|175|225,delayed,11,3,2100,0.125,22.625881452054138,0.7456452489268875,0.6619231767577751,441.85180480593226,10.0,0.833,0.002,1.5,1.5,10000.0,0.015
mean_params,15,3,mean_parameter_vector,same_grid,default,0|15|35|75|125|175|225,delayed,12,3,2100,0.125,25.044460468239592,0.769226429792119,0.6296948086166989,446.26328137693963,10.0,0.833,0.002,1.5,1.5,10000.0,0.015
mean_params,15,3,mean_parameter_vector,same_grid,default,0|15|35|75|125|175|225,delayed,13,3,2100,0.125,27.587539219869385,0.7551407060094546,0.5026931947566636,471.351938330513,10.0,0.833,0.002,1.5,1.5,10000.0,0.015
mean_params,15,3,mean_parameter_vector,same_grid,default,0|15|35|75|125|175|225,delayed,14,3,2100,0.125,7.655465737347083,0.3659839803702916,0.5026931947566636,471.351938330513,10.0,0.833,0.002,1.5,1.5,10000.0,0.015
mean_params,15,3,mean_parameter_vector,same_grid,default,0|15|35|75|125|175|225,delayed,15,4,2150,0.0625,10.865996665935292,0.9928511418842608,0.7392052076514644,407.5218716110537,10.0,0.833,0.002,1.5,1.5,10000.0,0.015
mean_params,15,3,mean_parameter_vector,same_grid,default,0|15|35|75|125|175|225,delayed,16,4,2150,0.0625,11.001192849880669,0.9975886094413907,0.7392052076514644,407.5218716110537,10.0,0.833,0.002,1.5,1.5,10000.0,0.015
mean_params,15,3,mean_parameter_vector,same_grid,default,0|15|35|75|125|175|225,delayed,17,4,2150,0.0625,10.952077655678817,0.99562316499804,0.7388514871468506,407.6022203676,10.0,0.833,0.002,1.5,1.5,10000.0,0.015
mean_params,15,3,mean_parameter_vector,same_grid,default,0|15|35|75|125|175|225,delayed,18,4,2150,0.0625,11.443541157761434,0.9891232502783921,0.7059063591135908,413.1936024860655,10.0,0.833,0.002,1.5,1.5,10000.0,0.015
mean_params,15,3,mean_parameter_vector,same_grid,default,0|15|35|75|125|175|225,delayed,19,4,2150,0.0625,12.101581775470269,0.9916456162860543,0.67920252458716,417.06420220723516,10.0,0.833,0.002,1.5,1.5,10000.0,0.015
mean_params,15,3,mean_parameter_vector,same_grid,default,0|15|35|75|125|175|225,delayed,20,4,2150,0.0625,9.351746764612978,0.9355719000265564,0.7388514871468506,407.6022203676,10.0,0.833,0.002,1.5,1.5,10000.0,0.015
mean_params,15,3,mean_parameter_vector,same_grid,default,0|15|35|75|125|175|225,delayed,21,4,2150,0.0625,10.522979263995744,0.9571751426542574,0.7059063591135908,413.1936024860655,10.0,0.833,0.002,1.5,1.5,10000.0,0.015
mean_params,15,3,mean_parameter_vector,same_grid,default,0|15|35|75|125|175|225,delayed,22,4,2150,0.0625,12.099010054127563,0.9915642630624114,0.67920252458716,417.06420220723516,10.0,0.833,0.002,1.5,1.5,10000.0,0.015
mean_params,15,3,mean_parameter_vector,same_grid,default,0|15|35|75|125|175|225,delayed,23,4,2150,0.0625,12.069721263437454,0.9874101687477492,0.6746345046730792,420.2977730202692,10.0,0.833,0.002,1.5,1.5,10000.0,0.015
mean_params,15,3,mean_parameter_vector,same_grid,default,0|15|35|75|125|175|225,delayed,24,4,2150,0.0625,12.076462860982257,0.9705223829582564,0.6503551648431101,423.61758227390146,10.0,0.833,0.002,1.5,1.5,10000.0,0.015
mean_params,15,3,mean_parameter_vector,same_grid,default,0|15|35|75|125|175|225,delayed,25,4,2150,0.0625,13.515841410833954,0.9333610968055563,0.5360878234457196,442.99426152364856,10.0,0.833,0.002,1.5,1.5,10000.0,0.015
mean_params,15,3,mean_parameter_vector,same_grid,default,0|15|35|75|125|175|225,delayed,26,4,2150,0.0625,5.621918193333738,0.7085728398010344,0.6746345046730792,420.2977730202692,10.0,0.833,0.002,1.5,1.5,10000.0,0.015
mean_params,15,3,mean_parameter_vector,same_grid,default,0|15|35|75|125|175|225,delayed,27,4,2150,0.0625,4.383992022875282,0.6105390737978994,0.6503551648431101,423.61758227390146,10.0,0.833,0.002,1.5,1.5,10000.0,0.015
mean_params,15,3,mean_parameter_vector,same_grid,default,0|15|35|75|125|175|225,delayed,28,4,2150,0.0625,7.62542818321207,0.7256038711479024,0.5360878234457196,442.99426152364856,10.0,0.833,0.002,1.5,1.5,10000.0,0.015
mean_params,15,3,mean_parameter_vector,same_grid,default,0|15|35|75|125|175|225,delayed,29,4,2150,0.0625,7.814412338593325,0.7022189997882846,0.48599400812517124,454.37430512919934,10.0,0.833,0.002,1.5,1.5,10000.0,0.015
mean_params,15,3,mean_parameter_vector,same_grid,default,0|15|35|75|125|175|225,delayed,30,4,2150,0.0625,2.7664859577516783,0.3887913451042553,0.48599400812517124,454.37430512919934,10.0,0.833,0.002,1.5,1.5,10000.0,0.015
mean_params,15,3,mean_parameter_vector,same_grid,default,0|15|35|75|125|175|225,delayed,31,5,2200,0.03125,2.721668803418972,0.9881828841789443,0.758479538908823,385.90015876994045,10.0,0.833,0.002,1.5,1.5,10000.0,0.015
mean_params,15,3,mean_parameter_vector,same_grid,default,0|15|35|75|125|175|225,delayed,32,5,2200,0.03125,2.737976958716289,0.9904683194082472,0.758479538908823,385.90015876994045,10.0,0.833,0.002,1.5,1.5,10000.0,0.015
mean_params,15,3,mean_parameter_vector,same_grid,default,0|15|35|75|125|175|225,delayed,33,5,2200,0.03125,2.38412097531483,0.9382098767006651,0.7588152269169275,385.8185719811346,10.0,0.833,0.002,1.5,1.5,10000.0,0.015
mean_params,15,3,mean_parameter_vector,same_grid,default,0|15|35|75|125|175|225,delayed,34,5,2200,0.03125,2.4178288877433087,0.9430360334163339,0.7583352132559735,385.914355340927,10.0,0.833,0.002,1.5,1.5,10000.0,0.015
mean_params,15,3,mean_parameter_vector,same_grid,default,0|15|35|75|125|175|225,delayed,35,5,2200,0.03125,2.969934603554689,0.990452563280843,0.7274071232118897,390.9307576484342,10.0,0.833,0.002,1.5,1.5,10000.0,0.015
mean_params,15,3,mean_parameter_vector,same_grid,default,0|15|35|75|125|175|225,delayed,36,5,2200,0.03125,1.860298458479904,0.7929529274585785,0.7029335306156825,394.5501157824352,10.0,0.833,0.002,1.5,1.5,10000.0,0.015
mean_params,15,3,mean_parameter_vector,same_grid,default,0|15|35|75|125|175|225,delayed,37,5,2200,0.03125,2.288816379326451,0.9228521529568811,0.7588152269169275,385.8185719811346,10.0,0.833,0.002,1.5,1.5,10000.0,0.015
mean_params,15,3,mean_parameter_vector,same_grid,default,0|15|35|75|125|175|225,delayed,38,5,2200,0.03125,2.6418276411632715,0.9766682300441049,0.7583352132559735,385.914355340927,10.0,0.833,0.002,1.5,1.5,10000.0,0.015
mean_params,15,3,mean_parameter_vector,same_grid,default,0|15|35|75|125|175|225,delayed,39,5,2200,0.03125,2.9841331469599393,0.9922780617857635,0.7274071232118897,390.9307576484342,10.0,0.833,0.002,1.5,1.5,10000.0,0.015
mean_params,15,3,mean_parameter_vector,same_grid,default,0|15|35|75|125|175|225,delayed,40,5,2200,0.03125,2.6728629535471176,0.9261660760770873,0.7029335306156825,394.5501157824352,10.0,0.833,0.002,1.5,1.5,10000.0,0.015
mean_params,15,3,mean_parameter_vector,same_grid,default,0|15|35|75|125|175|225,delayed,41,5,2200,0.03125,2.2549957474465545,0.9126184674801046,0.7540797751207114,386.9485344628748,10.0,0.833,0.002,1.5,1.5,10000.0,0.015
mean_params,15,3,mean_parameter_vector,same_grid,default,0|15|35|75|125|175|225,delayed,42,5,2200,0.03125,3.0537237170725913,0.998839934813811,0.7251431547455582,391.480955324935,10.0,0.833,0.002,1.5,1.5,10000.0,0.015
mean_params,15,3,mean_parameter_vector,same_grid,default,0|15|35|75|125|175|225,delayed,43,5,2200,0.03125,3.076848878398,0.9794836336340771,0.7029278473257259,394.5515168163905,10.0,0.833,0.002,1.5,1.5,10000.0,0.015
mean_params,15,3,mean_parameter_vector,same_grid,default,0|15|35|75|125|175|225,delayed,44,5,2200,0.03125,3.1803812858462805,0.9863578420388537,0.6971585602182948,396.4363694673902,10.0,0.833,0.002,1.5,1.5,10000.0,0.015
mean_params,15,3,mean_parameter_vector,same_grid,default,0|15|35|75|125|175|225,delayed,45,5,2200,0.03125,3.3596981001529707,0.9838112468183042,0.6736452940645197,399.96543558555203,10.0,0.833,0.002,1.5,1.5,10000.0,0.015
mean_params,15,3,mean_parameter_vector,same_grid,default,0|15|35|75|125|175|225,delayed,46,5,2200,0.03125,2.214020450679654,0.7274310111839886,0.5653490074561833,417.6085654526066,10.0,0.833,0.002,1.5,1.5,10000.0,0.015
mean_params,15,3,mean_parameter_vector,same_grid,default,0|15|35|75|125|175|225,delayed,47,5,2200,0.03125,2.706427312964378,0.9816336856071547,0.7540797751207114,386.9485344628748,10.0,0.833,0.002,1.5,1.5,10000.0,0.015
mean_params,15,3,mean_parameter_vector,same_grid,default,0|15|35|75|125|175|225,delayed,48,5,2200,0.03125,2.989717441914619,0.9907251711585687,0.7251431547455582,391.480955324935,10.0,0.833,0.002,1.5,1.5,10000.0,0.015
mean_params,15,3,mean_parameter_vector,same_grid,default,0|15|35|75|125|175|225,delayed,49,5,2200,0.03125,1.6613261167489137,0.7527676771297048,0.7029278473257259,394.5515168163905,10.0,0.833,0.002,1.5,1.5,10000.0,0.015
mean_params,15,3,mean_parameter_vector,same_grid,default,0|15|35|75|125|175|225,delayed,50,5,2200,0.03125,2.7893343208514727,0.9365366768992524,0.6971585602182948,396.4363694673902,10.0,0.833,0.002,1.5,1.5,10000.0,0.015
mean_params,15,3,mean_parameter_vector,same_grid,default,0|15|35|75|125|175|225,delayed,51,5,2200,0.03125,2.8535782455385967,0.921957138713214,0.6736452940645197,399.96543558555203,10.0,0.833,0.002,1.5,1.5,10000.0,0.015
mean_params,15,3,mean_parameter_vector,same_grid,default,0|15|35|75|125|175|225,delayed,52,5,2200,0.03125,3.1201549393117216,0.8500551477512379,0.5653490074561833,417.6085654526066,10.0,0.833,0.002,1.5,1.5,10000.0,0.015
mean_params,15,3,mean_parameter_vector,same_grid,default,0|15|35|75|125|175|225,delayed,53,5,2200,0.03125,1.659613889011303,0.7290387303136832,0.6773989575207039,401.2383955655371,10.0,0.833,0.002,1.5,1.5,10000.0,0.015
mean_params,15,3,mean_parameter_vector,same_grid,default,0|15|35|75|125|175|225,delayed,54,5,2200,0.03125,1.8687816999542362,0.7437599858841644,0.6481353984127745,406.1649256375421,10.0,0.833,0.002,1.5,1.5,10000.0,0.015
mean_params,15,3,mean_parameter_vector,same_grid,default,0|15|35|75|125|175|225,delayed,55,5,2200,0.03125,4.002594298292904,0.9283080798098255,0.5506265943834343,421.1864781451957,10.0,0.833,0.002,1.5,1.5,10000.0,0.015
mean_params,15,3,mean_parameter_vector,same_grid,default,0|15|35|75|125|175|225,delayed,56,5,2200,0.03125,4.231331071142584,0.9003259491788433,0.5007092117712948,430.36128541367685,10.0,0.833,0.002,1.5,1.5,10000.0,0.015
mean_params,15,3,mean_parameter_vector,same_grid,default,0|15|35|75|125|175|225,delayed,57,5,2200,0.03125,3.1370506623953265,0.9614333437077819,0.6773989575207039,401.2383955655371,10.0,0.833,0.002,1.5,1.5,10000.0,0.015
mean_params,15,3,mean_parameter_vector,same_grid,default,0|15|35|75|125|175|225,delayed,58,5,2200,0.03125,2.5262929687163704,0.851958216546314,0.6481353984127745,406.1649256375421,10.0,0.833,0.002,1.5,1.5,10000.0,0.015
mean_params,15,3,mean_parameter_vector,same_grid,default,0|15|35|75|125|175|225,delayed,59,5,2200,0.03125,1.351589064943442,0.5524132985378665,0.5506265943834343,421.1864781451957,10.0,0.833,0.002,1.5,1.5,10000.0,0.015
mean_params,15,3,mean_parameter_vector,same_grid,default,0|15|35|75|125|175|225,delayed,60,5,2200,0.03125,1.334105361634004,0.509072394247587,0.5007092117712948,430.36128541367685,10.0,0.833,0.002,1.5,1.5,10000.0,0.015
mean_params,15,3,mean_parameter_vector,same_grid,default,0|15|35|75|125|175|225,delayed,61,5,2200,0.03125,1.8241836044435162,0.5873808268164762,0.478498465939454,435.75901233681736,10.0,0.833,0.002,1.5,1.5,10000.0,0.015
mean_params,15,3,mean_parameter_vector,same_grid,default,0|15|35|75|125|175|225,delayed,62,5,2200,0.03125,1.4345853712365416e-05,1e-05,0.478498465939454,435.75901233681736,10.0,0.833,0.002,1.5,1.5,10000.0,0.015
mean_params,10,2,mean_parameter_vector,same_grid,default,0|10|35|75|125|175|225,optimal,0,0,2025,1.0,221.4875388896086,0.9047091190986402,0.0,425.6,10.0,0.833,0.002,1.5,1.5,10000.0,0.015
mean_params,10,2,mean_parameter_vector,same_grid,default,0|10|35|75|125|175|225,optimal,1,1,2035,0.5,228.3841394119433,0.9998241052458609,0.9047089069736056,424.9971844601787,10.0,0.833,0.002,1.5,1.5,10000.0,0.015
mean_params,10,2,mean_parameter_vector,same_grid,default,0|10|35|75|125|175|225,optimal,2,1,2035,0.5,126.65451695554687,0.7810684481367807,0.9047089069736056,424.9971844601787,10.0,0.833,0.002,1.5,1.5,10000.0,0.015
mean_params,10,2,mean_parameter_vector,same_grid,default,0|10|35|75|125|175|225,optimal,3,2,2060,0.25,106.51347310722834,0.9960541869145864,0.9656779182906188,411.61659546715856,10.0,0.833,0.002,1.5,1.5,10000.0,0.015
mean_params,10,2,mean_parameter_vector,same_grid,default,0|10|35|75|125|175|225,optimal,4,2,2060,0.25,84.04414524092354,0.9063536495109494,0.9656779182906188,411.61659546715856,10.0,0.833,0.002,1.5,1.5,10000.0,0.015
mean_params,10,2,mean_parameter_vector,same_grid,default,0|10|35|75|125|175|225,optimal,5,2,2060,0.25,100.77481207234203,0.9502161293592805,0.8254552151139466,430.41297461138385,10.0,0.833,0.002,1.5,1.5,10000.0,0.015
mean_params,10,2,mean_parameter_vector,same_grid,default,0|10|35|75|125|175|225,optimal,6,2,2060,0.25,36.52865665840344,0.5928791721985658,0.8254552151139466,430.41297461138385,10.0,0.833,0.002,1.5,1.5,10000.0,0.015
mean_params,10,2,mean_parameter_vector,same_grid,default,0|10|35|75|125|175|225,optimal,7,3,2100,0.125,31.797202276628504,0.9967322219312895,0.9781719856857423,392.0360699970203,10.0,0.833,0.002,1.5,1.5,10000.0,0.015
mean_params,10,2,mean_parameter_vector,same_grid,default,0|10|35|75|125|175|225,optimal,8,3,2100,0.125,29.985849893578717,0.9743161633887785,0.9781719856857423,392.0360699970203,10.0,0.833,0.002,1.5,1.5,10000.0,0.015
mean_params,10,2,mean_parameter_vector,same_grid,default,0|10|35|75|125|175|225,optimal,9,3,2100,0.125,32.84303521211015,0.9954900932251532,0.9452623244919335,398.5372322217667,10.0,0.833,0.002,1.5,1.5,10000.0,0.015
mean_params,10,2,mean_parameter_vector,same_grid,default,0|10|35|75|125|175|225,optimal,10,3,2100,0.125,35.126756872054614,0.9898623717312138,0.8694737700711971,410.0329117418448,10.0,0.833,0.002,1.5,1.5,10000.0,0.015
mean_params,10,2,mean_parameter_vector,same_grid,default,0|10|35|75|125|175|225,optimal,11,3,2100,0.125,15.186807239666331,0.7133349338534651,0.9452623244919335,398.5372322217667,10.0,0.833,0.002,1.5,1.5,10000.0,0.015
mean_params,10,2,mean_parameter_vector,same_grid,default,0|10|35|75|125|175|225,optimal,12,3,2100,0.125,16.01414448899235,0.7034015197539498,0.8694737700711971,410.0329117418448,10.0,0.833,0.002,1.5,1.5,10000.0,0.015
mean_params,10,2,mean_parameter_vector,same_grid,default,0|10|35|75|125|175|225,optimal,13,3,2100,0.125,20.22849472821654,0.7352808916746201,0.7383727710934255,435.9313691829663,10.0,0.833,0.002,1.5,1.5,10000.0,0.015
mean_params,10,2,mean_parameter_vector,same_grid,default,0|10|35|75|125|175|225,optimal,14,3,2100,0.125,6.435572468098173,0.3859291525372213,0.7383727710934255,435.9313691829663,10.0,0.833,0.002,1.5,1.5,10000.0,0.015
mean_params,10,2,mean_parameter_vector,same_grid,default,0|10|35|75|125|175|225,optimal,15,4,2150,0.0625,6.938553923842328,0.9923291687835357,0.9807080237943082,370.3564148550395,10.0,0.833,0.002,1.5,1.5,10000.0,0.015
mean_params,10,2,mean_parameter_vector,same_grid,default,0|10|35|75|125|175|225,optimal,16,4,2150,0.0625,6.943197208474339,0.9925852931108373,0.9807080237943082,370.3564148550395,10.0,0.833,0.002,1.5,1.5,10000.0,0.015
mean_params,10,2,mean_parameter_vector,same_grid,default,0|10|35|75|125|175|225,optimal,17,4,2150,0.0625,7.014380291187813,0.9944416198921219,0.9778225837777182,371.0119238208008,10.0,0.833,0.002,1.5,1.5,10000.0,0.015
mean_params,10,2,mean_parameter_vector,same_grid,default,0|10|35|75|125|175|225,optimal,18,4,2150,0.0625,7.370970489312456,0.9946704267308915,0.9514081348665928,375.3070333648647,10.0,0.833,0.002,1.5,1.5,10000.0,0.015
mean_params,10,2,mean_parameter_vector,same_grid,default,0|10|35|75|125|175|225,optimal,19,4,2150,0.0625,8.330924109091514,0.9948709722789086,0.8856340052983852,385.3657911351555,10.0,0.833,0.002,1.5,1.5,10000.0,0.015
mean_params,10,2,mean_parameter_vector,same_grid,default,0|10|35|75|125|175|225,optimal,20,4,2150,0.0625,6.929775216544062,0.9897960164268815,0.9778225837777182,371.0119238208008,10.0,0.833,0.002,1.5,1.5,10000.0,0.015
mean_params,10,2,mean_parameter_vector,same_grid,default,0|10|35|75|125|175|225,optimal,21,4,2150,0.0625,6.485466479147682,0.9459529264238966,0.9514081348665928,375.3070333648647,10.0,0.833,0.002,1.5,1.5,10000.0,0.015
mean_params,10,2,mean_parameter_vector,same_grid,default,0|10|35|75|125|175|225,optimal,22,4,2150,0.0625,7.954565656399138,0.9772008883408696,0.8856340052983852,385.3657911351555,10.0,0.833,0.002,1.5,1.5,10000.0,0.015
mean_params,10,2,mean_parameter_vector,same_grid,default,0|10|35|75|125|175|225,optimal,23,4,2150,0.0625,7.842169048871445,0.9926167290349552,0.9150880551872741,383.55804835503864,10.0,0.833,0.002,1.5,1.5,10000.0,0.015
mean_params,10,2,mean_parameter_vector,same_grid,default,0|10|35|75|125|175|225,optimal,24,4,2150,0.0625,8.936455672426376,0.9955905992151481,0.8487596744783432,393.7427169067669,10.0,0.833,0.002,1.5,1.5,10000.0,0.015
mean_params,10,2,mean_parameter_vector,same_grid,default,0|10|35|75|125|175|225,optimal,25,4,2150,0.0625,10.19016895335903,0.9666349868958283,0.7367793372403888,412.3873832319382,10.0,0.833,0.002,1.5,1.5,10000.0,0.015
mean_params,10,2,mean_parameter_vector,same_grid,default,0|10|35|75|125|175|225,optimal,26,4,2150,0.0625,3.924763913800267,0.7381936842813263,0.9150880551872741,383.55804835503864,10.0,0.833,0.002,1.5,1.5,10000.0,0.015
mean_params,10,2,mean_parameter_vector,same_grid,default,0|10|35|75|125|175|225,optimal,27,4,2150,0.0625,3.4316063125632317,0.6504837312510026,0.8487596744783432,393.7427169067669,10.0,0.833,0.002,1.5,1.5,10000.0,0.015
mean_params,10,2,mean_parameter_vector,same_grid,default,0|10|35|75|125|175|225,optimal,28,4,2150,0.0625,5.685572185138586,0.7524405864077621,0.7367793372403888,412.3873832319382,10.0,0.833,0.002,1.5,1.5,10000.0,0.015
mean_params,10,2,mean_parameter_vector,same_grid,default,0|10|35|75|125|175|225,optimal,29,4,2150,0.0625,5.417789806265317,0.7067608266211814,0.6918093305380366,422.6034161657492,10.0,0.833,0.002,1.5,1.5,10000.0,0.015
mean_params,10,2,mean_parameter_vector,same_grid,default,0|10|35|75|125|175|225,optimal,30,4,2150,0.0625,0.5684968961182203,0.15789050893017365,0.6918093305380366,422.6034161657492,10.0,0.833,0.002,1.5,1.5,10000.0,0.015
mean_params,10,2,mean_parameter_vector,same_grid,default,0|10|35|75|125|175|225,optimal,31,5,2200,0.03125,1.4866929679152139,0.9808163093821447,0.9816126815041654,351.4628112327351,10.0,0.833,0.002,1.5,1.5,10000.0,0.015
mean_params,10,2,mean_parameter_vector,same_grid,default,0|10|35|75|125|175|225,optimal,32,5,2200,0.03125,1.4089104827355112,0.9603584582528952,0.9816126815041654,351.4628112327351,10.0,0.833,0.002,1.5,1.5,10000.0,0.015
mean_params,10,2,mean_parameter_vector,same_grid,default,0|10|35|75|125|175|225,optimal,33,5,2200,0.03125,1.5042822296535994,0.9853269099612719,0.9816308530760008,351.45840035895014,10.0,0.833,0.002,1.5,1.5,10000.0,0.015
mean_params,10,2,mean_parameter_vector,same_grid,default,0|10|35|75|125|175|225,optimal,34,5,2200,0.03125,1.4428950886834193,0.9667888794060493,0.9789825147362773,351.93171759904567,10.0,0.833,0.002,1.5,1.5,10000.0,0.015
mean_params,10,2,mean_parameter_vector,same_grid,default,0|10|35|75|125|175|225,optimal,35,5,2200,0.03125,1.4366132754691792,0.940952946123337,0.9546970689496918,355.77419996580704,10.0,0.833,0.002,1.5,1.5,10000.0,0.015
mean_params,10,2,mean_parameter_vector,same_grid,default,0|10|35|75|125|175|225,optimal,36,5,2200,0.03125,1.9026085985611467,0.9870493264474518,0.8939026171616058,365.03377341008985,10.0,0.833,0.002,1.5,1.5,10000.0,0.015
mean_params,10,2,mean_parameter_vector,same_grid,default,0|10|35|75|125|175|225,optimal,37,5,2200,0.03125,1.0841083660380288,0.8623302078935402,0.9816308530760008,351.45840035895014,10.0,0.833,0.002,1.5,1.5,10000.0,0.015
mean_params,10,2,mean_parameter_vector,same_grid,default,0|10|35|75|125|175|225,optimal,38,5,2200,0.03125,1.0071248983377095,0.83280307643995,0.9789825147362773,351.93171759904567,10.0,0.833,0.002,1.5,1.5,10000.0,0.015
mean_params,10,2,mean_parameter_vector,same_grid,default,0|10|35|75|125|175|225,optimal,39,5,2200,0.03125,1.5405697077793339,0.9674317705529099,0.9546970689496918,355.77419996580704,10.0,0.833,0.002,1.5,1.5,10000.0,0.015
mean_params,10,2,mean_parameter_vector,same_grid,default,0|10|35|75|125|175|225,optimal,40,5,2200,0.03125,1.3054602009349754,0.8459529445550082,0.8939026171616058,365.03377341008985,10.0,0.833,0.002,1.5,1.5,10000.0,0.015
mean_params,10,2,mean_parameter_vector,same_grid,default,0|10|35|75|125|175|225,optimal,41,5,2200,0.03125,1.3023239257422201,0.9276896725825741,0.9786533325995708,352.0117223434055,10.0,0.833,0.002,1.5,1.5,10000.0,0.015
mean_params,10,2,mean_parameter_vector,same_grid,default,0|10|35|75|125|175|225,optimal,42,5,2200,0.03125,1.4703219586033895,0.9462901545231713,0.9512446946413473,356.6131934544156,10.0,0.833,0.002,1.5,1.5,10000.0,0.015
mean_params,10,2,mean_parameter_vector,same_grid,default,0|10|35|75|125|175|225,optimal,43,5,2200,0.03125,1.2393370288531025,0.8257995957908728,0.8926504238678412,365.3380806052386,10.0,0.833,0.002,1.5,1.5,10000.0,0.015
mean_params,10,2,mean_parameter_vector,same_grid,default,0|10|35|75|125|175|225,optimal,44,5,2200,0.03125,1.329755831062964,0.8775375027557496,0.9195608018131441,362.16970019887395,10.0,0.833,0.002,1.5,1.5,10000.0,0.015
mean_params,10,2,mean_parameter_vector,same_grid,default,0|10|35|75|125|175|225,optimal,45,5,2200,0.03125,1.4587395680179964,0.8525278736867945,0.8584289420739406,371.47856837021027,10.0,0.833,0.002,1.5,1.5,10000.0,0.015
mean_params,10,2,mean_parameter_vector,same_grid,default,0|10|35|75|125|175|225,optimal,46,5,2200,0.03125,2.367360867769387,0.929871505730115,0.7530602975946504,388.4828440508677,10.0,0.833,0.002,1.5,1.5,10000.0,0.015
mean_params,10,2,mean_parameter_vector,same_grid,default,0|10|35|75|125|175|225,optimal,47,5,2200,0.03125,0.0959070031758618,0.1949742552930096,0.9786533325995708,352.0117223434055,10.0,0.833,0.002,1.5,1.5,10000.0,0.015
mean_params,10,2,mean_parameter_vector,same_grid,default,0|10|35|75|125|175|225,optimal,48,5,2200,0.03125,0.6316377205946363,0.6447428724268,0.9512446946413473,356.6131934544156,10.0,0.833,0.002,1.5,1.5,10000.0,0.015
mean_params,10,2,mean_parameter_vector,same_grid,default,0|10|35|75|125|175|225,optimal,49,5,2200,0.03125,1.2374655733310054,0.8252507088896301,0.8926504238678412,365.3380806052386,10.0,0.833,0.002,1.5,1.5,10000.0,0.015
mean_params,10,2,mean_parameter_vector,same_grid,default,0|10|35|75|125|175|225,optimal,50,5,2200,0.03125,1.5721204566700553,0.940144233005743,0.9195608018131441,362.16970019887395,10.0,0.833,0.002,1.5,1.5,10000.0,0.015
mean_params,10,2,mean_parameter_vector,same_grid,default,0|10|35|75|125|175|225,optimal,51,5,2200,0.03125,1.8065435996133503,0.9320590562511679,0.8584289420739406,371.47856837021027,10.0,0.833,0.002,1.5,1.5,10000.0,0.015
mean_params,10,2,mean_parameter_vector,same_grid,default,0|10|35|75|125|175|225,optimal,52,5,2200,0.03125,1.4060200857071432,0.7402728220778366,0.7530602975946504,388.4828440508677,10.0,0.833,0.002,1.5,1.5,10000.0,0.015
mean_params,10,2,mean_parameter_vector,same_grid,default,0|10|35|75|125|175|225,optimal,53,5,2200,0.03125,1.5784969214154618,0.9238428083565513,0.9015313122266034,366.55127311261134,10.0,0.833,0.002,1.5,1.5,10000.0,0.015
mean_params,10,2,mean_parameter_vector,same_grid,default,0|10|35|75|125|175|225,optimal,54,5,2200,0.03125,1.964722029227236,0.9395233166308357,0.8339732219290449,377.4218621665828,10.0,0.833,0.002,1.5,1.5,10000.0,0.015
mean_params,10,2,mean_parameter_vector,same_grid,default,0|10|35|75|125|175|225,optimal,55,5,2200,0.03125,1.6522348047989985,0.7832501116482137,0.7378815761624776,392.17161524509885,10.0,0.833,0.002,1.5,1.5,10000.0,0.015
mean_params,10,2,mean_parameter_vector,same_grid,default,0|10|35|75|125|175|225,optimal,56,5,2200,0.03125,2.575665090382911,0.900912477776021,0.6913206249505965,400.83312156235206,10.0,0.833,0.002,1.5,1.5,10000.0,0.015
mean_params,10,2,mean_parameter_vector,same_grid,default,0|10|35|75|125|175|225,optimal,57,5,2200,0.03125,0.029536009172883192,0.05809998192810644,0.9015313122266034,366.55127311261134,10.0,0.833,0.002,1.5,1.5,10000.0,0.015
mean_params,10,2,mean_parameter_vector,same_grid,default,0|10|35|75|125|175|225,optimal,58,5,2200,0.03125,0.1471759277919969,0.20266192525175025,0.8339732219290449,377.4218621665828,10.0,0.833,0.002,1.5,1.5,10000.0,0.015
mean_params,10,2,mean_parameter_vector,same_grid,default,0|10|35|75|125|175|225,optimal,59,5,2200,0.03125,0.464328651446633,0.3889422525510836,0.7378815761624776,392.17161524509885,10.0,0.833,0.002,1.5,1.5,10000.0,0.015
mean_params,10,2,mean_parameter_vector,same_grid,default,0|10|35|75|125|175|225,optimal,60,5,2200,0.03125,0.9114942851495458,0.5443445724322525,0.6913206249505965,400.83312156235206,10.0,0.833,0.002,1.5,1.5,10000.0,0.015
mean_params,10,2,mean_parameter_vector,same_grid,default,0|10|35|75|125|175|225,optimal,61,5,2200,0.03125,0.5587182944654342,0.37920942075314834,0.6524253849685631,410.28554893570015,10.0,0.833,0.002,1.5,1.5,10000.0,0.015
mean_params,10,2,mean_parameter_vector,same_grid,default,0|10|35|75|125|175|225,optimal,62,5,2200,0.03125,0.07074120525993423,0.07130594419538355,0.6524253849685631,410.28554893570015,10.0,0.833,0.002,1.5,1.5,10000.0,0.015
mean_params,10,2,mean_parameter_vector,same_grid,default,0|10|35|75|125|175|225,delayed,0,0,2025,1.0,0.0,0.0,0.0,425.6,10.0,0.833,0.002,1.5,1.5,10000.0,0.015
mean_params,10,2,mean_parameter_vector,same_grid,default,0|10|35|75|125|175|225,delayed,1,1,2035,0.5,241.51049797083553,0.9946564311079154,0.0,465.5475328261715,10.0,0.833,0.002,1.5,1.5,10000.0,0.015
mean_params,10,2,mean_parameter_vector,same_grid,default,0|10|35|75|125|175|225,delayed,2,1,2035,0.5,138.9140709567503,0.789293436801762,0.0,465.5475328261715,10.0,0.833,0.002,1.5,1.5,10000.0,0.015
mean_params,10,2,mean_parameter_vector,same_grid,default,0|10|35|75|125|175|225,delayed,3,2,2060,0.25,123.83173015459026,0.9956347049489843,0.6375763894012942,448.5626848839032,10.0,0.833,0.002,1.5,1.5,10000.0,0.015
mean_params,10,2,mean_parameter_vector,same_grid,default,0|10|35|75|125|175|225,delayed,4,2,2060,0.25,94.440522336809,0.8932573385999294,0.6375763894012942,448.5626848839032,10.0,0.833,0.002,1.5,1.5,10000.0,0.015
mean_params,10,2,mean_parameter_vector,same_grid,default,0|10|35|75|125|175|225,delayed,5,2,2060,0.25,126.19359863288432,0.9796606955656874,0.5059383499483678,466.20831238660145,10.0,0.833,0.002,1.5,1.5,10000.0,0.015
mean_params,10,2,mean_parameter_vector,same_grid,default,0|10|35|75|125|175|225,delayed,6,2,2060,0.25,50.23031352439699,0.648574990741177,0.5059383499483678,466.20831238660145,10.0,0.833,0.002,1.5,1.5,10000.0,0.015
mean_params,10,2,mean_parameter_vector,same_grid,default,0|10|35|75|125|175|225,delayed,7,3,2100,0.125,39.49013934403826,0.9989756034005562,0.7830540998216854,421.8068936597744,10.0,0.833,0.002,1.5,1.5,10000.0,0.015
mean_params,10,2,mean_parameter_vector,same_grid,default,0|10|35|75|125|175|225,delayed,8,3,2100,0.125,37.516238778233664,0.9793601356547659,0.7830540998216854,421.8068936597744,10.0,0.833,0.002,1.5,1.5,10000.0,0.015
mean_params,10,2,mean_parameter_vector,same_grid,default,0|10|35|75|125|175|225,delayed,9,3,2100,0.125,41.04202619407715,0.998222129936976,0.745493624327217,429.22682536445654,10.0,0.833,0.002,1.5,1.5,10000.0,0.015
mean_params,10,2,mean_parameter_vector,same_grid,default,0|10|35|75|125|175|225,delayed,10,3,2100,0.125,41.769744700617714,0.9824478075421923,0.6909375782089919,436.7408876253751,10.0,0.833,0.002,1.5,1.5,10000.0,0.015
mean_params,10,2,mean_parameter_vector,same_grid,default,0|10|35|75|125|175|225,delayed,11,3,2100,0.125,19.694382166973462,0.7286347658915511,0.745493624327217,429.22682536445654,10.0,0.833,0.002,1.5,1.5,10000.0,0.015
mean_params,10,2,mean_parameter_vector,same_grid,default,0|10|35|75|125|175|225,delayed,12,3,2100,0.125,20.93768997929269,0.7294757752000626,0.6909375782089919,436.7408876253751,10.0,0.833,0.002,1.5,1.5,10000.0,0.015
mean_params,10,2,mean_parameter_vector,same_grid,default,0|10|35|75|125|175|225,delayed,13,3,2100,0.125,23.958489780484154,0.7308787109463597,0.5694677901447271,460.73675089224776,10.0,0.833,0.002,1.5,1.5,10000.0,0.015
mean_params,10,2,mean_parameter_vector,same_grid,default,0|10|35|75|125|175|225,delayed,14,3,2100,0.125,9.063330338341318,0.4278820054283074,0.5694677901447271,460.73675089224776,10.0,0.833,0.002,1.5,1.5,10000.0,0.015
mean_params,10,2,mean_parameter_vector,same_grid,default,0|10|35|75|125|175|225,delayed,15,4,2150,0.0625,9.35931225501307,0.9876663968369288,0.8125949696260341,396.37490854099167,10.0,0.833,0.002,1.5,1.5,10000.0,0.015
mean_params,10,2,mean_parameter_vector,same_grid,default,0|10|35|75|125|175|225,delayed,16,4,2150,0.0625,9.631193559541876,0.9986315817094762,0.8125949696260341,396.37490854099167,10.0,0.833,0.002,1.5,1.5,10000.0,0.015
mean_params,10,2,mean_parameter_vector,same_grid,default,0|10|35|75|125|175|225,delayed,17,4,2150,0.0625,9.482235932199188,0.9908708064392032,0.8100699668383506,396.9485203138432,10.0,0.833,0.002,1.5,1.5,10000.0,0.015
mean_params,10,2,mean_parameter_vector,same_grid,default,0|10|35|75|125|175|225,delayed,18,4,2150,0.0625,9.498358668341448,0.96975271981439,0.7792398786377585,402.0057446384955,10.0,0.833,0.002,1.5,1.5,10000.0,0.015
mean_params,10,2,mean_parameter_vector,same_grid,default,0|10|35|75|125|175|225,delayed,19,4,2150,0.0625,11.192702618018377,0.998274008206905,0.7308341460731576,409.277731470329,10.0,0.833,0.002,1.5,1.5,10000.0,0.015
mean_params,10,2,mean_parameter_vector,same_grid,default,0|10|35|75|125|175|225,delayed,20,4,2150,0.0625,9.632360120031596,0.9968869515831457,0.8100699668383506,396.9485203138432,10.0,0.833,0.002,1.5,1.5,10000.0,0.015
mean_params,10,2,mean_parameter_vector,same_grid,default,0|10|35|75|125|175|225,delayed,21,4,2150,0.0625,9.369954897253244,0.964575780380615,0.7792398786377585,402.0057446384955,10.0,0.833,0.002,1.5,1.5,10000.0,0.015
mean_params,10,2,mean_parameter_vector,same_grid,default,0|10|35|75|125|175|225,delayed,22,4,2150,0.0625,11.144951290437422,0.9966350836268025,0.7308341460731576,409.277731470329,10.0,0.833,0.002,1.5,1.5,10000.0,0.015
mean_params,10,2,mean_parameter_vector,same_grid,default,0|10|35|75|125|175|225,delayed,23,4,2150,0.0625,10.730471980709817,0.9918192877560508,0.7445374774958985,409.8892417388006,10.0,0.833,0.002,1.5,1.5,10000.0,0.015
mean_params,10,2,mean_parameter_vector,same_grid,default,0|10|35|75|125|175|225,delayed,24,4,2150,0.0625,11.304914003234344,0.9790782443644259,0.6982705765343511,416.6753492451935,10.0,0.833,0.002,1.5,1.5,10000.0,0.015
mean_params,10,2,mean_parameter_vector,same_grid,default,0|10|35|75|125|175|225,delayed,25,4,2150,0.0625,14.41539600199031,0.9962458143722099,0.5908951607318921,434.77304249580095,10.0,0.833,0.002,1.5,1.5,10000.0,0.015
mean_params,10,2,mean_parameter_vector,same_grid,default,0|10|35|75|125|175|225,delayed,26,4,2150,0.0625,6.256773136582881,0.791522172515062,0.7445374774958985,409.8892417388006,10.0,0.833,0.002,1.5,1.5,10000.0,0.015
mean_params,10,2,mean_parameter_vector,same_grid,default,0|10|35|75|125|175|225,delayed,27,4,2150,0.0625,5.586698870660665,0.7214724146898276,0.6982705765343511,416.6753492451935,10.0,0.833,0.002,1.5,1.5,10000.0,0.015
mean_params,10,2,mean_parameter_vector,same_grid,default,0|10|35|75|125|175|225,delayed,28,4,2150,0.0625,8.818170659951932,0.8129292447775691,0.5908951607318921,434.77304249580095,10.0,0.833,0.002,1.5,1.5,10000.0,0.015
mean_params,10,2,mean_parameter_vector,same_grid,default,0|10|35|75|125|175|225,delayed,29,4,2150,0.0625,7.601686678397062,0.7346527199052915,0.5518921947818193,443.6335232309326,10.0,0.833,0.002,1.5,1.5,10000.0,0.015
mean_params,10,2,mean_parameter_vector,same_grid,default,0|10|35|75|125|175|225,delayed,30,4,2150,0.0625,2.752240749821415,0.4190382014391658,0.5518921947818193,443.6335232309326,10.0,0.833,0.002,1.5,1.5,10000.0,0.015
mean_params,10,2,mean_parameter_vector,same_grid,default,0|10|35|75|125|175|225,delayed,31,5,2200,0.03125,2.2440365370772652,0.9819996893630903,0.8259446775035361,375.7086033572415,10.0,0.833,0.002,1.5,1.5,10000.0,0.015
mean_params,10,2,mean_parameter_vector,same_grid,default,0|10|35|75|125|175|225,delayed,32,5,2200,0.03125,2.2749690161650773,0.9872306951890812,0.8259446775035361,375.7086033572415,10.0,0.833,0.002,1.5,1.5,10000.0,0.015
mean_params,10,2,mean_parameter_vector,same_grid,default,0|10|35|75|125|175|225,delayed,33,5,2200,0.03125,2.1261047134818103,0.9622153030579171,0.8267217178448623,375.51976528318545,10.0,0.833,0.002,1.5,1.5,10000.0,0.015
mean_params,10,2,mean_parameter_vector,same_grid,default,0|10|35|75|125|175|225,delayed,34,5,2200,0.03125,2.0736330257098197,0.9497740908158713,0.8237391870996544,376.095575608324,10.0,0.833,0.002,1.5,1.5,10000.0,0.015
mean_params,10,2,mean_parameter_vector,same_grid,default,0|10|35|75|125|175|225,delayed,35,5,2200,0.03125,2.3899697366151638,0.9739420781162437,0.7938488209335981,380.9688430969504,10.0,0.833,0.002,1.5,1.5,10000.0,0.015
mean_params,10,2,mean_parameter_vector,same_grid,default,0|10|35|75|125|175|225,delayed,36,5,2200,0.03125,2.6879840317678934,0.9760072608869296,0.7510597047497366,387.23009400826976,10.0,0.833,0.002,1.5,1.5,10000.0,0.015
mean_params,10,2,mean_parameter_vector,same_grid,default,0|10|35|75|125|175|225,delayed,37,5,2200,0.03125,1.6658075247474384,0.870782394033046,0.8267217178448623,375.51976528318545,10.0,0.833,0.002,1.5,1.5,10000.0,0.015
mean_params,10,2,mean_parameter_vector,same_grid,default,0|10|35|75|125|175|225,delayed,38,5,2200,0.03125,2.2864539567252145,0.9869452459505181,0.8237391870996544,376.095575608324,10.0,0.833,0.002,1.5,1.5,10000.0,0.015
mean_params,10,2,mean_parameter_vector,same_grid,default,0|10|35|75|125|175|225,delayed,39,5,2200,0.03125,2.3714079911082915,0.9709723139076802,0.7938488209335981,380.9688430969504,10.0,0.833,0.002,1.5,1.5,10000.0,0.015
mean_params,10,2,mean_parameter_vector,same_grid,default,0|10|35|75|125|175|225,delayed,40,5,2200,0.03125,2.3503403349437013,0.9251869558758343,0.7510597047497366,387.23009400826976,10.0,0.833,0.002,1.5,1.5,10000.0,0.015
mean_params,10,2,mean_parameter_vector,same_grid,default,0|10|35|75|125|175|225,delayed,41,5,2200,0.03125,1.4759245338585638,0.8240071541320755,0.8241655834066742,375.9919679387813,10.0,0.833,0.002,1.5,1.5,10000.0,0.015
mean_params,10,2,mean_parameter_vector,same_grid,default,0|10|35|75|125|175|225,delayed,42,5,2200,0.03125,0.8795472018881073,0.6175691874294942,0.7934819496108625,381.0579982896189,10.0,0.833,0.002,1.5,1.5,10000.0,0.015
mean_params,10,2,mean_parameter_vector,same_grid,default,0|10|35|75|125|175|225,delayed,43,5,2200,0.03125,2.681435743872058,0.974961547657022,0.7509435712062779,387.25831891900236,10.0,0.833,0.002,1.5,1.5,10000.0,0.015
mean_params,10,2,mean_parameter_vector,same_grid,default,0|10|35|75|125|175|225,delayed,44,5,2200,0.03125,2.166465649208355,0.9053782265492947,0.761980370742062,386.66565972546533,10.0,0.833,0.002,1.5,1.5,10000.0,0.015
mean_params,10,2,mean_parameter_vector,same_grid,default,0|10|35|75|125|175|225,delayed,45,5,2200,0.03125,2.8020224811959746,0.9592140260146418,0.7183277683854266,393.2629836821044,10.0,0.833,0.002,1.5,1.5,10000.0,0.015
mean_params,10,2,mean_parameter_vector,same_grid,default,0|10|35|75|125|175|225,delayed,46,5,2200,0.03125,2.9514706384620855,0.8825221653428778,0.6203285562569221,408.8945685190299,10.0,0.833,0.002,1.5,1.5,10000.0,0.015
mean_params,10,2,mean_parameter_vector,same_grid,default,0|10|35|75|125|175|225,delayed,47,5,2200,0.03125,1.5605555944916187,0.8443265827616954,0.8241655834066742,375.9919679387813,10.0,0.833,0.002,1.5,1.5,10000.0,0.015
mean_params,10,2,mean_parameter_vector,same_grid,default,0|10|35|75|125|175|225,delayed,48,5,2200,0.03125,1.1699299973968476,0.7132043530076233,0.7934819496108625,381.0579982896189,10.0,0.833,0.002,1.5,1.5,10000.0,0.015
mean_params,10,2,mean_parameter_vector,same_grid,default,0|10|35|75|125|175|225,delayed,49,5,2200,0.03125,0.5583975406145765,0.44697725562724305,0.7509435712062779,387.25831891900236,10.0,0.833,0.002,1.5,1.5,10000.0,0.015
mean_params,10,2,mean_parameter_vector,same_grid,default,0|10|35|75|125|175|225,delayed,50,5,2200,0.03125,2.159768624015241,0.9042218360673013,0.761980370742062,386.66565972546533,10.0,0.833,0.002,1.5,1.5,10000.0,0.015
mean_params,10,2,mean_parameter_vector,same_grid,default,0|10|35|75|125|175|225,delayed,51,5,2200,0.03125,1.6833870846231034,0.7716776443644138,0.7183277683854266,393.2629836821044,10.0,0.833,0.002,1.5,1.5,10000.0,0.015
mean_params,10,2,mean_parameter_vector,same_grid,default,0|10|35|75|125|175|225,delayed,52,5,2200,0.03125,3.7373645618548434,0.9712738502355365,0.6203285562569221,408.8945685190299,10.0,0.833,0.002,1.5,1.5,10000.0,0.015
mean_params,10,2,mean_parameter_vector,same_grid,default,0|10|35|75|125|175|225,delayed,53,5,2200,0.03125,2.332140502687719,0.9190491108202975,0.7477865036352924,390.11509736149935,10.0,0.833,0.002,1.5,1.5,10000.0,0.015
mean_params,10,2,mean_parameter_vector,same_grid,default,0|10|35|75|125|175|225,delayed,54,5,2200,0.03125,1.5630396138952036,0.7288190203426198,0.7000727419237593,397.6993693343384,10.0,0.833,0.002,1.5,1.5,10000.0,0.015
mean_params,10,2,mean_parameter_vector,same_grid,default,0|10|35|75|125|175|225,delayed,55,5,2200,0.03125,1.817564364600975,0.6972234630860276,0.6073380510183675,412.0515739212406,10.0,0.833,0.002,1.5,1.5,10000.0,0.015
mean_params,10,2,mean_parameter_vector,same_grid,default,0|10|35|75|125|175|225,delayed,56,5,2200,0.03125,4.57494414449385,0.9925128916740732,0.5642156397905939,420.22954811659815,10.0,0.833,0.002,1.5,1.5,10000.0,0.015
mean_params,10,2,mean_parameter_vector,same_grid,default,0|10|35|75|125|175|225,delayed,57,5,2200,0.03125,0.4934894189306065,0.4114215061563534,0.7477865036352924,390.11509736149935,10.0,0.833,0.002,1.5,1.5,10000.0,0.015
mean_params,10,2,mean_parameter_vector,same_grid,default,0|10|35|75|125|175|225,delayed,58,5,2200,0.03125,1.2287730696329937,0.6470400425230489,0.7000727419237593,397.6993693343384,10.0,0.833,0.002,1.5,1.5,10000.0,0.015
mean_params,10,2,mean_parameter_vector,same_grid,default,0|10|35|75|125|175|225,delayed,59,5,2200,0.03125,1.4167219419214285,0.6141943149607791,0.6073380510183675,412.0515739212406,10.0,0.833,0.002,1.5,1.5,10000.0,0.015
mean_params,10,2,mean_parameter_vector,same_grid,default,0|10|35|75|125|175|225,delayed,60,5,2200,0.03125,3.5016780761975257,0.8915648317563045,0.5642156397905939,420.22954811659815,10.0,0.833,0.002,1.5,1.5,10000.0,0.015
mean_params,10,2,mean_parameter_vector,same_grid,default,0|10|35|75|125|175|225,delayed,61,5,2200,0.03125,2.946122368399182,0.8068795559095546,0.5418499495273001,425.6649365103312,10.0,0.833,0.002,1.5,1.5,10000.0,0.015
mean_params,10,2,mean_parameter_vector,same_grid,default,0|10|35|75|125|175|225,delayed,62,5,2200,0.03125,0.6993834546094628,0.3633041548552701,0.5418499495273001,425.6649365103312,10.0,0.833,0.002,1.5,1.5,10000.0,0.015
mean_params,5,1,mean_parameter_vector,same_grid,default,0|5|35|75|125|175|225,optimal,0,0,2025,1.0,255.4892328581751,0.9584838181297106,0.0,425.6,10.0,0.833,0.002,1.5,1.5,10000.0,0.015
mean_params,5,1,mean_parameter_vector,same_grid,default,0|5|35|75|125|175|225,optimal,1,1,2030,0.5,226.1408110134383,0.9408992424242383,0.9584838541706617,424.4314564752182,10.0,0.833,0.002,1.5,1.5,10000.0,0.015
mean_params,5,1,mean_parameter_vector,same_grid,default,0|5|35|75|125|175|225,optimal,2,1,2030,0.5,130.36821661036228,0.7400873058873438,0.9584838541706617,424.4314564752182,10.0,0.833,0.002,1.5,1.5,10000.0,0.015
mean_params,5,1,mean_parameter_vector,same_grid,default,0|5|35|75|125|175|225,optimal,3,2,2060,0.25,107.3007071582114,0.9951416859918659,0.9446568889968466,414.79477245431394,10.0,0.833,0.002,1.5,1.5,10000.0,0.015
mean_params,5,1,mean_parameter_vector,same_grid,default,0|5|35|75|125|175|225,optimal,4,2,2060,0.25,80.47001211596037,0.8865351709706696,0.9446568889968466,414.79477245431394,10.0,0.833,0.002,1.5,1.5,10000.0,0.015
mean_params,5,1,mean_parameter_vector,same_grid,default,0|5|35|75|125|175|225,optimal,5,2,2060,0.25,109.16168751116096,0.973781128716956,0.7867565424056009,435.3010863272524,10.0,0.833,0.002,1.5,1.5,10000.0,0.015
mean_params,5,1,mean_parameter_vector,same_grid,default,0|5|35|75|125|175|225,optimal,6,2,2060,0.25,42.22287395871883,0.6340105855147047,0.7867565424056009,435.3010863272524,10.0,0.833,0.002,1.5,1.5,10000.0,0.015
mean_params,5,1,mean_parameter_vector,same_grid,default,0|5|35|75|125|175|225,optimal,7,3,2100,0.125,32.18571374248479,0.9951080554613632,0.9630304210531337,394.53377930015193,10.0,0.833,0.002,1.5,1.5,10000.0,0.015
mean_params,5,1,mean_parameter_vector,same_grid,default,0|5|35|75|125|175|225,optimal,8,3,2100,0.125,31.622914787155683,0.9883553902357176,0.9630304210531337,394.53377930015193,10.0,0.833,0.002,1.5,1.5,10000.0,0.015
mean_params,5,1,mean_parameter_vector,same_grid,default,0|5|35|75|125|175|225,optimal,9,3,2100,0.125,33.363093109812866,0.9923633639101971,0.9231845289790748,402.40517666602165,10.0,0.833,0.002,1.5,1.5,10000.0,0.015
mean_params,5,1,mean_parameter_vector,same_grid,default,0|5|35|75|125|175|225,optimal,10,3,2100,0.125,36.16441355693251,0.994413722868597,0.8535282683846208,412.13231640760296,10.0,0.833,0.002,1.5,1.5,10000.0,0.015
mean_params,5,1,mean_parameter_vector,same_grid,default,0|5|35|75|125|175|225,optimal,11,3,2100,0.125,17.388167579864657,0.7521787114237377,0.9231845289790748,402.40517666602165,10.0,0.833,0.002,1.5,1.5,10000.0,0.015
mean_params,5,1,mean_parameter_vector,same_grid,default,0|5|35|75|125|175|225,optimal,12,3,2100,0.125,15.788515612162337,0.6926572436960367,0.8535282683846208,412.13231640760296,10.0,0.833,0.002,1.5,1.5,10000.0,0.015
mean_params,5,1,mean_parameter_vector,same_grid,default,0|5|35|75|125|175|225,optimal,13,3,2100,0.125,20.36565048145788,0.734065535271403,0.7288721741659435,436.7576251354999,10.0,0.833,0.002,1.5,1.5,10000.0,0.015
mean_params,5,1,mean_parameter_vector,same_grid,default,0|5|35|75|125|175|225,optimal,14,3,2100,0.125,8.227390419588819,0.4483134562818245,0.7288721741659435,436.7576251354999,10.0,0.833,0.002,1.5,1.5,10000.0,0.015
mean_params,5,1,mean_parameter_vector,same_grid,default,0|5|35|75|125|175|225,optimal,15,4,2150,0.0625,7.131523541450562,0.9933972655358643,0.9674233951606024,372.4311312420728,10.0,0.833,0.002,1.5,1.5,10000.0,0.015
mean_params,5,1,mean_parameter_vector,same_grid,default,0|5|35|75|125|175|225,optimal,16,4,2150,0.0625,6.626308145537044,0.9653602274932193,0.9674233951606024,372.4311312420728,10.0,0.833,0.002,1.5,1.5,10000.0,0.015
mean_params,5,1,mean_parameter_vector,same_grid,default,0|5|35|75|125|175|225,optimal,17,4,2150,0.0625,6.932697659886596,0.981968165568287,0.9665541862976287,372.6285982779862,10.0,0.833,0.002,1.5,1.5,10000.0,0.015
mean_params,5,1,mean_parameter_vector,same_grid,default,0|5|35|75|125|175|225,optimal,18,4,2150,0.0625,7.600114718804852,0.9924641386645812,0.9317883404347398,378.4614637297093,10.0,0.833,0.002,1.5,1.5,10000.0,0.015
mean_params,5,1,mean_parameter_vector,same_grid,default,0|5|35|75|125|175|225,optimal,19,4,2150,0.0625,8.393889021941698,0.98854865810393,0.8726516292578465,387.15504300705913,10.0,0.833,0.002,1.5,1.5,10000.0,0.015
mean_params,5,1,mean_parameter_vector,same_grid,default,0|5|35|75|125|175|225,optimal,20,4,2150,0.0625,6.787956010417627,0.9739200757079205,0.9665541862976287,372.6285982779862,10.0,0.833,0.002,1.5,1.5,10000.0,0.015
mean_params,5,1,mean_parameter_vector,same_grid,default,0|5|35|75|125|175|225,optimal,21,4,2150,0.0625,6.69231125472389,0.9440704889738556,0.9317883404347398,378.4614637297093,10.0,0.833,0.002,1.5,1.5,10000.0,0.015
mean_params,5,1,mean_parameter_vector,same_grid,default,0|5|35|75|125|175|225,optimal,22,4,2150,0.0625,7.487470023049724,0.9450907359219219,0.8726516292578465,387.15504300705913,10.0,0.833,0.002,1.5,1.5,10000.0,0.015
mean_params,5,1,mean_parameter_vector,same_grid,default,0|5|35|75|125|175|225,optimal,23,4,2150,0.0625,7.7900242644506115,0.979995764910067,0.9008708538939547,385.4851424683026,10.0,0.833,0.002,1.5,1.5,10000.0,0.015
mean_params,5,1,mean_parameter_vector,same_grid,default,0|5|35|75|125|175|225,optimal,24,4,2150,0.0625,8.628114583472916,0.9716052687255062,0.8338083271274037,395.9792561285234,10.0,0.833,0.002,1.5,1.5,10000.0,0.015
mean_params,5,1,mean_parameter_vector,same_grid,default,0|5|35|75|125|175|225,optimal,25,4,2150,0.0625,10.380102049800875,0.9680231528698429,0.7287611869228052,413.38288383874254,10.0,0.833,0.002,1.5,1.5,10000.0,0.015
mean_params,5,1,mean_parameter_vector,same_grid,default,0|5|35|75|125|175|225,optimal,26,4,2150,0.0625,3.13568328706013,0.6525899387569271,0.9008708538939547,385.4851424683026,10.0,0.833,0.002,1.5,1.5,10000.0,0.015
mean_params,5,1,mean_parameter_vector,same_grid,default,0|5|35|75|125|175|225,optimal,27,4,2150,0.0625,4.7560200937515145,0.7527704531514114,0.8338083271274037,395.9792561285234,10.0,0.833,0.002,1.5,1.5,10000.0,0.015
mean_params,5,1,mean_parameter_vector,same_grid,default,0|5|35|75|125|175|225,optimal,28,4,2150,0.0625,6.9904326560454795,0.8209736364869029,0.7287611869228052,413.38288383874254,10.0,0.833,0.002,1.5,1.5,10000.0,0.015
mean_params,5,1,mean_parameter_vector,same_grid,default,0|5|35|75|125|175|225,optimal,29,4,2150,0.0625,4.4466604183628835,0.6402877702594547,0.6919780578892423,421.7390831373927,10.0,0.833,0.002,1.5,1.5,10000.0,0.015
mean_params,5,1,mean_parameter_vector,same_grid,default,0|5|35|75|125|175|225,optimal,30,4,2150,0.0625,1.417063940500787,0.3195431458197549,0.6919780578892423,421.7390831373927,10.0,0.833,0.002,1.5,1.5,10000.0,0.015
mean_params,5,1,mean_parameter_vector,same_grid,default,0|5|35|75|125|175|225,optimal,31,5,2200,0.03125,1.5596884984591461,0.9868712040659853,0.9694041520955836,353.31518783865033,10.0,0.833,0.002,1.5,1.5,10000.0,0.015
mean_params,5,1,mean_parameter_vector,same_grid,default,0|5|35|75|125|175|225,optimal,32,5,2200,0.03125,1.5942563141254937,0.9952610176459105,0.9694041520955836,353.31518783865033,10.0,0.833,0.002,1.5,1.5,10000.0,0.015
mean_params,5,1,mean_parameter_vector,same_grid,default,0|5|35|75|125|175|225,optimal,33,5,2200,0.03125,1.5652588076566183,0.9862383218827182,0.9674173187947757,353.7980306060123,10.0,0.833,0.002,1.5,1.5,10000.0,0.015
mean_params,5,1,mean_parameter_vector,same_grid,default,0|5|35|75|125|175|225,optimal,34,5,2200,0.03125,1.5654436880525209,0.9866244850822654,0.9677568205895617,353.66422884475276,10.0,0.833,0.002,1.5,1.5,10000.0,0.015
mean_params,5,1,mean_parameter_vector,same_grid,default,0|5|35|75|125|175|225,optimal,35,5,2200,0.03125,1.748522703865714,0.9974261374336575,0.9363947066650951,358.62813485016,10.0,0.833,0.002,1.5,1.5,10000.0,0.015
mean_params,5,1,mean_parameter_vector,same_grid,default,0|5|35|75|125|175|225,optimal,36,5,2200,0.03125,2.0212484023195345,0.99772745130666,0.8814808895995142,366.85099835671826,10.0,0.833,0.002,1.5,1.5,10000.0,0.015
mean_params,5,1,mean_parameter_vector,same_grid,default,0|5|35|75|125|175|225,optimal,37,5,2200,0.03125,1.3326863957523924,0.9252534578899804,0.9674173187947757,353.7980306060123,10.0,0.833,0.002,1.5,1.5,10000.0,0.015
mean_params,5,1,mean_parameter_vector,same_grid,default,0|5|35|75|125|175|225,optimal,38,5,2200,0.03125,1.4601644364189599,0.9601008353261276,0.9677568205895617,353.66422884475276,10.0,0.833,0.002,1.5,1.5,10000.0,0.015
mean_params,5,1,mean_parameter_vector,same_grid,default,0|5|35|75|125|175|225,optimal,39,5,2200,0.03125,1.5531586017166064,0.9522720975549026,0.9363947066650951,358.62813485016,10.0,0.833,0.002,1.5,1.5,10000.0,0.015
mean_params,5,1,mean_parameter_vector,same_grid,default,0|5|35|75|125|175|225,optimal,40,5,2200,0.03125,1.411086964416113,0.8625511276867942,0.8814808895995142,366.85099835671826,10.0,0.833,0.002,1.5,1.5,10000.0,0.015
mean_params,5,1,mean_parameter_vector,same_grid,default,0|5|35|75|125|175|225,optimal,41,5,2200,0.03125,1.1983418473853389,0.8853347668372493,0.9671864725303474,353.80282986152315,10.0,0.833,0.002,1.5,1.5,10000.0,0.015
mean_params,5,1,mean_parameter_vector,same_grid,default,0|5|35|75|125|175|225,optimal,42,5,2200,0.03125,1.2511063170092493,0.868013909778665,0.9329652898569708,359.46155112169515,10.0,0.833,0.002,1.5,1.5,10000.0,0.015
mean_params,5,1,mean_parameter_vector,same_grid,default,0|5|35|75|125|175|225,optimal,43,5,2200,0.03125,2.006290360014389,0.9917863630536682,0.8784012942442553,367.59941348833354,10.0,0.833,0.002,1.5,1.5,10000.0,0.015
mean_params,5,1,mean_parameter_vector,same_grid,default,0|5|35|75|125|175|225,optimal,44,5,2200,0.03125,1.771891426971368,0.9717302261201524,0.9057252810941752,364.256924542683,10.0,0.833,0.002,1.5,1.5,10000.0,0.015
mean_params,5,1,mean_parameter_vector,same_grid,default,0|5|35|75|125|175|225,optimal,45,5,2200,0.03125,1.7453258534700569,0.9038151715392793,0.8428587466559297,373.94476141353385,10.0,0.833,0.002,1.5,1.5,10000.0,0.015
mean_params,5,1,mean_parameter_vector,same_grid,default,0|5|35|75|125|175|225,optimal,46,5,2200,0.03125,2.743418357067338,0.9784827721346557,0.7457432113355719,389.45054158126004,10.0,0.833,0.002,1.5,1.5,10000.0,0.015
mean_params,5,1,mean_parameter_vector,same_grid,default,0|5|35|75|125|175|225,optimal,47,5,2200,0.03125,0.6167025453101412,0.6506989189137452,0.9671864725303474,353.80282986152315,10.0,0.833,0.002,1.5,1.5,10000.0,0.015
mean_params,5,1,mean_parameter_vector,same_grid,default,0|5|35|75|125|175|225,optimal,48,5,2200,0.03125,0.7943602815481342,0.7058887359726598,0.9329652898569708,359.46155112169515,10.0,0.833,0.002,1.5,1.5,10000.0,0.015
mean_params,5,1,mean_parameter_vector,same_grid,default,0|5|35|75|125|175|225,optimal,49,5,2200,0.03125,1.0102737953706251,0.7395827839332199,0.8784012942442553,367.59941348833354,10.0,0.833,0.002,1.5,1.5,10000.0,0.015
mean_params,5,1,mean_parameter_vector,same_grid,default,0|5|35|75|125|175|225,optimal,50,5,2200,0.03125,1.835651242745399,0.9852166573256658,0.9057252810941752,364.256924542683,10.0,0.833,0.002,1.5,1.5,10000.0,0.015
mean_params,5,1,mean_parameter_vector,same_grid,default,0|5|35|75|125|175|225,optimal,51,5,2200,0.03125,2.144174026460552,0.9815527239549381,0.8428587466559297,373.94476141353385,10.0,0.833,0.002,1.5,1.5,10000.0,0.015
mean_params,5,1,mean_parameter_vector,same_grid,default,0|5|35|75|125|175|225,optimal,52,5,2200,0.03125,2.229576210147577,0.9002236840481008,0.7457432113355719,389.45054158126004,10.0,0.833,0.002,1.5,1.5,10000.0,0.015
mean_params,5,1,mean_parameter_vector,same_grid,default,0|5|35|75|125|175|225,optimal,53,5,2200,0.03125,1.9677196855433725,0.9884979688743509,0.8825239976469744,369.8953780922861,10.0,0.833,0.002,1.5,1.5,10000.0,0.015
mean_params,5,1,mean_parameter_vector,same_grid,default,0|5|35|75|125|175|225,optimal,54,5,2200,0.03125,2.320318903745954,0.996197844146391,0.8273512169877054,377.7134479402439,10.0,0.833,0.002,1.5,1.5,10000.0,0.015
mean_params,5,1,mean_parameter_vector,same_grid,default,0|5|35|75|125|175|225,optimal,55,5,2200,0.03125,2.602883834065292,0.9481361871059395,0.7353226000793112,391.9829701523191,10.0,0.833,0.002,1.5,1.5,10000.0,0.015
mean_params,5,1,mean_parameter_vector,same_grid,default,0|5|35|75|125|175|225,optimal,56,5,2200,0.03125,1.942627627010277,0.7936081234204685,0.6870817132242877,401.5358820885636,10.0,0.833,0.002,1.5,1.5,10000.0,0.015
mean_params,5,1,mean_parameter_vector,same_grid,default,0|5|35|75|125|175|225,optimal,57,5,2200,0.03125,0.2465816831343271,0.327686821077973,0.8825239976469744,369.8953780922861,10.0,0.833,0.002,1.5,1.5,10000.0,0.015
mean_params,5,1,mean_parameter_vector,same_grid,default,0|5|35|75|125|175|225,optimal,58,5,2200,0.03125,0.8088502895239711,0.6191898827443512,0.8273512169877054,377.7134479402439,10.0,0.833,0.002,1.5,1.5,10000.0,0.015
mean_params,5,1,mean_parameter_vector,same_grid,default,0|5|35|75|125|175|225,optimal,59,5,2200,0.03125,1.798737331848942,0.8113475110402133,0.7353226000793112,391.9829701523191,10.0,0.833,0.002,1.5,1.5,10000.0,0.015
mean_params,5,1,mean_parameter_vector,same_grid,default,0|5|35|75|125|175|225,optimal,60,5,2200,0.03125,2.503053077695812,0.8861427260133417,0.6870817132242877,401.5358820885636,10.0,0.833,0.002,1.5,1.5,10000.0,0.015
mean_params,5,1,mean_parameter_vector,same_grid,default,0|5|35|75|125|175|225,optimal,61,5,2200,0.03125,0.3813459990995625,0.2977348601686561,0.6643524419640228,407.05961915343744,10.0,0.833,0.002,1.5,1.5,10000.0,0.015
mean_params,5,1,mean_parameter_vector,same_grid,default,0|5|35|75|125|175|225,optimal,62,5,2200,0.03125,0.03924088581605439,0.0422630840663194,0.6643524419640228,407.05961915343744,10.0,0.833,0.002,1.5,1.5,10000.0,0.015
mean_params,5,1,mean_parameter_vector,same_grid,default,0|5|35|75|125|175|225,delayed,0,0,2025,1.0,0.0,0.0,0.0,425.6,10.0,0.833,0.002,1.5,1.5,10000.0,0.015
mean_params,5,1,mean_parameter_vector,same_grid,default,0|5|35|75|125|175|225,delayed,1,1,2030,0.5,240.42524232118106,0.9641030940833676,1.1149141078137248e-06,447.7808445891872,10.0,0.833,0.002,1.5,1.5,10000.0,0.015
mean_params,5,1,mean_parameter_vector,same_grid,default,0|5|35|75|125|175|225,delayed,2,1,2030,0.5,132.87564128274698,0.7467610706590961,1.1149141078137248e-06,447.7808445891872,10.0,0.833,0.002,1.5,1.5,10000.0,0.015
mean_params,5,1,mean_parameter_vector,same_grid,default,0|5|35|75|125|175|225,delayed,3,2,2060,0.25,118.17860283017332,0.9990535866898196,0.7580839203692994,435.57630399245147,10.0,0.833,0.002,1.5,1.5,10000.0,0.015
mean_params,5,1,mean_parameter_vector,same_grid,default,0|5|35|75|125|175|225,delayed,4,2,2060,0.25,92.75665232640424,0.9073014413948478,0.7580839203692994,435.57630399245147,10.0,0.833,0.002,1.5,1.5,10000.0,0.015
mean_params,5,1,mean_parameter_vector,same_grid,default,0|5|35|75|125|175|225,delayed,5,2,2060,0.25,117.33290940750076,0.9661860120517769,0.5871856596489915,457.77062126346334,10.0,0.833,0.002,1.5,1.5,10000.0,0.015
mean_params,5,1,mean_parameter_vector,same_grid,default,0|5|35|75|125|175|225,delayed,6,2,2060,0.25,44.12914440411049,0.6183231999730108,0.5871856596489915,457.77062126346334,10.0,0.833,0.002,1.5,1.5,10000.0,0.015
mean_params,5,1,mean_parameter_vector,same_grid,default,0|5|35|75|125|175|225,delayed,7,3,2100,0.125,36.59842278036616,0.9994437546394415,0.8546336583926948,411.2247302204519,10.0,0.833,0.002,1.5,1.5,10000.0,0.015
mean_params,5,1,mean_parameter_vector,same_grid,default,0|5|35|75|125|175|225,delayed,8,3,2100,0.125,36.162449149291106,0.9948502449957682,0.8546336583926948,411.2247302204519,10.0,0.833,0.002,1.5,1.5,10000.0,0.015
mean_params,5,1,mean_parameter_vector,same_grid,default,0|5|35|75|125|175|225,delayed,9,3,2100,0.125,36.77297560200489,0.9873466755772088,0.8209713493411535,417.874585372075,10.0,0.833,0.002,1.5,1.5,10000.0,0.015
mean_params,5,1,mean_parameter_vector,same_grid,default,0|5|35|75|125|175|225,delayed,10,3,2100,0.125,41.738836711822835,0.9993230983697191,0.7325411801050337,430.9784626066135,10.0,0.833,0.002,1.5,1.5,10000.0,0.015
mean_params,5,1,mean_parameter_vector,same_grid,default,0|5|35|75|125|175|225,delayed,11,3,2100,0.125,20.25993162100243,0.7671594271930605,0.8209713493411535,417.874585372075,10.0,0.833,0.002,1.5,1.5,10000.0,0.015
mean_params,5,1,mean_parameter_vector,same_grid,default,0|5|35|75|125|175|225,delayed,12,3,2100,0.125,21.168024941403512,0.7489737270069163,0.7325411801050337,430.9784626066135,10.0,0.833,0.002,1.5,1.5,10000.0,0.015
mean_params,5,1,mean_parameter_vector,same_grid,default,0|5|35|75|125|175|225,delayed,13,3,2100,0.125,23.973144783227827,0.7444108001724616,0.6049161259053866,456.1902690067712,10.0,0.833,0.002,1.5,1.5,10000.0,0.015
mean_params,5,1,mean_parameter_vector,same_grid,default,0|5|35|75|125|175|225,delayed,14,3,2100,0.125,8.062860113185648,0.40695636555597436,0.6049161259053866,456.1902690067712,10.0,0.833,0.002,1.5,1.5,10000.0,0.015
mean_params,5,1,mean_parameter_vector,same_grid,default,0|5|35|75|125|175|225,delayed,15,4,2150,0.0625,8.611006152638607,0.9996131670555346,0.874460855824228,387.1139450892626,10.0,0.833,0.002,1.5,1.5,10000.0,0.015
mean_params,5,1,mean_parameter_vector,same_grid,default,0|5|35|75|125|175|225,delayed,16,4,2150,0.0625,8.556328589106172,0.9971707559790451,0.874460855824228,387.1139450892626,10.0,0.833,0.002,1.5,1.5,10000.0,0.015
mean_params,5,1,mean_parameter_vector,same_grid,default,0|5|35|75|125|175|225,delayed,17,4,2150,0.0625,8.508847805157972,0.9946187946412192,0.873869541313312,387.2482723053681,10.0,0.833,0.002,1.5,1.5,10000.0,0.015
mean_params,5,1,mean_parameter_vector,same_grid,default,0|5|35|75|125|175|225,delayed,18,4,2150,0.0625,9.12328761741062,0.9995039316033768,0.8430971522021249,392.4943915679033,10.0,0.833,0.002,1.5,1.5,10000.0,0.015
mean_params,5,1,mean_parameter_vector,same_grid,default,0|5|35|75|125|175|225,delayed,19,4,2150,0.0625,10.417261005441974,0.9976554462674514,0.7688020890870574,403.56551495914573,10.0,0.833,0.002,1.5,1.5,10000.0,0.015
mean_params,5,1,mean_parameter_vector,same_grid,default,0|5|35|75|125|175|225,delayed,20,4,2150,0.0625,8.599321074293378,0.9986724236202575,0.873869541313312,387.2482723053681,10.0,0.833,0.002,1.5,1.5,10000.0,0.015
mean_params,5,1,mean_parameter_vector,same_grid,default,0|5|35|75|125|175|225,delayed,21,4,2150,0.0625,7.5733201546294255,0.928751267382589,0.8430971522021249,392.4943915679033,10.0,0.833,0.002,1.5,1.5,10000.0,0.015
mean_params,5,1,mean_parameter_vector,same_grid,default,0|5|35|75|125|175|225,delayed,22,4,2150,0.0625,9.365247216102139,0.9570560289374308,0.7688020890870574,403.56551495914573,10.0,0.833,0.002,1.5,1.5,10000.0,0.015
mean_params,5,1,mean_parameter_vector,same_grid,default,0|5|35|75|125|175|225,delayed,23,4,2150,0.0625,9.52401189628436,0.9958730627547695,0.8147537895531871,398.9332896083089,10.0,0.833,0.002,1.5,1.5,10000.0,0.015
mean_params,5,1,mean_parameter_vector,same_grid,default,0|5|35|75|125|175|225,delayed,24,4,2150,0.0625,10.677465506999306,0.9842980267443395,0.7365760551750513,410.88643878856493,10.0,0.833,0.002,1.5,1.5,10000.0,0.015
mean_params,5,1,mean_parameter_vector,same_grid,default,0|5|35|75|125|175|225,delayed,25,4,2150,0.0625,12.609085353224092,0.9677246883044472,0.6229824902410366,430.07773445240014,10.0,0.833,0.002,1.5,1.5,10000.0,0.015
mean_params,5,1,mean_parameter_vector,same_grid,default,0|5|35|75|125|175|225,delayed,26,4,2150,0.0625,6.018592820900084,0.8243563453419122,0.8147537895531871,398.9332896083089,10.0,0.833,0.002,1.5,1.5,10000.0,0.015
mean_params,5,1,mean_parameter_vector,same_grid,default,0|5|35|75|125|175|225,delayed,27,4,2150,0.0625,5.92371262948156,0.7667944436662586,0.7365760551750513,410.88643878856493,10.0,0.833,0.002,1.5,1.5,10000.0,0.015
mean_params,5,1,mean_parameter_vector,same_grid,default,0|5|35|75|125|175|225,delayed,28,4,2150,0.0625,8.018417552889765,0.7999933472385128,0.6229824902410366,430.07773445240014,10.0,0.833,0.002,1.5,1.5,10000.0,0.015
mean_params,5,1,mean_parameter_vector,same_grid,default,0|5|35|75|125|175|225,delayed,29,4,2150,0.0625,8.070523066626697,0.7736733747362493,0.5795440585261755,439.94585675173875,10.0,0.833,0.002,1.5,1.5,10000.0,0.015
mean_params,5,1,mean_parameter_vector,same_grid,default,0|5|35|75|125|175|225,delayed,30,4,2150,0.0625,3.929632107720755,0.5352215144332988,0.5795440585261755,439.94585675173875,10.0,0.833,0.002,1.5,1.5,10000.0,0.015
mean_params,5,1,mean_parameter_vector,same_grid,default,0|5|35|75|125|175|225,delayed,31,5,2200,0.03125,1.9284489387048203,0.9822359935622884,0.8839622439066921,366.9152943165382,10.0,0.833,0.002,1.5,1.5,10000.0,0.015
mean_params,5,1,mean_parameter_vector,same_grid,default,0|5|35|75|125|175|225,delayed,32,5,2200,0.03125,2.004825248630882,0.9970960628044664,0.8839622439066921,366.9152943165382,10.0,0.833,0.002,1.5,1.5,10000.0,0.015
mean_params,5,1,mean_parameter_vector,same_grid,default,0|5|35|75|125|175|225,delayed,33,5,2200,0.03125,1.8736532721533985,0.9710711807981386,0.8837892026835347,366.9573565526205,10.0,0.833,0.002,1.5,1.5,10000.0,0.015
mean_params,5,1,mean_parameter_vector,same_grid,default,0|5|35|75|125|175|225,delayed,34,5,2200,0.03125,1.9249764026466212,0.9806226395941241,0.8830387092887171,367.10484890724234,10.0,0.833,0.002,1.5,1.5,10000.0,0.015
mean_params,5,1,mean_parameter_vector,same_grid,default,0|5|35|75|125|175|225,delayed,35,5,2200,0.03125,1.961073702100372,0.9596045454206619,0.8549109855907003,371.61245951055673,10.0,0.833,0.002,1.5,1.5,10000.0,0.015
mean_params,5,1,mean_parameter_vector,same_grid,default,0|5|35|75|125|175|225,delayed,36,5,2200,0.03125,2.270699958184542,0.9468837566200847,0.7861864000295148,381.96434616722536,10.0,0.833,0.002,1.5,1.5,10000.0,0.015
mean_params,5,1,mean_parameter_vector,same_grid,default,0|5|35|75|125|175|225,delayed,37,5,2200,0.03125,1.9193770020672645,0.9802624549394529,0.8837892026835347,366.9573565526205,10.0,0.833,0.002,1.5,1.5,10000.0,0.015
mean_params,5,1,mean_parameter_vector,same_grid,default,0|5|35|75|125|175|225,delayed,38,5,2200,0.03125,1.683103503378431,0.9297212765090028,0.8830387092887171,367.10484890724234,10.0,0.833,0.002,1.5,1.5,10000.0,0.015
mean_params,5,1,mean_parameter_vector,same_grid,default,0|5|35|75|125|175|225,delayed,39,5,2200,0.03125,1.9406491008633133,0.9556326470553198,0.8549109855907003,371.61245951055673,10.0,0.833,0.002,1.5,1.5,10000.0,0.015
mean_params,5,1,mean_parameter_vector,same_grid,default,0|5|35|75|125|175|225,delayed,40,5,2200,0.03125,1.9631351907303167,0.8922775882982852,0.7861864000295148,381.96434616722536,10.0,0.833,0.002,1.5,1.5,10000.0,0.015
mean_params,5,1,mean_parameter_vector,same_grid,default,0|5|35|75|125|175|225,delayed,41,5,2200,0.03125,1.8851431700407133,0.972936557528359,0.883325939771927,367.0350389144819,10.0,0.833,0.002,1.5,1.5,10000.0,0.015
mean_params,5,1,mean_parameter_vector,same_grid,default,0|5|35|75|125|175|225,delayed,42,5,2200,0.03125,1.5221417855441526,0.8599379323500534,0.8498971273667335,372.83093388736114,10.0,0.833,0.002,1.5,1.5,10000.0,0.015
mean_params,5,1,mean_parameter_vector,same_grid,default,0|5|35|75|125|175|225,delayed,43,5,2200,0.03125,1.944568839969249,0.885944885683695,0.7833093840491624,382.6635332564693,10.0,0.833,0.002,1.5,1.5,10000.0,0.015
mean_params,5,1,mean_parameter_vector,same_grid,default,0|5|35|75|125|175|225,delayed,44,5,2200,0.03125,1.888507185095076,0.9181005562671827,0.827347777101679,376.63828652152506,10.0,0.833,0.002,1.5,1.5,10000.0,0.015
mean_params,5,1,mean_parameter_vector,same_grid,default,0|5|35|75|125|175|225,delayed,45,5,2200,0.03125,2.1905623092385405,0.9018934189490773,0.7541934409198469,387.83757218504695,10.0,0.833,0.002,1.5,1.5,10000.0,0.015
mean_params,5,1,mean_parameter_vector,same_grid,default,0|5|35|75|125|175|225,delayed,46,5,2200,0.03125,3.660714558191089,0.9910042938719984,0.6480270420029407,404.993391396996,10.0,0.833,0.002,1.5,1.5,10000.0,0.015
mean_params,5,1,mean_parameter_vector,same_grid,default,0|5|35|75|125|175|225,delayed,47,5,2200,0.03125,1.8647559714932305,0.9687966293854211,0.883325939771927,367.0350389144819,10.0,0.833,0.002,1.5,1.5,10000.0,0.015
mean_params,5,1,mean_parameter_vector,same_grid,default,0|5|35|75|125|175|225,delayed,48,5,2200,0.03125,1.2944566303617038,0.8009841731312208,0.8498971273667335,372.83093388736114,10.0,0.833,0.002,1.5,1.5,10000.0,0.015
mean_params,5,1,mean_parameter_vector,same_grid,default,0|5|35|75|125|175|225,delayed,49,5,2200,0.03125,2.1572635167508145,0.9247195461045785,0.7833093840491624,382.6635332564693,10.0,0.833,0.002,1.5,1.5,10000.0,0.015
mean_params,5,1,mean_parameter_vector,same_grid,default,0|5|35|75|125|175|225,delayed,50,5,2200,0.03125,0.9304415564967441,0.6654730215653987,0.827347777101679,376.63828652152506,10.0,0.833,0.002,1.5,1.5,10000.0,0.015
mean_params,5,1,mean_parameter_vector,same_grid,default,0|5|35|75|125|175|225,delayed,51,5,2200,0.03125,2.738122979148577,0.9861954774070116,0.7541934409198469,387.83757218504695,10.0,0.833,0.002,1.5,1.5,10000.0,0.015
mean_params,5,1,mean_parameter_vector,same_grid,default,0|5|35|75|125|175|225,delayed,52,5,2200,0.03125,2.6991424693811625,0.8762386350607445,0.6480270420029407,404.993391396996,10.0,0.833,0.002,1.5,1.5,10000.0,0.015
mean_params,5,1,mean_parameter_vector,same_grid,default,0|5|35|75|125|175|225,delayed,53,5,2200,0.03125,2.3552015740962817,0.9897069138845765,0.8151933137278176,379.59207951039434,10.0,0.833,0.002,1.5,1.5,10000.0,0.015
mean_params,5,1,mean_parameter_vector,same_grid,default,0|5|35|75|125|175|225,delayed,54,5,2200,0.03125,2.1484628385048965,0.8796710509289423,0.7387802837769573,391.58333281668826,10.0,0.833,0.002,1.5,1.5,10000.0,0.015
mean_params,5,1,mean_parameter_vector,same_grid,default,0|5|35|75|125|175|225,delayed,55,5,2200,0.03125,2.976884390027935,0.9010839870505836,0.6361408897391436,407.8819941685238,10.0,0.833,0.002,1.5,1.5,10000.0,0.015
mean_params,5,1,mean_parameter_vector,same_grid,default,0|5|35|75|125|175|225,delayed,56,5,2200,0.03125,3.66214623411324,0.9359431682299661,0.5924273415757351,415.9419138762742,10.0,0.833,0.002,1.5,1.5,10000.0,0.015
mean_params,5,1,mean_parameter_vector,same_grid,default,0|5|35|75|125|175|225,delayed,57,5,2200,0.03125,0.1313038561420249,0.1776650839541215,0.8151933137278176,379.59207951039434,10.0,0.833,0.002,1.5,1.5,10000.0,0.015
mean_params,5,1,mean_parameter_vector,same_grid,default,0|5|35|75|125|175|225,delayed,58,5,2200,0.03125,0.8164379594624505,0.548667900425092,0.7387802837769573,391.58333281668826,10.0,0.833,0.002,1.5,1.5,10000.0,0.015
mean_params,5,1,mean_parameter_vector,same_grid,default,0|5|35|75|125|175|225,delayed,59,5,2200,0.03125,0.33835081759201086,0.25835912105508596,0.6361408897391436,407.8819941685238,10.0,0.833,0.002,1.5,1.5,10000.0,0.015
mean_params,5,1,mean_parameter_vector,same_grid,default,0|5|35|75|125|175|225,delayed,60,5,2200,0.03125,1.3707635808509062,0.5910725009335136,0.5924273415757351,415.9419138762742,10.0,0.833,0.002,1.5,1.5,10000.0,0.015
mean_params,5,1,mean_parameter_vector,same_grid,default,0|5|35|75|125|175|225,delayed,61,5,2200,0.03125,1.8938174152115614,0.6829238971442161,0.5755295744919016,420.04843744263866,10.0,0.833,0.002,1.5,1.5,10000.0,0.015
mean_params,5,1,mean_parameter_vector,same_grid,default,0|5|35|75|125|175|225,delayed,62,5,2200,0.03125,1.1136536834813094e-05,1e-05,0.5755295744919016,420.04843744263866,10.0,0.833,0.002,1.5,1.5,10000.0,0.015
