0.0;0.0;0.0;0.0;0.0;0.0
0.0;0.0;0.0;0.0;0.0;0.0
0.0;0.0;0.0;0.0;0.0;0.0
0.0;0.0;0.0;0.0;0.0;0.0
0.0;0.0;0.0;0.0;0.0;0.0
0.0;0.0;0.0;0.0;0.0;0.0
0.0;0.0;0.0;0.0;0.0;0.0
0.0;0.0;0.0;0.0;0.0;0.0
0.0;0.0;0.0;0.0;0.0;0.0
0.0;0.0;0.0;0.0;0.0;0.0
0.0;0.0;0.0;0.0;0.0;0.0
0.0;0.0;0.0;0.0;0.0;0.0
0.0;0.0;0.0;0.0;0.0;0.0
0.0;0.0;0.0;0.0;0.0;0.0
0.0;0.0;0.0;0.0;0.0;0.0
0.0;0.0;0.0;0.0;0.0;0.0
0.0;0.0;0.0;0.0;0.0;0.0
0.0;0.0;0.0;0.0;0.0;0.0
0.0;0.0;0.0;0.0;0.0;0.0
0.0;0.0;0.0;0.0;0.0;0.0
0.0;0.0;0.0;0.0;0.0;0.0
0.0;0.0;0.0;0.0;0.0;0.0
0.0;0.0;0.0;0.0;0.0;0.0
0.0;0.0;0.0;0.0;0.0;0.0
0.0;0.0;0.0;0.0;0.0;0.0
0.0;0.0;0.0;0.0;0.0;0.0
0.0;0.0;0.0;0.0;0.0;0.0
0.0;0.0;0.0;0.0;0.0;0.0
0.0;0.0;0.0;0.0;0.0;0.0
0.0;0.0;0.0;0.0;0.0;0.0
0.0;0.0;0.0;0.0;0.0;0.0
0.0;0.0;0.0;0.0;0.0;0.0
#
0.0007327982133495343;0.0020572720593580425;0.022416105938468513;0.02571231464248476;0.027690889628686603;0.0283505618558913
0.0006567860243153766;0.001832125429114198;0.01884952387762168;0.02162279846846072;0.023287664405371042;0.023842774624623357
0.0006205427181892618;0.0017258048476481347;0.01730535409276366;0.01985192385250554;0.02138075262687809;0.02189051435741029
0.000594870072506617;0.0016507937213997262;0.0162336746647277;0.018622828637430696;0.020057188283244362;0.020535456761179027
0.0005744516124580326;0.0015914305532618459;0.015392244947269882;0.017657806479481123;0.01901799576923612;0.01947153809439217
0.0005564098467039154;0.0015390949755660337;0.014684847358469786;0.01684644468326568;0.018144235886692745;0.018576975372032414
0.0005404329458452842;0.0014929050439938013;0.014069247536397947;0.016140342105503257;0.01738381108034059;0.01779843951625513
0.0005260254999854266;0.0014514472542243668;0.01351749305074512;0.015507481890332412;0.016702271074338148;0.017100669943526544
0.0005124560573265682;0.0014125461494744432;0.013013301098579561;0.014929157705557776;0.016079450134128835;0.016463013621735634
0.0004993417550333746;0.0013748919921888893;0.012544516156543326;0.014391409577669984;0.015500304932525114;0.01587006589330121
0.00048698807923917;0.00133956912651861;0.012102073523451816;0.013883880138761233;0.01495370603695934;0.015310440597226723
0.0004750801809234124;0.0013056420757827903;0.011684304156215462;0.013404648627214754;0.01443758010892689;0.014782013414857438
0.00046330142385378145;0.0012721529200210356;0.011284831805975518;0.01294637781053906;0.013944012940174387;0.01427667725448013
0.0004512838693014061;0.0012380803223283464;0.010898286363684229;0.012502918732917428;0.0134663889939268;0.01378766168201057
0.00044010184937403924;0.0012064122603174135;0.010522576160407249;0.012071899098566239;0.01300216760124229;0.013312369683460498
0.00042848218008643214;0.0011736054731030668;0.010153537994682845;0.011648505482614181;0.012546146418206132;0.01284546984944548
0.00041818166843689833;0.001144578447216817;0.009793278454854594;0.011235214510839529;0.012101024592476715;0.012389735294696029
0.00040632224965117775;0.0011112160216151892;0.009435645165614858;0.010824873187551716;0.011659045968161324;0.011937207558237154
0.0003949849164291889;0.0010794347710848093;0.009078531571419768;0.010415147448538217;0.011217743447838806;0.011485377150786444
0.0003823399939190364;0.0010440659489333942;0.008722684141080793;0.010006828572806326;0.010777926216257804;0.011035056986111052
0.0003709826781384915;0.0010123166109830197;0.008362632966074104;0.009593685405054071;0.010332923974554787;0.01057943328083355
0.00035781756660401866;0.000975612079732574;0.007996560615867636;0.009173604290174784;0.009880422231520813;0.010116121830046412
0.0003441551454715293;0.000937660240333923;0.007622226435123673;0.008744016283521143;0.009417671533232292;0.009642314568308014
0.0003302259609033393;0.0008990504128157807;0.007235740858645872;0.008300480318933537;0.008939895322996584;0.009153123616108146
0.00031561232369833577;0.0008585709658737942;0.006831483883574237;0.007836517672659032;0.008440088605684954;0.00864136636627648
0.0002988130889092412;0.0008121951481185596;0.006402291650795566;0.007343917604501099;0.007909418378040479;0.008098001913508637
0.00028004188361262624;0.0007604703046306394;0.005937674130752615;0.006810624308150042;0.007334877592335557;0.007509707457447068
0.00025906838395212454;0.0007028591268051348;0.005426917334698445;0.006224405057005639;0.006703326089982227;0.006863038704833016
0.00023477882799206724;0.0006363026643535082;0.004850867724911458;0.005563297988202688;0.0059910955267672055;0.0061337542238909
0.00020372348993621088;0.0005514551119154056;0.004160641771752026;0.004771259984127663;0.005137851447796993;0.005260090394919503
0.0001598428889314386;0.00043196289325919413;0.0032466318516096424;0.0037227473720348844;0.004008490264756777;0.0041037550228778695
8.027146613886816e-05;0.0002164020951498828;0.0016506511116778032;0.0018926608364347914;0.002037857558202736;0.002086256244643743
#
0.001503907784033872;0.004452035996002071;0.04491495052403123;0.05153374643438725;0.055508472469789315;0.05683396715584376
0.00134152049281228;0.00393475424034588;0.0377866690183582;0.04336101406652494;0.04670925846798167;0.0478259556566297
0.0012654732018805828;0.003694796430241692;0.03469691770649831;0.03981737894338914;0.04289323158553618;0.0439191205061189
0.0012108003067630194;0.003522956430705599;0.032551567364458016;0.03735649861957191;0.04024294410899175;0.04120568190617163
0.0011685881959288152;0.003391133035316061;0.030867277648709005;0.035424624264522774;0.038162465477536024;0.039075659174850466
0.0011310788211771386;0.003274135526057704;0.02945055762707148;0.03379932420634061;0.03641193219481412;0.03728336691746508
0.0010966673717906384;0.003167208493773859;0.02821727707830676;0.03238431326049557;0.03488778946025842;0.03572283103664567
0.0010676414338970735;0.003077348279676311;0.027112074663697486;0.031116435904940412;0.03352224572970138;0.03432472133743135
0.0010388146352061217;0.0029884705360167306;0.026101961874944974;0.029957433342110713;0.03227382725651985;0.03304648362056103
0.0010110123792227027;0.0029027544880804034;0.02516233063827253;0.028879200568948393;0.03111234485054198;0.03185723633337246
0.000986629918743085;0.0028277495165801676;0.02427554023193355;0.027861707724602548;0.03001635969944995;0.030735075047129776
0.0009617688134596323;0.0027516912939829575;0.023438127139739445;0.026900793726593895;0.02898126891050171;0.02967524573813801
0.0009370608952324976;0.0026761685168877527;0.022637132333164143;0.025981532603832107;0.02799095832254794;0.028661236844679177
0.0009125676791061581;0.002601560326099002;0.021861862279899433;0.025091776224551814;0.027032421110433576;0.027679757648106748
0.0008892014252596809;0.0025305244707193673;0.021108447604740524;0.024227114724913106;0.0261009264612516;0.026725970918509707
0.0008656944981591482;0.002459314712442181;0.020368204506472923;0.02337756417398607;0.025185707200318444;0.025788847862345428
0.0008443302954233119;0.002394579802607293;0.019645804370942568;0.022548536873973;0.02429262698124579;0.02487440372405778
0.0008199911458853182;0.002321262173916988;0.018928174490499234;0.021724848006108008;0.023405209900316568;0.023965728255133295
0.0007972023068792407;0.002252646716004711;0.018211882627793767;0.02090276305754239;0.02251956484302584;0.023058882268312833
0.0007705551085747408;0.0021730955853011187;0.017497534713076773;0.020082718266218786;0.021635994441509543;0.022154118575566224
0.0007475348866653731;0.0021039852797862524;0.0167749913554113;0.019253381689650878;0.020742487495587197;0.021239205590023572
0.0007204579868579352;0.0020235498946744026;0.016039974146226845;0.01840964253255267;0.019833408656651747;0.020308328912111876
0.0006931360648773822;0.001942485958658286;0.015288343517876495;0.01754680388362386;0.018903732809558736;0.01935635507232236
0.0006647418797549363;0.00185884042481602;0.014512395743600961;0.016656143872435712;0.01794414107549427;0.01837376848155061
0.0006345524923586867;0.0017697727747698609;0.013700370156636856;0.015723908051821917;0.016939649773767867;0.017345170230944867
0.0006004063364446444;0.0016699731645340935;0.012838093480935665;0.014733995310605975;0.01587302071223127;0.016252946221777555
0.0005625945141012942;0.0015599044053113578;0.01190419911310176;0.013661809235794457;0.014717707833473447;0.015069898797654906
0.0005201879267811136;0.0014375067594521824;0.010877699730369776;0.012483362402832428;0.013447939334771855;0.01376966320493845
0.0004708380546721447;0.0012961935083024147;0.00971981493923689;0.011154042172835632;0.012015588337253389;0.012302938901355703
0.0004079044656235484;0.0011178918043597658;0.008332341055731506;0.009561039285145552;0.010299093500927718;0.010545248277780547
0.0003199011682226685;0.0008718797881388765;0.006496335148867731;0.007452831533171931;0.00802735264083903;0.008218960515999784
0.00016042605417561853;0.0004343441884288126;0.003300085104898022;0.0037845129521734463;0.004075319578713215;0.004172283603091974
#
0.002328053421567324;0.007187178658186001;0.06749762173465358;0.07746605034936643;0.0834549593264754;0.08545259554011014
0.0020691351946219645;0.006310433748814949;0.056812129303110595;0.06521570378483924;0.07026608358334153;0.07195093679207468
0.001947791732968018;0.005905810012793987;0.05217529986098768;0.059897264904303624;0.0645385307494876;0.06608698620782812
0.0018623961839559133;0.005622258855756408;0.048953980427362376;0.05620165397155236;0.06055814843047193;0.062011646193420554
0.0017944504542546783;0.0053992442843853895;0.04642558044513734;0.053301155831021366;0.057434258212507215;0.05881326883161939
0.0017350582323237607;0.005204309355145767;0.04429750708485936;0.05085912408068819;0.05480364410288226;0.056119758618300104
0.0016805645416243349;0.00502666665560856;0.042444162037482185;0.04873210469170431;0.052512209196158746;0.05377348270941919
0.0016351286365375954;0.004879045408697035;0.04078412921189815;0.04682736638407661;0.050460510684069496;0.05167277403543536
0.0015891376533899901;0.004730497460626032;0.039266035091184814;0.04508493715649099;0.04858328728628422;0.049750586502019634
0.0015455494598231422;0.004589942625569422;0.03785323850163969;0.04346318757225418;0.046835964321783316;0.04796137163844878
0.0015069330531996626;0.004465638161306526;0.03652057783277505;0.041933680370039604;0.0451881902622542;0.04627414832430526
0.0014674111070927765;0.004339181035894646;0.03526173452349369;0.040488592390044625;0.04363116832282834;0.04467978340536443
0.0014293967883666856;0.004217668052475578;0.034056891793940045;0.039105396826025984;0.04214076992506817;0.04315361844346878
0.0013914501490490756;0.00409687360477204;0.03289073230074193;0.03776650782604348;0.0406980456106057;0.04167624898684666
0.0013534545120150578;0.003976227631557254;0.03175767388386416;0.036465442227967465;0.03929596149353562;0.04024045591257788
0.0013174146712696137;0.003862299204863989;0.030644152885589783;0.03518708130806382;0.03791851930619338;0.03882995668934358
0.0012837300450553892;0.0037556182772081454;0.029557811656021494;0.03393989113502051;0.036574642813614194;0.0374538215191524
0.0012457550996108882;0.0036362968451607194;0.02847799916497212;0.03269989551708225;0.035238324434803;0.036085359693961025
0.0012101750684445525;0.003524392572927671;0.027400522113257015;0.031462721415491696;0.03390513684719631;0.034720134661158863
0.0011693132003354361;0.003397231717434367;0.02632502570140805;0.030227472116015258;0.03257379800381348;0.03335672592937653
0.0011321971693846178;0.00328076233609823;0.025237900198045983;0.028978936005419422;0.031228183693481303;0.031978713193592294
0.001091371812294918;0.003154435453151425;0.024131376077309905;0.027708241123260004;0.029858765129709176;0.030576349456769347
0.0010498070278857376;0.0030256582841807892;0.022999890684871162;0.02640870309283032;0.028458147377994406;0.02914199669809163
0.0010047090098903345;0.002887074984413249;0.02183223886225795;0.025067622592646176;0.027012753063148508;0.0276617879127596
0.0009594367911670059;0.0027476241639109696;0.02060937487700893;0.023663089751969835;0.02549894528229545;0.026111509100532088
0.0009060114316660415;0.0025846922122820734;0.01931108409315983;0.022171677961829832;0.0238913400882331;0.024465118828934113
0.0008486146819496169;0.0024103779776513084;0.017904685775518677;0.020556146315012368;0.022149989366918622;0.022681771381681256
0.0007837097782575216;0.0022150887653880538;0.01635907699026934;0.018780809497050393;0.020236456112844546;0.020722112151029565
0.0007087466180978998;0.001991256284637854;0.014615527553157277;0.016778070914042972;0.018077793587384205;0.0185114059012463
0.0006133743789391115;0.0017101901642908664;0.012526128822712493;0.014378134753740755;0.015491052974154778;0.015862315820813443
0.00048024342627925293;0.0013249160069257215;0.00976071856738336;0.011201824417146945;0.012067615875478123;0.012356402192002021
0.00024056805332406563;0.0006548782306586673;0.004952169989558727;0.005680737871802087;0.006118278166001602;0.006264191933931592
#
0.0032014109424818157;0.010264980360455539;0.09016524811290373;0.10351100594061892;0.11153259997662841;0.11420884392473443
0.002837344959519355;0.008963097209967345;0.07592634521732723;0.08718777995231654;0.09395940205131248;0.09621908880962594
0.0026668262741392935;0.008364455470401667;0.06974076454153696;0.08009225710899671;0.08631763341033043;0.08839518992753094
0.002546112320618078;0.007943085678052216;0.0654417078070523;0.07515928372766331;0.08100393140131244;0.0829545142180434
0.0024522876305695697;0.007618847209964798;0.06206763471165697;0.07128801773505569;0.07683409309693008;0.07868510818103407
0.0023680445089579584;0.007329169760274649;0.0592258874027732;0.06802614493358776;0.07331976006007394;0.07508655686955407
0.0022928940266408746;0.007072686518174059;0.05674991076183326;0.06518399937654719;0.0702575631444618;0.07195095054609651
0.0022288544458504986;0.006854296208601685;0.05453384499777504;0.06264043364047372;0.06751721251723532;0.0691449569057406
0.002165104628959158;0.006639239137269149;0.05250563226983308;0.06031192414426308;0.06500819559525375;0.06657571544636658
0.002103442431195563;0.0064311121137799925;0.050617600928227535;0.05814356661030102;0.0626712393713392;0.06418249201870346
0.0020518469436954434;0.0062579932108345416;0.04883713201450433;0.05609998754074649;0.06046956719328212;0.061928083853264614
0.0019943647304701433;0.006066206466414865;0.04715490236173756;0.054167753752574224;0.058386943076583674;0.059795264558534525
0.0019423394548794143;0.00589271203745661;0.045544185110111816;0.05231797624248807;0.05639339687262461;0.057753739637827116
0.001889405521890365;0.0057173210971248915;0.043985239643495135;0.05052732581409747;0.054463361257899516;0.05577718152400941
0.0018361267116470308;0.005541753876345438;0.04246978676254518;0.04878645853092939;0.05258687187957319;0.05385542215263262
0.0017889886468798505;0.005386352545137054;0.040981220370312856;0.04707703857148418;0.05074464195456999;0.051968872211080305
0.0017383337636786285;0.00522012710930582;0.03952913131237648;0.04540887551225609;0.04894646625798717;0.050127297247712053
0.0016878122250636818;0.005055675214809183;0.03808470032297917;0.04374971766001205;0.04715813152077314;0.048295846382898695
0.0016384614551418094;0.004894474058663773;0.03664378944232155;0.042094390238646494;0.04537378806656667;0.04646843619186816
0.001581424939784681;0.004710906051991916;0.03520489768935412;0.040440884559576624;0.04359108729509875;0.04464259889508619
0.0015302141277791638;0.004544707054868041;0.03375033266289686;0.0387695879197054;0.04178934730248951;0.04279731002447583
0.0014727103754771102;0.004360813022840414;0.03227030024838369;0.037068995337303005;0.039956002994013216;0.04091964549876006
0.0014166630978520844;0.004181213976792973;0.030756144582854094;0.03532914798606801;0.03808030974117048;0.038998598076410124
0.0013536619648033044;0.003981406124271444;0.029193917876043304;0.033533851787061884;0.036144701155892946;0.037016139849362785
0.0012921740454718354;0.0037859289876823847;0.027557507855969953;0.031653467892644234;0.03411745994425454;0.03493986693968796
0.0012183115304952405;0.003553545113630329;0.025819524285544706;0.029655732647496887;0.03196329342136019;0.03273345950446652
0.001140117478443718;0.003308674252382623;0.023936972798636994;0.027492122000258624;0.029630455490793097;0.03034411337404719
0.0010512980173492444;0.0030330339762136313;0.021868536076221915;0.025114850834987778;0.027067230575057027;0.02771879450011959
0.0009494828362201262;0.0027198241621064372;0.019534865124587027;0.022432911787062054;0.02417561448876346;0.024757166108296976
0.0008203439702341085;0.002327581653775861;0.016738597069484773;0.019219296840231888;0.020710728154452695;0.021208378041309484
0.0006410665846070468;0.001793262482727276;0.013037926854193421;0.014966752540193777;0.016125975619757326;0.01651270754633567
0.00032077371443760716;0.0008791223618316821;0.006608458273448182;0.007582457213491634;0.008167501436008542;0.008362623606453158
#
0.0041242073349982205;0.013689038616654567;0.11291893578027383;0.12967034675117317;0.13974353972801648;0.14310501897708208
0.003645291964673034;0.011893790535261132;0.09513013870510777;0.10927852522379525;0.11779079629733646;0.1206321133155746
0.0034206428813942868;0.011068840098586035;0.0873943847127552;0.10040369427602971;0.10823203420671594;0.11084529171200852
0.0032632831799293883;0.010494584029514803;0.0820145593868063;0.09422965466970797;0.10158087767551333;0.1040349970144725
0.003138954455350209;0.010045565403341873;0.07779368690275727;0.08938554054096026;0.09636234200334814;0.09869157388087316
0.003028848467973855;0.009650560145148503;0.07423570808924562;0.08530061976005869;0.09196066011284983;0.09418420486477633
0.0029324779738591194;0.00930757320553921;0.07113515008285093;0.08174091205780447;0.0881249490846809;0.09025640651468482
0.0028458194685098345;0.008998946581799968;0.06836153227492837;0.0785557612040682;0.08469232097359874;0.08674119248644262
0.0027650908248572988;0.008715008111190572;0.06582082437489675;0.0756383614523174;0.08154843027342391;0.08352172497102543
0.002685124124089865;0.00843444370405148;0.06345485796114839;0.07292031078408713;0.07861852627797285;0.08052110223613794
0.002616531830541911;0.008194616456983717;0.06122588905823159;0.07036092396294222;0.07586047798247829;0.07769676451874187
0.002541904227261163;0.007936043324472834;0.05911738440549872;0.06793820929966851;0.07324864618019966;0.07502179467485712
0.0024754695983442024;0.007705266756517419;0.057098668983148575;0.06561905547666103;0.07074871141643936;0.07246151285637178
0.0024042871581144982;0.007460092986931748;0.05514527131951292;0.06337383500929404;0.0683277602964343;0.0699818782791746
0.002337764048767784;0.007232803955877765;0.05324473084401862;0.06119020155764931;0.06597375371816076;0.06757099404725136
0.0022760168639385883;0.007021528763391634;0.05137965543630729;0.059047509652894604;0.06366400803918808;0.06520548272572659
0.0022098197575492157;0.00679631615912782;0.049559118524415205;0.05695504473947871;0.061407798392681824;0.062894593133012
0.0021441718330347005;0.006574485507664373;0.047748671377495056;0.05487428916363959;0.05916428692096564;0.06059673416555507
0.0020803140334858332;0.006359233403550351;0.045941420316612594;0.05279751337546344;0.056925264105646425;0.058303539923701235
0.0020067783273511873;0.006113850905624323;0.04413689667908433;0.0507224589077519;0.05468718620142204;0.05601100300297498
0.0019405075375719682;0.0058920210324907955;0.04231238250402638;0.04862526445505298;0.05242577493646115;0.05369475096216888
0.0018666389137894127;0.005647820394320855;0.04045610465847839;0.046491176933649785;0.05012433541055008;0.051337416021718596
0.0017937797319520184;0.005406813078036537;0.038557090992129756;0.044307878483321864;0.04776977484299826;0.048925652458980236
0.0017127210809134124;0.0051427041391143265;0.036596959525337834;0.04205436411520036;0.04533952352629856;0.04643637054138582
0.0016332941505896076;0.004882488658007981;0.03454445448576739;0.039694517128879364;0.042794514482054076;0.043829514230521775
0.001538311337896041;0.0045752458328538765;0.03236313327385622;0.03718571676157724;0.040088318045239574;0.04105736720234603
0.0014374362856291849;0.004250849478235803;0.030001043969464715;0.03446942375815852;0.03715856980147952;0.03805631119283488
0.0013246083570832691;0.0038918217821339992;0.02740547853622058;0.03148488488458889;0.03393965118218279;0.034759099502739164
0.0011936699218442735;0.0034788758966220507;0.024477713486603162;0.028118268847641386;0.030308589918276393;0.031039700099173916
0.0010296326964575537;0.002968774126553509;0.020969157477748704;0.02408403353401203;0.025957615332188128;0.02658292306157932
0.0008031594370580598;0.0022776693634641593;0.016326769131576154;0.01874674019773367;0.020201697385310826;0.020687182297110248
0.000401033821588075;0.0011074930761321615;0.008268775191136559;0.009489218671231677;0.010222437969999464;0.010467003991711207
#
0.0050973753670276204;0.017464318627836845;0.13575955243150362;0.1559456964211479;0.16808993172704703;0.17214348489419318
0.004493236777489193;0.015104801317928252;0.11442414758234609;0.13148911964720228;0.1417618257224521;0.14519172374049125
0.0042088172756592265;0.014018210647598523;0.10513661266652813;0.12083215708979517;0.13028239733928515;0.13343800186366217
0.004013140216627016;0.013274923788348228;0.09867381986517758;0.1134142334130951;0.1222905611323268;0.12525472012528827
0.003853866598767732;0.012677971023502361;0.09360394239461815;0.10759402875072331;0.11601937640157114;0.11883307621709642
0.003718130573094344;0.012171224779068991;0.0893272693327702;0.10268297118703763;0.11072684901656654;0.11341325080130006
0.003597724717695206;0.011726411884452012;0.08560074237714321;0.09840354341588858;0.10611493443612142;0.10869038154016097
0.0034902682068140216;0.011328888594225223;0.08226574432718672;0.09457268199406509;0.10198575774464962;0.10446163231353348
0.0033864194364128576;0.010949798001147891;0.07921226419553774;0.09106467865905711;0.09820424699057771;0.10058881904562313
0.0032887018906975307;0.010595239006895638;0.07636544606315068;0.08779381130539603;0.0946781748779537;0.09697754838941341
0.003202155045296956;0.010281027122134257;0.07368630732234241;0.0847162158814046;0.09136085149349925;0.09358020574670767
0.003110163808449009;0.00995010799122008;0.07114950400684775;0.08180014148113592;0.08821635161503778;0.09035941931304423
0.003025674423918105;0.009646695150616067;0.06872119170392714;0.07900919455822099;0.0852070491521944;0.08727720163296282
0.0029370218367002873;0.00933006623827174;0.0663698506973472;0.07630510840144944;0.08229036849083306;0.08428949734527265
0.0028566490901040494;0.009046104185469387;0.06408278186403595;0.07367686494303487;0.07945673561558297;0.08138728640137459
0.0027790678353338733;0.008771528367371141;0.06183921289192574;0.07109823883127478;0.07667635801465936;0.07853953794762408
0.00269712743052151;0.008483328796180481;0.059647524922518194;0.06857808350697477;0.07395827934201021;0.07575534350215986
0.002613316842075852;0.008190209368144038;0.05746930950736802;0.06607283601044413;0.0712559031342641;0.07298710535106123
0.0025365458570998658;0.007923438056759387;0.05529358915582799;0.06357229059860331;0.06855977934991338;0.0702256740685249
0.0024427203099736555;0.007599534963298045;0.05312096117924844;0.06107169757350395;0.06586128250668341;0.067461021016132
0.0023631852055803985;0.0073253738331206415;0.05092368643731138;0.058545600268452534;0.06313710579839292;0.06467068604873205
0.0022713359181336296;0.007011819736912922;0.048688749486132527;0.05597457862026605;0.06036343427529406;0.06182929722382049
0.002182034956553648;0.006707819941042601;0.04640163187142194;0.05334402080700962;0.05752585032034642;0.05892254336419008
0.0020796429810644524;0.006364191847845782;0.04404189826741161;0.05062910788773585;0.05459673465731834;0.055921843384327714
0.0019841393478462034;0.006042635053773906;0.04156944784338788;0.04778558526553494;0.05152955307351796;0.05277993861737238
0.00186452466244761;0.005644865664962421;0.038941929429427126;0.04476126535594092;0.04826577116833586;0.049436104878905936
0.0017410919029047138;0.0052380090801652695;0.03609637657553629;0.04148746952757603;0.04473371636398221;0.04581774382960843
0.0016039375230485682;0.004790922404669873;0.03296992036442397;0.03789077548401877;0.040853471160614975;0.04184274565882315
0.0014425130106812567;0.004270468676797069;0.02944338494988379;0.03383344307821631;0.03647602458934617;0.03735832039188095
0.001241364741429004;0.0036316680436656932;0.025217739493889675;0.028972047016960156;0.031231251424434208;0.03198543215583101
0.0009663465746733073;0.0027757560209704874;0.019627095142832653;0.022541590893052178;0.02429451922196618;0.024879541016468026
0.0004814152618659473;0.0013401071631750927;0.00993285962564702;0.011400750895497833;0.012282820811173791;0.012577069271345661
#
0.006120585883659205;0.02159137296954095;0.15868838246124597;0.18233892043285668;0.19657407490091852;0.2013266434763609
0.0053816432143482485;0.018598515715512368;0.13380950608844583;0.15382113721884355;0.16587439266802764;0.16989989546940207
0.00503282506385755;0.01721812780067399;0.12296749018738644;0.14137809010580005;0.15246948635978969;0.15617415967269652
0.004794074573728994;0.01628022058156643;0.11541951661271868;0.13271338676767364;0.1431336203066;0.146614383085954
0.004600610814849055;0.01552788933416391;0.10949808764780708;0.1259134906384767;0.13580546832782636;0.1391099482423302
0.004436062578242373;0.014892903614461616;0.10450053198874243;0.12017354035944665;0.12961896780684284;0.13277441062214076
0.0042888981760549096;0.014330277965033972;0.10014666669734895;0.11517197391512732;0.12422769663667296;0.1272530559955107
0.004156201901458289;0.013823236609992942;0.09624890390546925;0.11069278901923228;0.11939849478859202;0.12230698676647354
0.004032636649496436;0.013356419560551003;0.09267855554663652;0.1065901096471493;0.1149753817538751;0.11777688897411234
0.003915776576094405;0.012917939727807337;0.08935010633019717;0.10276476545385292;0.11085085815777418;0.11355246424433843
0.0038063583813819787;0.01250894741548509;0.08621893095432719;0.09916599525575183;0.10697053199919963;0.1095781186858847
0.003697451356843822;0.012104061302363217;0.08325054013927417;0.09575296408038068;0.10328960302641801;0.10580770402729356
0.0035949013523571133;0.011722514138146687;0.08041139993460761;0.09248786119336111;0.09976777352460797;0.10220010664566766
0.0034887985854889637;0.011332732915873972;0.07765833201417331;0.08932105895423957;0.09635153235940384;0.0987005186572741
0.0033931199797944253;0.010983118331598268;0.07498371838726023;0.0862462784392544;0.09303570581306907;0.09530418504145437
0.0032965276252926736;0.010630741894117682;0.07236015129507035;0.08322909188968819;0.08978128588690566;0.0919705095954348
0.003195508799654434;0.010264426860046087;0.06979606847373268;0.08027874851955598;0.0865979562296896;0.08870931210707445
0.003100314669770203;0.009921206374692897;0.06724465604222107;0.07734425729734783;0.08343255022948443;0.08546675585407107
0.0030035300645657806;0.009574699222399834;0.0647011633657021;0.07441879167292435;0.08027682639651562;0.0822340995182144
0.0028932330304511492;0.0091827476557111;0.06215526699131028;0.0714874888290831;0.07711282678081378;0.07899229143303337
0.002797114755605513;0.008841162884382556;0.059584616541252675;0.06853053288539634;0.0739229704375994;0.07572461470277853
0.0026843008176129766;0.00844583653914506;0.05696811976784208;0.06551879594651024;0.07067270115968226;0.0723946024973321
0.002579192277400497;0.008076797969702013;0.054290708903069265;0.06243785276638845;0.06734832975186082;0.0689888694249751
0.0024570151053066045;0.007656484621786169;0.05152697344371638;0.05925685870146526;0.06391554153195747;0.06547190919919472
0.0023400337591369742;0.007251335784702432;0.04863370441914784;0.055926976862787324;0.06032221043180556;0.06179051391239577
0.002198879013424897;0.006770102634863316;0.0455546692939308;0.05238139830236432;0.056494896042353956;0.05786898505958577
0.0020523652562374566;0.006274955051270153;0.04222241643065754;0.04854571425801707;0.05235537654592113;0.05362788998780215
0.0018879628514982057;0.005726508580440604;0.03856165241864037;0.04433207001303916;0.04780807459963838;0.04896904615106999
0.001695989784200761;0.005094110811585576;0.034431903359096676;0.039578340983213486;0.04267774771066171;0.043712817144654005
0.0014559290509443459;0.004316509522037948;0.02948397001420515;0.03388287149106129;0.03653111701380299;0.037415358026252114
0.0011307996303858824;0.0032868216986648743;0.022938719092138;0.026351018555952135;0.02840408857624897;0.029089400146209442
0.0005621411915560641;0.0015774120338442697;0.011600502202596884;0.013316872868595257;0.014348482073912644;0.01469265189605901
#
0.00719606715447687;0.026080524677149292;0.18170582244170141;0.2088516868320716;0.2251985056371425;0.23065737496832642
0.0063075135595529715;0.022364839083874606;0.15328754666840655;0.17627572024584573;0.19012944111607177;0.19475752346383476
0.005893761896418904;0.020673416167100583;0.1408873923273845;0.16204237022149937;0.1747945001493704;0.17905510346863399
0.005608788937869225;0.019519733616825102;0.13225237328522693;0.15212823780764714;0.16411142204005943;0.16811546167563152
0.005373477404955642;0.018575648877838337;0.12547789406280224;0.14434515566342374;0.15572139323214007;0.15952281808450644
0.0051834176628277485;0.017818053067228255;0.11975616036570307;0.13777313214117579;0.14863788200607475;0.15226859058217682
0.005005461245115469;0.017117896261563955;0.11477280108544856;0.13204616390080043;0.14246322992618418;0.14594445620545635
0.0048486788459176184;0.01649997561881292;0.11030914234396577;0.12691504111296897;0.13693009611270793;0.14027706212073374
0.004701097715014566;0.015925446140403164;0.10622103136905811;0.12221558885715428;0.1318624312336055;0.13508642403462398
0.0045649349876158325;0.01539899104802427;0.10240841416369452;0.11783288113352813;0.12713636276307377;0.13024568327496602
0.0044323196172397295;0.014888406752484998;0.09882319415193964;0.11370988665750636;0.12268926797790189;0.1256903148545356
0.0043052395337162515;0.014402632782296133;0.09542111090585262;0.10979751614929262;0.11846936490344774;0.12136767336497539
0.004180022958426695;0.013921997205329831;0.09216890822061347;0.1060541625688873;0.11442960969830797;0.11722883158531715
0.004060245215211135;0.013470133954607659;0.08901144669121167;0.10242250168303171;0.11051209266843358;0.11321580561334098
0.003944019319212308;0.013032025549032834;0.08594854058779518;0.09889869413054506;0.10671033680830005;0.10932116495985297
0.0038296115824070194;0.012603391347524744;0.08294183328412548;0.0954395531890146;0.10297835548434035;0.10549800602282167
0.0037094270886543;0.012155167030261305;0.08000229346233752;0.09205520500844644;0.09932546806466934;0.10175532905463552
0.003601763837329346;0.011756083330974715;0.07707633515651138;0.08868982091269481;0.09569519065614607;0.09803654680887973
0.003484454490197687;0.011323703390336807;0.0741625983534299;0.0853357822083681;0.09207540502438215;0.09432791716198617
0.0033540568822773426;0.010848620776974545;0.07124115003379268;0.08197039296093932;0.08844177744843991;0.09060456375696438
0.0032411956873136753;0.01043579714131204;0.06829494820606506;0.07857966300939022;0.08478283086555992;0.0868559609242068
0.003108749661590367;0.009960259838612987;0.06529321552616255;0.0751230265976679;0.08105147890103141;0.08303274077222239
0.0029857653891032254;0.009516227779507835;0.0622233229690617;0.07158852362473848;0.07723647259850547;0.0791239430315126
0.0028421725221523006;0.009010258836087432;0.059053284389240804;0.06793808937151785;0.07329592997107605;0.07508638497309009
0.0027048024830120996;0.008522586291525311;0.05573484366382856;0.06411698961139699;0.06917130398549981;0.07086026090111486
0.0025390792193396975;0.0079429285556204;0.0522023406540325;0.06004643036364614;0.0647754904919726;0.06635562499989676
0.002369877321038454;0.007357861146903518;0.048379245432599256;0.05564404789963838;0.06002328841033098;0.061486440822703804
0.0021762816294450954;0.006697676197802797;0.04418047924148125;0.050808419892564155;0.05480299511802192;0.056137499999537606
0.001953401370940537;0.005947902280254179;0.039443156873081586;0.045352695871542205;0.04891337320850059;0.05010276806410856
0.0016735784602320922;0.0050239864144655776;0.03376751447210463;0.038816100232989724;0.04185675116454916;0.042872226667428584
0.0012971803106198666;0.0038122777806319148;0.026261375144380247;0.030174755606105698;0.03253013497879931;0.03331649329310873
0.0006430870462673256;0.0018186431142608408;0.01327169489945166;0.015237523084133711;0.016419315056835086;0.01681363092204557
#
0.008322848052122843;0.03092892777592735;0.20481434548411775;0.23548668000516523;0.2539660403809254;0.2601385336388728
0.00727461294347114;0.026418796086547857;0.1728573706751075;0.19885315291583724;0.2145281467398965;0.21976610491789478
0.0067894150250241364;0.024377597757835937;0.15889708996968185;0.18282592693898897;0.19725848757174327;0.20208192055685836
0.006457143812954781;0.022992554741857005;0.14917316068485154;0.17165944615027426;0.1852245490934966;0.18975850622786136
0.006177414714874431;0.02183969542441236;0.14154144031418237;0.1628880140124303;0.17576685134738987;0.18007164510522103
0.005957969470032104;0.02094094571240997;0.13509436379336048;0.15548232479715857;0.16778444874840318;0.171896745641764
0.005748434797025579;0.02009133808399307;0.12947996844919923;0.149026608845129;0.16082179346982903;0.16476475147454844
0.005564109404430519;0.019346525109912333;0.1244476968267181;0.14324031119382813;0.15458116361592053;0.15837235697261806
0.0053945224906991746;0.018667429239848526;0.11983868754355406;0.13794079428616413;0.14886559874374802;0.15251781780949905
0.00523391972902017;0.018029170792892582;0.11554158963439345;0.13299874428253255;0.14353480782008482;0.14705715071202236
0.005077721869033856;0.017411405545001195;0.11149929210329522;0.12834771289056482;0.1385166226599423;0.1419162610946788
0.004935508749789426;0.01685237123109658;0.1076610229060693;0.12393366263660348;0.1337555606204326;0.13703927038116814
0.004782225958098378;0.016250952627012462;0.1039928612572348;0.1197080402281586;0.12919310278167181;0.1323641400823339
0.004649098676028725;0.01573262387077796;0.10043051164317268;0.11560985122124007;0.12477179988162618;0.1278348633678911
0.004509563629964064;0.015194015235187066;0.09697601138678003;0.11163293023568296;0.12047952053246606;0.1234371461053149
0.004383083684298399;0.01470663578600525;0.0935827158222218;0.10772901018550976;0.11626766567383283;0.11912238551870444
0.004238234823454749;0.014153951893239316;0.09026591946396789;0.1039072717398511;0.11214072096331389;0.11489333112999572
0.00411320283223888;0.013676923240263223;0.08696651082364337;0.1001101462312574;0.10804329846193456;0.11069553105722146
0.003977179828442025;0.013163530565837132;0.08367773370657906;0.09632292674395145;0.10395506591777347;0.10650663546634541
0.0038293022362934715;0.0126106911468527;0.0803775967788288;0.09251978363573601;0.0998478156496638;0.10229763145545119
0.0036952222379215225;0.012108726978001277;0.07705388553042859;0.08869214706740097;0.09571583240376308;0.09806386665214568
0.003543607720701364;0.011550257680214454;0.07366489057205132;0.08478751004333045;0.09149955616083463;0.09374333419893434
0.003400583436696778;0.011021926785401056;0.0701991503638097;0.0807954245169098;0.08718947803290701;0.08932689349036098
0.0032352831355353198;0.010425665724721145;0.06662054420850128;0.07667236732635709;0.08273737513937268;0.0847647120257098
0.0030773850860022303;0.00985199280282855;0.06287382726357653;0.07235608631271637;0.07807692593821783;0.07998913426990609
0.0028860826456874123;0.00916786847590387;0.058883190644367596;0.0677550553727798;0.07310660979151004;0.07489521401745447
0.002693121148200167;0.008484764491285875;0.05456695347881961;0.06278222777248094;0.06773697361264538;0.06939283160684313
0.002470120467847566;0.007708912812191666;0.049825724649272575;0.05731929207566965;0.06183782118429936;0.06334774037622665
0.0022139163743652808;0.006829074128669258;0.04447708075658832;0.05115610501586673;0.05518226036746617;0.05652744577053927
0.0018951515893994783;0.005757231108912731;0.03806787605720563;0.043771357557607686;0.047207879113248606;0.048355800410154796
0.0014648550581829556;0.00434972718987932;0.029595147552777968;0.03401272011211357;0.036672458304874596;0.03756057683741399
0.0007243973239991726;0.0020640407726170884;0.014946303492405248;0.01716257129649083;0.01849520059918405;0.018939891313124554
#
0.009501442513191915;0.0361421762312018;0.22801377138236914;0.2622451993816328;0.28287902963930933;0.28977285077180553
0.00828074451189263;0.03075126796848447;0.19252140539592466;0.22155533998758647;0.23907197431848254;0.24492693949615493
0.0077224388569047476;0.028339862794202243;0.17699728023028355;0.20372984518354786;0.21986278447507915;0.22525603579694356
0.007334845747523889;0.02668351877868677;0.1661830936568702;0.19130776394619975;0.20647338148643127;0.21154375910753453
0.007015944273725534;0.025335904925534933;0.1576876616579357;0.1815425917732163;0.1959435230539593;0.20075852970671576
0.0067597208842777754;0.024257607891767723;0.15051763290969336;0.1733024316196434;0.1870590709684651;0.19165894333764968
0.006518661995525836;0.023256389115817195;0.144266454544527;0.16611262443692873;0.17930346466778785;0.18371429897534663
0.006303790301816145;0.022367386593798545;0.13866399267201154;0.15966815681977073;0.17235134764011442;0.1765925566261477
0.006107110751947432;0.021559354009820637;0.13353457226530877;0.15376729383598325;0.16598531438219072;0.17007108144313898
0.005927140299543003;0.020826161712968288;0.12874747171487727;0.1482614064441802;0.1600461479959013;0.16398715316659168
0.005747821515714186;0.020098307089881848;0.12424498715547079;0.14307859870201584;0.15445273404081275;0.15825646749422595
0.005578305077466444;0.01941614116900568;0.11997382373118434;0.13816281294469634;0.14914797848503542;0.15282168836026586
0.005409350911059738;0.01873679597384294;0.11588087544255592;0.13344822672800166;0.14405782407125856;0.1476059127571082
0.005251030410344226;0.018105321770183497;0.11191581588220689;0.12888291028779617;0.1391300892476139;0.14255699360474092
0.005094340939167556;0.017484544669215348;0.10806554783958748;0.12444888096484354;0.13434349622242897;0.1376524939639663
0.004948943409478951;0.016912110012646666;0.10428563693479048;0.12009903170954433;0.12964980672003723;0.13284387736268585
0.004780332584726379;0.016253218222244115;0.10058825192445488;0.11583534771916529;0.12504342562143503;0.12812277679972173
0.004640027184964191;0.015705089614902506;0.09691123893769683;0.11160297224122573;0.12047589115028318;0.1234431983091351
0.004484529030146355;0.015102431033833845;0.09324628478703974;0.10737970979783987;0.11591512304369779;0.11876950736187919
0.004314304096422174;0.014453496756751198;0.08956535034117837;0.10313588883302227;0.11133077508980678;0.11407118378217296
0.004160129011505462;0.013862590734616195;0.08586105187575828;0.09886762972327955;0.10672163376082416;0.10934799658390058
0.003989415070353362;0.01321857679386823;0.0820818796145318;0.09451129960626932;0.10201623155852357;0.10452577329734666
0.003825369006840131;0.0126001657191565;0.07821753159238097;0.0900582951445337;0.0972073786658116;0.09959786101614881
0.0036384292337075432;0.011909428439581073;0.07422767910562761;0.08545864086827712;0.09223885352776166;0.09450587973941142
0.0034547438764568;0.011228285063629521;0.07005123458751701;0.08064412004987709;0.08703838730372267;0.0891762475158655
0.003240914278926975;0.010446925934672117;0.06559773316597693;0.07550738492632501;0.08148805919821728;0.08348744531941323
0.0030202141805897777;0.009649903038832595;0.060785143713861914;0.06995975584538552;0.07549586237336373;0.07734646754703858
0.0027703665255824593;0.008762865222818023;0.05549730600632214;0.063864505314025;0.06891229641791138;0.07059948400614963
0.002477123272800878;0.007736500551979725;0.04953328555340692;0.05698812442351532;0.061483928122946875;0.0629863567284008
0.0021196339826035932;0.006513024866846667;0.042385328597556594;0.04874871523562894;0.052584417641904226;0.05386593925215814
0.0016343003910191704;0.004900608958893806;0.03293966997805247;0.0378645175565093;0.04083064717439927;0.04182123422738628
0.0008061470959960611;0.002313732395057493;0.016624231262911595;0.019091951921602148;0.02057609092151483;0.02107139175468026
